"Name","dataset","algorithm","loss_feedback","test accuracy","Runtime","State","learning_rate","learning_rate_backward","train accuracy","seed","activation_function","epochs_backward","stepsize"
"MNIST_BP","MNIST","BP","DTP","0.9834","212","finished","0.1","0.001","1","2","tanh","5","0.04"
"MNIST_BP","MNIST","BP","DTP","0.9823","263","finished","0.1","0.001","1","4","tanh","5","0.04"
"MNIST_BP","MNIST","BP","DTP","0.982","291","finished","0.1","0.001","1","1","tanh","5","0.04"
"MNIST_BP","MNIST","BP","DTP","0.982","172","finished","0.1","0.001","1","3","tanh","5","0.04"
"MNIST_BP","MNIST","BP","DTP","0.9817","257","finished","0.1","0.001","1","5","tanh","5","0.04"
"MNIST_DTP_linear_DTP","MNIST","DTP","DTP","0.974","4338","finished","4","0.002","0.9999666666666668","5","","5","0.04"
"MNIST_DTP_linear_DTP","MNIST","DTP","DTP","0.9734","3449","finished","4","0.002","0.9999833333333332","3","","5","0.04"
"MNIST_DTP-BN_linear_DTP","MNIST","DTP-BN","DTP","0.973","9184","finished","4","0.002","0.9999666666666668","4","","5","0.04"
"MNIST_DTP_linear_DTP","MNIST","DTP","DTP","0.9728","2748","finished","4","0.002","0.9999833333333332","2","","5","0.04"
"MNIST_FWDTP-BN_linear-BN","MNIST","FWDTP-BN","DTP","0.9728","5446","finished","0.1","0.001","0.99555","2","","5","0.04"
"MNIST_DTP_linear_DTP","MNIST","DTP","DTP","0.9728","4059","finished","4","0.002","0.9999666666666668","4","","5","0.04"
"MNIST_FWDTP-BN_linear-BN","MNIST","FWDTP-BN","DTP","0.9727","7131","finished","0.1","0.001","0.9954333333333332","4","","5","0.04"
"MNIST_FWDTP-BN_linear-BN","MNIST","FWDTP-BN","DTP","0.9727","5449","finished","0.1","0.001","0.9956166666666668","3","","5","0.04"
"MNIST_FWDTP-BN_linear-BN","MNIST","FWDTP-BN","DTP","0.9725","5327","finished","0.1","0.001","0.9958333333333332","1","","5","0.04"
"MNIST_BP","MNIST","BP","DTP","0.9725","35","finished","0.1","0.001","0.9898666666666668","1","tanh","5","0.001"
"MNIST_BP","MNIST","BP","DTP","0.9725","35","finished","0.1","0.001","0.9898666666666668","1","tanh","5","0.001"
"MNIST_DTP_linear_DTP","MNIST","DTP","DTP","0.9724","1627","finished","4","0.002","1","1","","5","0.04"
"MNIST_DTP-BN_linear_DTP","MNIST","DTP-BN","DTP","0.9718","7388","finished","4","0.002","0.9999333333333332","2","","5","0.04"
"MNIST_DTP-BN_linear_DTP","MNIST","DTP-BN","DTP","0.9712","7149","finished","4","0.002","0.9998833333333332","3","","5","0.04"
"MNIST_DTP-BN_linear_DTP","MNIST","DTP-BN","DTP","0.9705","5304","finished","4","0.002","0.9999166666666668","1","","5","0.04"
"MNIST_FWDTP-BN_linear-BN","MNIST","FWDTP-BN","DTP","0.9695","8588","finished","0.1","0.001","0.9953166666666666","5","","5","0.04"
"MNIST_DTP-BN_linear_DTP","MNIST","DTP-BN","DTP","0.969","9951","finished","4","0.002","0.9999333333333332","5","","5","0.04"
"MNIST_DTP_linear_L-DRL","MNIST","DTP","L-DRL","0.9577","5416","finished","4","0.02","0.9726","1","","5","0.04"
"MNIST_DTP_linear_DRL","MNIST","DTP","DRL","0.9478","5600","finished","4","0.0001","0.9544333333333334","1","","5","0.08"
"MNIST_DTP_linear_DRL","MNIST","DTP","DRL","0.9466","4944","finished","4","0.0002","0.95315","1","","5","0.08"
"MNIST_DTP_linear_DRL","MNIST","DTP","DRL","0.9432","4446","finished","4","0.0004","0.95035","1","","5","0.08"
"MNIST_DTP_linear_DRL","MNIST","DTP","DRL","0.9389","4402","finished","4","0.0008","0.9455666666666668","1","","5","0.08"
"MNIST_DTP_linear_L-DRL","MNIST","DTP","L-DRL","0.9388","5959","finished","4","0.0002","0.9399333333333332","5","","5","0.04"
"MNIST_DTP_linear_DRL","MNIST","DTP","DRL","0.9377","4497","finished","4","0.001","0.9441","1","","5","0.08"
"MNIST_DTP_linear_L-DRL","MNIST","DTP","L-DRL","0.9348","3301","finished","4","0.0002","0.9377333333333332","2","","5","0.04"
"MNIST_DTP_linear_DRL","MNIST","DTP","DRL","0.9341","5592","finished","4","0.0001","0.9384166666666668","1","","5","0.04"
"MNIST_DTP_linear_DRL","MNIST","DTP","DRL","0.9336","4892","finished","4","0.0002","0.9377333333333332","1","","5","0.04"
"MNIST_DTP_linear_L-DRL","MNIST","DTP","L-DRL","0.9336","4587","finished","4","0.0002","0.9375666666666668","5","","5","0.04"
"MNIST_DTP_linear_DRL","MNIST","DTP","DRL","0.9332","6644","finished","4","0.0002","0.9371","5","","5","0.04"
"MNIST_DTP_linear_L-DRL","MNIST","DTP","L-DRL","0.933","4634","finished","4","0.0002","0.9393666666666668","3","","5","0.04"
"MNIST_DTP_linear_DRL","MNIST","DTP","DRL","0.933","4420","finished","4","0.0004","0.9366","1","","5","0.04"
"MNIST_DTP_linear_DRL","MNIST","DTP","DRL","0.9323","3636","finished","4","0.0002","0.93505","2","","5","0.04"
"MNIST_DTP_linear_DRL","MNIST","DTP","DRL","0.9321","5036","finished","4","0.0002","0.9356333333333332","3","","5","0.04"
"MNIST_DTP_linear_DRL","MNIST","DTP","DRL","0.9315","4441","finished","4","0.0008","0.93535","1","","5","0.04"
"MNIST_DTP_linear_DRL","MNIST","DTP","DRL","0.9313","6346","finished","4","0.0002","0.9362333333333334","4","","5","0.04"
"MNIST_DTP_linear_L-DRL","MNIST","DTP","L-DRL","0.9309","4238","finished","4","0.0002","0.93905","4","","5","0.04"
"MNIST_DTP_linear_DRL","MNIST","DTP","DRL","0.9302","4488","finished","4","0.001","0.93465","1","","5","0.04"
"MNIST_DTP_linear_DRL","MNIST","DTP","DRL","0.9287","4901","finished","4","0.0002","0.9306333333333332","1","","5","0.02"
"MNIST_DTP_linear_DRL","MNIST","DTP","DRL","0.9287","4408","finished","4","0.0004","0.93055","1","","5","0.02"
"MNIST_DTP_linear_DRL","MNIST","DTP","DRL","0.9287","5495","finished","4","0.0001","0.9307666666666666","1","","5","0.02"
"MNIST_DTP_linear_DRL","MNIST","DTP","DRL","0.9283","4481","finished","4","0.001","0.9301666666666668","1","","5","0.02"
"MNIST_DTP_linear_DRL","MNIST","DTP","DRL","0.9282","4446","finished","4","0.0008","0.9303333333333332","1","","5","0.02"
"MNIST_DTP_linear_L-DRL","MNIST","DTP","L-DRL","0.9281","7342","finished","4","0.0002","0.9398833333333332","1","","10","0.04"
"MNIST_DTP_linear_DRL","MNIST","DTP","DRL","0.9276","5496","finished","0.8","0.0001","0.9294166666666668","1","","5","0.08"
"MNIST_DTP_linear_DRL","MNIST","DTP","DRL","0.9276","4876","finished","0.8","0.0002","0.9293","1","","5","0.08"
"MNIST_DTP_linear_DRL","MNIST","DTP","DRL","0.9273","4438","finished","0.8","0.0004","0.9292333333333334","1","","5","0.08"
"MNIST_DTP_linear_DRL","MNIST","DTP","DRL","0.9269","4985","finished","4","0.002","0.9366666666666666","1","","5","0.08"
"MNIST_DTP_linear_DRL","MNIST","DTP","DRL","0.9269","4416","finished","0.8","0.0008","0.9288833333333332","1","","5","0.08"
"MNIST_DTP_linear_DRL","MNIST","DTP","DRL","0.9268","5196","finished","4","0.002","0.9311166666666668","1","","5","0.04"
"MNIST_DTP_linear_L-DRL","MNIST","DTP","L-DRL","0.9267","5735","finished","4","0.0002","0.93895","1","","5","0.04"
"MNIST_DTP_linear_DRL","MNIST","DTP","DRL","0.9266","5382","finished","0.8","0.001","0.9288333333333332","1","","5","0.08"
"MNIST_DTP_linear_DRL","MNIST","DTP","DRL","0.9253","3674","finished","4","0.01","0.9302166666666668","1","","5","0.04"
"MNIST_DTP_linear_DRL","MNIST","DTP","DRL","0.9251","3734","finished","4","0.01","0.9274","1","","5","0.02"
"MNIST_DTP_linear_DRL","MNIST","DTP","DRL","0.9249","3602","finished","0.8","0.01","0.9263333333333332","1","","5","0.08"
"MNIST_DTP_linear_DRL","MNIST","DTP","DRL","0.9248","5291","finished","4","0.004","0.9278833333333332","1","","5","0.02"
"MNIST_DTP_linear_DRL","MNIST","DTP","DRL","0.9247","5001","finished","4","0.002","0.9283833333333332","1","","5","0.02"
"MNIST_DTP_linear_DRL","MNIST","DTP","DRL","0.9244","6269","finished","4","0.0002","0.9365666666666668","1","","5","0.04"
"MNIST_DTP_linear_DRL","MNIST","DTP","DRL","0.9244","5359","finished","0.8","0.004","0.92655","1","","5","0.08"
"MNIST_DTP_linear_DRL","MNIST","DTP","DRL","0.9243","5131","finished","0.8","0.002","0.9267166666666666","1","","5","0.08"
"MNIST_DTP_linear_DRL","MNIST","DTP","DRL","0.9242","5063","finished","4","0.002","0.9314833333333332","1","","5","0.04"
"MNIST_DTP_linear_DRL","MNIST","DTP","DRL","0.9242","5391","finished","4","0.004","0.9332666666666668","1","","5","0.08"
"MNIST_DTP_linear_DRL","MNIST","DTP","DRL","0.9241","5364","finished","4","0.004","0.9305666666666668","1","","5","0.04"
"MNIST_DTP_linear_L-DRL","MNIST","DTP","L-DRL","0.924","5542","finished","2","0.002","0.9347333333333332","1","","5","0.04"
"MNIST_DTP_linear_DRL","MNIST","DTP","DRL","0.9237","5285","finished","4","0.0002","0.9293166666666668","2","","5","0.02"
"MNIST_DTP_linear_DRL","MNIST","DTP","DRL","0.9237","5652","finished","4","0.1","0.9271333333333334","2","","5","0.02"
"MNIST_DTP_linear_DRL","MNIST","DTP","DRL","0.9237","3640","finished","4","0.01","0.9315666666666668","1","","5","0.08"
"MNIST_DTP_linear_DRL","MNIST","DTP","DRL","0.9235","4851","finished","4","0.0002","0.9251666666666668","1","","5","0.01"
"MNIST_DTP_linear_DRL","MNIST","DTP","DRL","0.9235","4434","finished","4","0.0008","0.9251","1","","5","0.01"
"MNIST_DTP_linear_DRL","MNIST","DTP","DRL","0.9235","5594","finished","4","0.0001","0.9251666666666668","1","","5","0.01"
"MNIST_DTP_linear_DRL","MNIST","DTP","DRL","0.9234","4455","finished","4","0.0004","0.9251333333333334","1","","5","0.01"
"MNIST_DTP_linear_DRL","MNIST","DTP","DRL","0.9233","5068","finished","4","0.001","0.92515","1","","5","0.01"
"MNIST_DTP_linear_DRL","MNIST","DTP","DRL","0.9233","5907","finished","4","0.2","0.9272333333333334","2","","5","0.02"
"MNIST_DTP_linear_DRL","MNIST","DTP","DRL","0.923","7889","finished","4","0.0002","0.9352666666666668","1","","10","0.04"
"MNIST_DTP_linear_DRL","MNIST","DTP","DRL","0.9221","4957","finished","4","0.002","0.9235166666666668","1","","5","0.01"
"MNIST_DTP_linear_DRL","MNIST","DTP","DRL","0.9218","3659","finished","4","0.01","0.9232333333333334","1","","5","0.01"
"MNIST_DTP_linear_DRL","MNIST","DTP","DRL","0.9217","5377","finished","4","0.004","0.9232833333333332","1","","5","0.01"
"MNIST_DTP_linear_DRL","MNIST","DTP","DRL","0.9209","4414","finished","0.8","0.0004","0.9232333333333334","1","","5","0.04"
"MNIST_DTP_linear_DRL","MNIST","DTP","DRL","0.9209","4936","finished","0.8","0.0002","0.9232833333333332","1","","5","0.04"
"MNIST_DTP_linear_DRL","MNIST","DTP","DRL","0.9209","4879","finished","0.4","0.0002","0.9232833333333332","1","","5","0.08"
"MNIST_DTP_linear_DRL","MNIST","DTP","DRL","0.9209","4451","finished","4","0.0002","0.9232833333333332","1","","5","0.008"
"MNIST_DTP_linear_DRL","MNIST","DTP","DRL","0.9209","4447","finished","0.4","0.0004","0.9232333333333334","1","","5","0.08"
"MNIST_DTP_linear_DRL","MNIST","DTP","DRL","0.9209","4415","finished","4","0.0004","0.9232333333333334","1","","5","0.008"
"MNIST_DTP_linear_DRL","MNIST","DTP","DRL","0.9208","4566","finished","4","0.0001","0.9233333333333332","1","","5","0.008"
"MNIST_DTP_linear_DRL","MNIST","DTP","DRL","0.9208","5220","finished","0.4","0.001","0.9231666666666668","1","","5","0.08"
"MNIST_DTP_linear_DRL","MNIST","DTP","DRL","0.9208","4448","finished","0.8","0.0008","0.9231666666666668","1","","5","0.04"
"MNIST_DTP_linear_DRL","MNIST","DTP","DRL","0.9208","4430","finished","0.4","0.0008","0.9231666666666668","1","","5","0.08"
"MNIST_DTP_linear_DRL","MNIST","DTP","DRL","0.9208","5331","finished","0.8","0.001","0.92315","1","","5","0.04"
"MNIST_DTP_linear_DRL","MNIST","DTP","DRL","0.9208","5514","finished","0.8","0.0001","0.92335","1","","5","0.04"
"MNIST_DTP_linear_DRL","MNIST","DTP","DRL","0.9208","5765","finished","0.4","0.0001","0.9233666666666668","1","","5","0.08"
"MNIST_DTP_linear_DRL","MNIST","DTP","DRL","0.9207","6359","finished","4","0.02","0.9299833333333334","1","","5","0.04"
"MNIST_DTP_linear_DRL","MNIST","DTP","DRL","0.9207","5053","finished","0.8","0.002","0.9221166666666668","1","","5","0.04"
"MNIST_DTP_linear_DRL","MNIST","DTP","DRL","0.9207","5035","finished","0.4","0.002","0.9221166666666668","1","","5","0.08"
"MNIST_DTP_linear_DRL","MNIST","DTP","DRL","0.9207","4796","finished","4","0.001","0.92035","1","","5","0.008"
"MNIST_DTP_linear_DRL","MNIST","DTP","DRL","0.9206","5330","finished","0.8","0.004","0.92205","1","","5","0.04"
"MNIST_DTP_linear_DRL","MNIST","DTP","DRL","0.9206","5304","finished","0.4","0.004","0.92205","1","","5","0.08"
"MNIST_DTP_linear_DRL","MNIST","DTP","DRL","0.9203","5732","finished","4","0.004","0.9199666666666668","1","","5","0.008"
"MNIST_DTP_linear_DRL","MNIST","DTP","DRL","0.9203","3689","finished","0.4","0.01","0.9216333333333332","1","","5","0.08"
"MNIST_DTP_linear_DRL","MNIST","DTP","DRL","0.9203","3591","finished","0.8","0.01","0.9216333333333332","1","","5","0.04"
"MNIST_DTP_linear_DRL","MNIST","DTP","DRL","0.9203","4843","finished","4","0.002","0.9201166666666668","1","","5","0.008"
"MNIST_DTP_linear_DRL","MNIST","DTP","DRL","0.9193","6187","finished","2","0.002","0.9280333333333334","1","","5","0.04"
"MNIST_DTP_linear_DRL","MNIST","DTP","DRL","0.9166","5490","finished","0.4","0.0001","0.9157166666666666","1","","5","0.04"
"MNIST_DTP_linear_DRL","MNIST","DTP","DRL","0.9166","5645","finished","0.2","0.0001","0.9157166666666666","1","","5","0.08"
"MNIST_DTP_linear_DRL","MNIST","DTP","DRL","0.9166","5839","finished","0.8","0.0001","0.9157166666666666","1","","5","0.02"
"MNIST_DTP_linear_DRL","MNIST","DTP","DRL","0.9165","4630","finished","4","0.0001","0.9157","1","","5","0.004"
"MNIST_DTP_linear_DRL","MNIST","DTP","DRL","0.9164","4403","finished","4","0.0002","0.9157166666666666","1","","5","0.004"
"MNIST_DTP_linear_DRL","MNIST","DTP","DRL","0.9164","4868","finished","0.4","0.0002","0.9157166666666666","1","","5","0.04"
"MNIST_DTP_linear_DRL","MNIST","DTP","DRL","0.9164","4922","finished","0.8","0.0002","0.9157166666666666","1","","5","0.02"
"MNIST_DTP_linear_DRL","MNIST","DTP","DRL","0.9164","4791","finished","0.2","0.0002","0.9157166666666666","1","","5","0.08"
"MNIST_DTP_linear_DRL","MNIST","DTP","DRL","0.9162","4427","finished","0.8","0.0004","0.9156166666666666","1","","5","0.02"
"MNIST_DTP_linear_DRL","MNIST","DTP","DRL","0.9162","4409","finished","0.4","0.0004","0.9156166666666666","1","","5","0.04"
"MNIST_DTP_linear_DRL","MNIST","DTP","DRL","0.9162","4383","finished","0.2","0.0004","0.9156166666666666","1","","5","0.08"
"MNIST_DTP_linear_DRL","MNIST","DTP","DRL","0.9162","4402","finished","4","0.0004","0.9156166666666666","1","","5","0.004"
"MNIST_DTP_linear_DRL","MNIST","DTP","DRL","0.916","4378","finished","0.2","0.0008","0.91545","1","","5","0.08"
"MNIST_DTP_linear_DRL","MNIST","DTP","DRL","0.916","4407","finished","0.8","0.0008","0.91545","1","","5","0.02"
"MNIST_DTP_linear_DRL","MNIST","DTP","DRL","0.916","4450","finished","0.4","0.0008","0.91545","1","","5","0.04"
"MNIST_DTP_linear_DRL","MNIST","DTP","DRL","0.9159","5294","finished","0.2","0.001","0.9154166666666668","1","","5","0.08"
"MNIST_DTP_linear_DRL","MNIST","DTP","DRL","0.9159","4975","finished","0.8","0.001","0.9154166666666668","1","","5","0.02"
"MNIST_DTP_linear_DRL","MNIST","DTP","DRL","0.9159","5114","finished","0.4","0.001","0.9154166666666668","1","","5","0.04"
"MNIST_DTP_linear_DRL","MNIST","DTP","DRL","0.9157","6014","finished","4","0.008","0.9204833333333332","1","","5","0.008"
"MNIST_DTP_linear_DRL","MNIST","DTP","DRL","0.9146","5024","finished","0.8","0.002","0.9161333333333334","1","","5","0.02"
"MNIST_DTP_linear_DRL","MNIST","DTP","DRL","0.9146","5018","finished","0.4","0.002","0.9161333333333334","1","","5","0.04"
"MNIST_DTP_linear_DRL","MNIST","DTP","DRL","0.9146","5096","finished","0.2","0.002","0.9161333333333334","1","","5","0.08"
"MNIST_DTP_linear_DRL","MNIST","DTP","DRL","0.9144","5358","finished","0.8","0.004","0.91595","1","","5","0.02"
"MNIST_DTP_linear_DRL","MNIST","DTP","DRL","0.9144","5245","finished","0.4","0.004","0.91595","1","","5","0.04"
"MNIST_DTP_linear_DRL","MNIST","DTP","DRL","0.9144","5420","finished","0.2","0.004","0.91595","1","","5","0.08"
"MNIST_DTP_linear_DRL","MNIST","DTP","DRL","0.9143","4855","finished","4","0.002","0.9137","1","","5","0.004"
"MNIST_DTP_linear_DRL","MNIST","DTP","DRL","0.9143","4763","finished","4","0.001","0.9138333333333334","1","","5","0.004"
"MNIST_DTP_linear_DRL","MNIST","DTP","DRL","0.914","3595","finished","0.4","0.01","0.9156666666666666","1","","5","0.04"
"MNIST_DTP_linear_DRL","MNIST","DTP","DRL","0.914","3685","finished","0.2","0.01","0.9156666666666666","1","","5","0.08"
"MNIST_DTP_linear_DRL","MNIST","DTP","DRL","0.914","3647","finished","0.8","0.01","0.9156666666666666","1","","5","0.02"
"MNIST_DTP_linear_DRL","MNIST","DTP","DRL","0.9139","5693","finished","4","0.004","0.9136666666666666","1","","5","0.004"
"MNIST_DTP_linear_DRL","MNIST","DTP","DRL","0.9126","5792","finished","4","0.008","0.9134333333333332","1","","5","0.004"
"MNIST_DTP_linear_DRL","MNIST","DTP","DRL","0.9102","4400","finished","0.2","0.0004","0.90715","1","","5","0.04"
"MNIST_DTP_linear_DRL","MNIST","DTP","DRL","0.9102","5144","finished","0.4","0.001","0.9070333333333334","1","","5","0.02"
"MNIST_DTP_linear_DRL","MNIST","DTP","DRL","0.9102","4428","finished","4","0.0004","0.9071666666666668","1","","5","0.002"
"MNIST_DTP_linear_DRL","MNIST","DTP","DRL","0.9102","4399","finished","0.1","0.0004","0.90715","1","","5","0.08"
"MNIST_DTP_linear_DRL","MNIST","DTP","DRL","0.9102","5459","finished","0.2","0.001","0.9070333333333334","1","","5","0.04"
"MNIST_DTP_linear_DRL","MNIST","DTP","DRL","0.9102","4425","finished","0.4","0.0004","0.90715","1","","5","0.02"
"MNIST_DTP_linear_DRL","MNIST","DTP","DRL","0.9102","5328","finished","0.1","0.001","0.9070333333333334","1","","5","0.08"
"MNIST_DTP_linear_DRL","MNIST","DTP","DRL","0.9102","5216","finished","0.8","0.001","0.9070333333333334","1","","5","0.01"
"MNIST_DTP_linear_DRL","MNIST","DTP","DRL","0.9102","4460","finished","0.8","0.0004","0.90715","1","","5","0.01"
"MNIST_DTP_linear_DRL","MNIST","DTP","DRL","0.9101","4433","finished","4","0.0002","0.9071666666666668","1","","5","0.002"
"MNIST_DTP_linear_DRL","MNIST","DTP","DRL","0.9101","5516","finished","0.1","0.0001","0.90715","1","","5","0.08"
"MNIST_DTP_linear_DRL","MNIST","DTP","DRL","0.9101","4849","finished","0.4","0.0002","0.9071666666666668","1","","5","0.02"
"MNIST_DTP_linear_DRL","MNIST","DTP","DRL","0.9101","4910","finished","0.8","0.0002","0.9071666666666668","1","","5","0.01"
"MNIST_DTP_linear_DRL","MNIST","DTP","DRL","0.9101","5451","finished","0.2","0.0001","0.90715","1","","5","0.04"
"MNIST_DTP_linear_DRL","MNIST","DTP","DRL","0.9101","5554","finished","0.4","0.0001","0.90715","1","","5","0.02"
"MNIST_DTP_linear_DRL","MNIST","DTP","DRL","0.9101","4686","finished","4","0.0001","0.90715","1","","5","0.002"
"MNIST_DTP_linear_DRL","MNIST","DTP","DRL","0.9101","4853","finished","0.2","0.0002","0.9071666666666668","1","","5","0.04"
"MNIST_DTP_linear_DRL","MNIST","DTP","DRL","0.9101","4822","finished","0.1","0.0002","0.9071666666666668","1","","5","0.08"
"MNIST_DTP_linear_DRL","MNIST","DTP","DRL","0.9101","5669","finished","0.8","0.0001","0.90715","1","","5","0.01"
"MNIST_DTP_linear_DRL","MNIST","DTP","DRL","0.91","4424","finished","0.2","0.0008","0.9070666666666668","1","","5","0.04"
"MNIST_DTP_linear_DRL","MNIST","DTP","DRL","0.91","4408","finished","0.1","0.0008","0.9070666666666668","1","","5","0.08"
"MNIST_DTP_linear_DRL","MNIST","DTP","DRL","0.91","4397","finished","0.4","0.0008","0.9070666666666668","1","","5","0.02"
"MNIST_DTP_linear_DRL","MNIST","DTP","DRL","0.91","4420","finished","0.8","0.0008","0.9070666666666668","1","","5","0.01"
"MNIST_DTP_linear_DRL","MNIST","DTP","DRL","0.9082","5349","finished","0.2","0.004","0.9067","1","","5","0.04"
"MNIST_DTP_linear_DRL","MNIST","DTP","DRL","0.9082","5299","finished","0.4","0.004","0.9067","1","","5","0.02"
"MNIST_DTP_linear_DRL","MNIST","DTP","DRL","0.9082","5398","finished","0.8","0.004","0.9067","1","","5","0.01"
"MNIST_DTP_linear_DRL","MNIST","DTP","DRL","0.9082","5382","finished","0.1","0.004","0.9067","1","","5","0.08"
"MNIST_DTP_linear_DRL","MNIST","DTP","DRL","0.908","4969","finished","0.1","0.002","0.9069166666666668","1","","5","0.08"
"MNIST_DTP_linear_DRL","MNIST","DTP","DRL","0.908","5085","finished","0.4","0.002","0.9069166666666668","1","","5","0.02"
"MNIST_DTP_linear_DRL","MNIST","DTP","DRL","0.908","5089","finished","0.8","0.002","0.9069333333333334","1","","5","0.01"
"MNIST_DTP_linear_DRL","MNIST","DTP","DRL","0.908","5018","finished","0.2","0.002","0.9069166666666668","1","","5","0.04"
"MNIST_DTP_linear_DRL","MNIST","DTP","DRL","0.9078","3575","finished","0.4","0.01","0.9065666666666666","1","","5","0.02"
"MNIST_DTP_linear_DRL","MNIST","DTP","DRL","0.9078","3737","finished","0.1","0.01","0.9065666666666666","1","","5","0.08"
"MNIST_DTP_linear_DRL","MNIST","DTP","DRL","0.9078","3764","finished","0.8","0.01","0.9065666666666666","1","","5","0.01"
"MNIST_DTP_linear_DRL","MNIST","DTP","DRL","0.9078","3782","finished","0.2","0.01","0.9065666666666666","1","","5","0.04"
"MNIST_DTP_linear_DRL","MNIST","DTP","DRL","0.9075","4789","finished","4","0.002","0.9044666666666666","1","","5","0.002"
"MNIST_DTP_linear_DRL","MNIST","DTP","DRL","0.9074","4790","finished","4","0.001","0.9044833333333332","1","","5","0.002"
"MNIST_DTP_linear_DRL","MNIST","DTP","DRL","0.9072","5774","finished","4","0.004","0.9042333333333332","1","","5","0.002"
"MNIST_DTP_linear_DRL","MNIST","DTP","DRL","0.907","4383","finished","0.8","0.0004","0.9041833333333332","1","","5","0.008"
"MNIST_DTP_linear_DRL","MNIST","DTP","DRL","0.907","4431","finished","0.8","0.0002","0.9042333333333332","1","","5","0.008"
"MNIST_DTP_linear_DRL","MNIST","DTP","DRL","0.907","5350","finished","0.8","0.0001","0.9042333333333332","1","","5","0.008"
"MNIST_DTP_linear_DRL","MNIST","DTP","DRL","0.9066","5882","finished","4","0.008","0.9038166666666668","1","","5","0.002"
"MNIST_DTP_linear_DRL","MNIST","DTP","DRL","0.9048","5717","finished","0.8","0.004","0.9014","1","","5","0.008"
"MNIST_DTP_linear_DRL","MNIST","DTP","DRL","0.9048","4915","finished","0.8","0.002","0.90155","1","","5","0.008"
"MNIST_DTP_linear_DRL","MNIST","DTP","DRL","0.9045","4763","finished","0.8","0.001","0.9015333333333332","1","","5","0.008"
"MNIST_DTP_linear_DRL","MNIST","DTP","DRL","0.9044","5886","finished","0.8","0.008","0.8999166666666667","1","","5","0.008"
"MNIST_DTP_linear_DRL","MNIST","DTP","DRL","0.901","5077","finished","0.2","0.002","0.89685","1","","5","0.02"
"MNIST_DTP_linear_DRL","MNIST","DTP","DRL","0.901","5084","finished","0.4","0.002","0.89685","1","","5","0.01"
"MNIST_DTP_linear_DRL","MNIST","DTP","DRL","0.901","4977","finished","0.1","0.002","0.89685","1","","5","0.04"
"MNIST_DTP_linear_DRL","MNIST","DTP","DRL","0.9009","5355","finished","0.4","0.004","0.8966833333333334","1","","5","0.01"
"MNIST_DTP_linear_DRL","MNIST","DTP","DRL","0.9009","5337","finished","0.2","0.004","0.8966833333333334","1","","5","0.02"
"MNIST_DTP_linear_DRL","MNIST","DTP","DRL","0.9009","5332","finished","0.1","0.004","0.8966833333333334","1","","5","0.04"
"MNIST_DTP_linear_DRL","MNIST","DTP","DRL","0.9005","3766","finished","0.1","0.01","0.8964833333333333","1","","5","0.04"
"MNIST_DTP_linear_DRL","MNIST","DTP","DRL","0.9005","3616","finished","0.4","0.01","0.8964833333333333","1","","5","0.01"
"MNIST_DTP_linear_DRL","MNIST","DTP","DRL","0.9005","3774","finished","0.2","0.01","0.8964833333333333","1","","5","0.02"
"MNIST_FWDTP_linear","MNIST","FWDTP","DTP","0.9","3881","finished","0.1","0.001","0.8967166666666667","4","","5","0.04"
"MNIST_DTP_linear_DRL","MNIST","DTP","DRL","0.8999","5227","finished","4","0.0001","0.8958","1","","5","0.001"
"MNIST_DTP_linear_DRL","MNIST","DTP","DRL","0.8999","4394","finished","0.4","0.0004","0.8958","1","","5","0.01"
"MNIST_DTP_linear_DRL","MNIST","DTP","DRL","0.8999","5321","finished","0.1","0.001","0.8957833333333334","1","","5","0.04"
"MNIST_DTP_linear_DRL","MNIST","DTP","DRL","0.8999","4362","finished","0.1","0.0004","0.8958","1","","5","0.04"
"MNIST_DTP_linear_DRL","MNIST","DTP","DRL","0.8999","4387","finished","4","0.0004","0.8958","1","","5","0.001"
"MNIST_DTP_linear_DRL","MNIST","DTP","DRL","0.8999","4830","finished","0.4","0.0002","0.8957833333333334","1","","5","0.01"
"MNIST_DTP_linear_DRL","MNIST","DTP","DRL","0.8999","5195","finished","0.2","0.001","0.8957833333333334","1","","5","0.02"
"MNIST_DTP_linear_DRL","MNIST","DTP","DRL","0.8999","4813","finished","0.2","0.0002","0.8957833333333334","1","","5","0.02"
"MNIST_DTP_linear_DRL","MNIST","DTP","DRL","0.8999","4487","finished","0.2","0.0004","0.8958","1","","5","0.02"
"MNIST_DTP_linear_DRL","MNIST","DTP","DRL","0.8999","4887","finished","0.1","0.0002","0.8957833333333334","1","","5","0.04"
"MNIST_DTP_linear_DRL","MNIST","DTP","DRL","0.8999","4425","finished","4","0.0002","0.8957833333333334","1","","5","0.001"
"MNIST_DTP_linear_DRL","MNIST","DTP","DRL","0.8999","5406","finished","0.4","0.001","0.8957833333333334","1","","5","0.01"
"MNIST_DTP_linear_DRL","MNIST","DTP","DRL","0.8999","4422","finished","0.4","0.0008","0.8958","1","","5","0.01"
"MNIST_DTP_linear_DRL","MNIST","DTP","DRL","0.8999","4400","finished","0.1","0.0008","0.8958","1","","5","0.04"
"MNIST_DTP_linear_DRL","MNIST","DTP","DRL","0.8999","4426","finished","0.2","0.0008","0.8958","1","","5","0.02"
"MNIST_DTP_linear_DRL","MNIST","DTP","DRL","0.8998","5456","finished","0.4","0.0001","0.8958","1","","5","0.01"
"MNIST_DTP_linear_DRL","MNIST","DTP","DRL","0.8998","5483","finished","0.1","0.0001","0.8957833333333334","1","","5","0.04"
"MNIST_DTP_linear_DRL","MNIST","DTP","DRL","0.8998","5536","finished","0.2","0.0001","0.8958","1","","5","0.02"
"MNIST_DTP_linear_DRL","MNIST","DTP","DRL","0.8993","4765","finished","4","0.001","0.89385","1","","5","0.001"
"MNIST_DTP_linear_DRL","MNIST","DTP","DRL","0.8992","4863","finished","4","0.002","0.8938333333333334","1","","5","0.001"
"MNIST_DTP_linear_DRL","MNIST","DTP","DRL","0.8991","5757","finished","4","0.004","0.8936833333333334","1","","5","0.001"
"MNIST_FWDTP_linear","MNIST","FWDTP","DTP","0.8991","2782","finished","0.1","0.001","0.8919333333333334","3","","5","0.04"
"MNIST_FWDTP_linear","MNIST","FWDTP","DTP","0.8978","3965","finished","0.1","0.001","0.8936666666666667","5","","5","0.04"
"MNIST_FWDTP_linear","MNIST","FWDTP","DTP","0.8976","3102","finished","0.1","0.001","0.8930166666666667","1","","5","0.04"
"MNIST_FWDTP_linear","MNIST","FWDTP","DTP","0.8973","2559","finished","0.1","0.001","0.8916","2","","5","0.04"
"FashionMNIST_BP","FashionMNIST","BP","DTP","0.8973","218","finished","0.05","0.001","0.99865","2","tanh","5","0.04"
"MNIST_DTP_linear_DRL","MNIST","DTP","DRL","0.8973","5906","finished","4","0.008","0.8927666666666667","1","","5","0.001"
"FashionMNIST_BP","FashionMNIST","BP","DTP","0.897","260","finished","0.1","0.001","0.9999","4","tanh","5","0.04"
"FashionMNIST_BP","FashionMNIST","BP","DTP","0.8966","261","finished","0.2","0.001","0.99675","4","tanh","5","0.04"
"FashionMNIST_BP","FashionMNIST","BP","DTP","0.896","201","finished","0.1","0.001","0.9986833333333334","2","tanh","5","0.04"
"MNIST_DTP_linear_DRL","MNIST","DTP","DRL","0.8956","4379","finished","0.4","0.0002","0.8919333333333334","1","","5","0.008"
"MNIST_DTP_linear_DRL","MNIST","DTP","DRL","0.8956","4376","finished","0.8","0.0002","0.8919333333333334","1","","5","0.004"
"MNIST_DTP_linear_DRL","MNIST","DTP","DRL","0.8956","4862","finished","0.4","0.0001","0.89195","1","","5","0.008"
"MNIST_DTP_linear_DRL","MNIST","DTP","DRL","0.8956","4366","finished","0.8","0.0004","0.8919166666666667","1","","5","0.004"
"MNIST_DTP_linear_DRL","MNIST","DTP","DRL","0.8956","4442","finished","0.4","0.0004","0.8919166666666667","1","","5","0.008"
"MNIST_DTP_linear_DRL","MNIST","DTP","DRL","0.8956","5177","finished","0.8","0.0001","0.89195","1","","5","0.004"
"FashionMNIST_BP","FashionMNIST","BP","DTP","0.8953","172","finished","0.1","0.001","0.9996333333333334","5","tanh","5","0.04"
"MNIST_DTP_linear_DRL","MNIST","DTP","DRL","0.8951","4839","finished","0.8","0.002","0.8901833333333333","1","","5","0.004"
"MNIST_DTP_linear_DRL","MNIST","DTP","DRL","0.8951","4802","finished","0.4","0.002","0.8901833333333333","1","","5","0.008"
"MNIST_DTP_linear_DRL","MNIST","DTP","DRL","0.895","4869","finished","0.4","0.001","0.8902","1","","5","0.008"
"MNIST_DTP_linear_DRL","MNIST","DTP","DRL","0.895","4783","finished","0.8","0.001","0.8902","1","","5","0.004"
"FashionMNIST_BP","FashionMNIST","BP","DTP","0.8949","205","finished","0.05","0.001","0.99895","3","tanh","5","0.04"
"MNIST_DTP_linear_DRL","MNIST","DTP","DRL","0.8948","5722","finished","0.8","0.004","0.8901166666666667","1","","5","0.004"
"MNIST_DTP_linear_DRL","MNIST","DTP","DRL","0.8948","5732","finished","0.4","0.004","0.8901166666666667","1","","5","0.008"
"MNIST_DTP_linear_DRL","MNIST","DTP","DRL","0.894","5992","finished","0.4","0.008","0.8889","1","","5","0.008"
"MNIST_DTP_linear_DRL","MNIST","DTP","DRL","0.894","5867","finished","0.8","0.008","0.8888666666666667","1","","5","0.004"
"FashionMNIST_BP","FashionMNIST","BP","DTP","0.8938","185","finished","0.1","0.001","0.9875833333333334","3","tanh","5","0.04"
"FashionMNIST_BP","FashionMNIST","BP","DTP","0.8933","271","finished","0.05","0.001","0.9982666666666666","4","tanh","5","0.04"
"FashionMNIST_BP","FashionMNIST","BP","DTP","0.8933","191","finished","0.05","0.001","0.9981833333333332","1","tanh","5","0.04"
"MNIST_DTP_linear_DRL","MNIST","DTP","DRL","0.8904","4995","finished","0.1","0.002","0.8831666666666667","1","","5","0.02"
"MNIST_DTP_linear_DRL","MNIST","DTP","DRL","0.8904","5012","finished","0.2","0.002","0.8831666666666667","1","","5","0.01"
"MNIST_DTP_linear_DRL","MNIST","DTP","DRL","0.8898","3768","finished","0.1","0.01","0.88295","1","","5","0.02"
"MNIST_DTP_linear_DRL","MNIST","DTP","DRL","0.8898","5342","finished","0.1","0.004","0.88315","1","","5","0.02"
"MNIST_DTP_linear_DRL","MNIST","DTP","DRL","0.8898","3755","finished","0.2","0.01","0.88295","1","","5","0.01"
"MNIST_DTP_linear_DRL","MNIST","DTP","DRL","0.8898","5399","finished","0.2","0.004","0.88315","1","","5","0.01"
"MNIST_DTP_linear_DRL","MNIST","DTP","DRL","0.8883","5547","finished","0.1","0.0001","0.8832666666666666","1","","5","0.02"
"MNIST_DTP_linear_DRL","MNIST","DTP","DRL","0.8883","5432","finished","0.2","0.0001","0.8832666666666666","1","","5","0.01"
"MNIST_DTP_linear_DRL","MNIST","DTP","DRL","0.8883","4815","finished","0.1","0.0002","0.8832666666666666","1","","5","0.02"
"MNIST_DTP_linear_DRL","MNIST","DTP","DRL","0.8883","4862","finished","0.2","0.0002","0.8832666666666666","1","","5","0.01"
"MNIST_DTP_linear_DRL","MNIST","DTP","DRL","0.8882","4414","finished","0.1","0.0004","0.8832833333333333","1","","5","0.02"
"MNIST_DTP_linear_DRL","MNIST","DTP","DRL","0.8882","4393","finished","0.2","0.0008","0.8832333333333333","1","","5","0.01"
"MNIST_DTP_linear_DRL","MNIST","DTP","DRL","0.8882","5117","finished","0.1","0.001","0.8832","1","","5","0.02"
"MNIST_DTP_linear_DRL","MNIST","DTP","DRL","0.8882","4439","finished","0.2","0.0004","0.8832666666666666","1","","5","0.01"
"MNIST_DTP_linear_DRL","MNIST","DTP","DRL","0.8882","4437","finished","0.1","0.0008","0.8832333333333333","1","","5","0.02"
"MNIST_DTP_linear_DRL","MNIST","DTP","DRL","0.8882","5233","finished","0.2","0.001","0.8832","1","","5","0.01"
"FashionMNIST_DTP_linear_DTP","FashionMNIST","DTP","DTP","0.8874","4049","finished","1","0.002","0.9622166666666668","4","","5","0.04"
"FashionMNIST_FWDTP-BN_linear-BN","FashionMNIST","FWDTP-BN","DTP","0.8854","4696","finished","1","0.001","0.9616666666666668","1","","5","0.004"
"FashionMNIST_DTP_linear_DTP","FashionMNIST","DTP","DTP","0.8844","2723","finished","1","0.002","0.9609","2","","5","0.04"
"FashionMNIST_FWDTP-BN_linear-BN","FashionMNIST","FWDTP-BN","DTP","0.8839","4464","finished","1","0.001","0.9665833333333332","3","","5","0.004"
"FashionMNIST_FWDTP-BN_linear-BN","FashionMNIST","FWDTP-BN","DTP","0.8838","6325","finished","1","0.001","0.9640333333333332","4","","5","0.004"
"MNIST_DTP_linear_DRL","MNIST","DTP","DRL","0.8836","5102","finished","0.4","0.0001","0.8788333333333334","1","","5","0.004"
"MNIST_DTP_linear_DRL","MNIST","DTP","DRL","0.8836","4451","finished","0.8","0.0002","0.8788","1","","5","0.002"
"MNIST_DTP_linear_DRL","MNIST","DTP","DRL","0.8836","4446","finished","0.4","0.0002","0.8788","1","","5","0.004"
"MNIST_DTP_linear_DRL","MNIST","DTP","DRL","0.8836","5315","finished","0.8","0.0001","0.8788333333333334","1","","5","0.002"
"MNIST_DTP_linear_DRL","MNIST","DTP","DRL","0.8836","4394","finished","0.2","0.0002","0.8788","1","","5","0.008"
"MNIST_DTP_linear_DRL","MNIST","DTP","DRL","0.8836","5161","finished","0.2","0.0001","0.8788333333333334","1","","5","0.008"
"MNIST_DTP_linear_DRL","MNIST","DTP","DRL","0.8836","4417","finished","0.2","0.0004","0.8788","1","","5","0.008"
"MNIST_DTP_linear_DRL","MNIST","DTP","DRL","0.8836","4443","finished","0.8","0.0004","0.8788166666666667","1","","5","0.002"
"MNIST_DTP_linear_DRL","MNIST","DTP","DRL","0.8836","4429","finished","0.4","0.0004","0.8788","1","","5","0.004"
"MNIST_DTP_linear_DRL","MNIST","DTP","DRL","0.8816","5919","finished","0.2","0.008","0.8753833333333333","1","","5","0.008"
"MNIST_DTP_linear_DRL","MNIST","DTP","DRL","0.8816","5890","finished","0.4","0.008","0.8753833333333333","1","","5","0.004"
"FashionMNIST_DTP_linear_DTP","FashionMNIST","DTP","DTP","0.8816","2981","finished","1","0.002","0.9582333333333334","1","","5","0.04"
"MNIST_DTP_linear_DRL","MNIST","DTP","DRL","0.8816","5957","finished","0.8","0.008","0.8753833333333333","1","","5","0.002"
"MNIST_DTP_linear_DRL","MNIST","DTP","DRL","0.8815","4765","finished","0.4","0.002","0.87685","1","","5","0.004"
"MNIST_DTP_linear_DRL","MNIST","DTP","DRL","0.8815","4719","finished","0.4","0.001","0.8768833333333333","1","","5","0.004"
"MNIST_DTP_linear_DRL","MNIST","DTP","DRL","0.8815","4830","finished","0.2","0.002","0.87685","1","","5","0.008"
"MNIST_DTP_linear_DRL","MNIST","DTP","DRL","0.8815","4765","finished","0.8","0.001","0.8768833333333333","1","","5","0.002"
"MNIST_DTP_linear_DRL","MNIST","DTP","DRL","0.8815","4740","finished","0.8","0.002","0.87685","1","","5","0.002"
"MNIST_DTP_linear_DRL","MNIST","DTP","DRL","0.8815","4757","finished","0.2","0.001","0.8768833333333333","1","","5","0.008"
"FashionMNIST_FWDTP-BN_linear-BN","FashionMNIST","FWDTP-BN","DTP","0.8812","4532","finished","1","0.001","0.96535","2","","5","0.004"
"MNIST_DTP_linear_DRL","MNIST","DTP","DRL","0.8811","5703","finished","0.8","0.004","0.8767333333333334","1","","5","0.002"
"MNIST_DTP_linear_DRL","MNIST","DTP","DRL","0.8811","5754","finished","0.4","0.004","0.8767333333333334","1","","5","0.004"
"MNIST_DTP_linear_DRL","MNIST","DTP","DRL","0.8811","5492","finished","0.2","0.004","0.8767333333333334","1","","5","0.008"
"FashionMNIST_DTP_linear_DTP","FashionMNIST","DTP","DTP","0.8803","2413","finished","1","0.002","0.9587666666666668","5","","5","0.04"
"FashionMNIST_DTP_linear_DTP","FashionMNIST","DTP","DTP","0.8799","2755","finished","1","0.002","0.96485","3","","5","0.04"
"FashionMNIST_BP","FashionMNIST","BP","DTP","0.8798","178","finished","0.1","0.001","0.9731666666666666","1","tanh","5","0.04"
"FashionMNIST_FWDTP-BN_linear-BN","FashionMNIST","FWDTP-BN","DTP","0.8796","3651","finished","1","0.001","0.9625666666666668","5","","5","0.004"
"FashionMNIST_BP","FashionMNIST","BP","DTP","0.8794","177","finished","0.05","0.001","0.8844166666666666","5","tanh","5","0.04"
"MNIST_DTP_linear_DRL","MNIST","DTP","DRL","0.8762","5090","finished","0.1","0.002","0.8678","1","","5","0.01"
"MNIST_DTP_linear_DRL","MNIST","DTP","DRL","0.876","3748","finished","0.1","0.01","0.8675333333333334","1","","5","0.01"
"MNIST_DTP_linear_DRL","MNIST","DTP","DRL","0.876","5295","finished","0.1","0.004","0.8677","1","","5","0.01"
"MNIST_DTP_linear_DRL","MNIST","DTP","DRL","0.8731","5478","finished","0.1","0.0001","0.8674333333333333","1","","5","0.01"
"MNIST_DTP_linear_DRL","MNIST","DTP","DRL","0.8731","4357","finished","0.1","0.0004","0.8674333333333333","1","","5","0.01"
"MNIST_DTP_linear_DRL","MNIST","DTP","DRL","0.8731","4398","finished","0.1","0.0008","0.8674","1","","5","0.01"
"MNIST_DTP_linear_DRL","MNIST","DTP","DRL","0.8731","5148","finished","0.1","0.001","0.8674166666666666","1","","5","0.01"
"MNIST_DTP_linear_DRL","MNIST","DTP","DRL","0.8731","4823","finished","0.1","0.0002","0.8674333333333333","1","","5","0.01"
"MNIST_DTP_linear_DRL","MNIST","DTP","DRL","0.8668","5489","finished","0.1","0.004","0.8605","1","","5","0.008"
"MNIST_DTP_linear_DRL","MNIST","DTP","DRL","0.8668","5798","finished","0.8","0.004","0.8605","1","","5","0.001"
"MNIST_DTP_linear_DRL","MNIST","DTP","DRL","0.8668","4795","finished","0.4","0.002","0.8606166666666667","1","","5","0.002"
"MNIST_DTP_linear_DRL","MNIST","DTP","DRL","0.8668","4752","finished","0.2","0.001","0.8606833333333334","1","","5","0.004"
"MNIST_DTP_linear_DRL","MNIST","DTP","DRL","0.8668","4747","finished","0.8","0.001","0.8606833333333334","1","","5","0.001"
"MNIST_DTP_linear_DRL","MNIST","DTP","DRL","0.8668","4823","finished","0.1","0.002","0.8606166666666667","1","","5","0.008"
"MNIST_DTP_linear_DRL","MNIST","DTP","DRL","0.8668","4762","finished","0.8","0.002","0.8606166666666667","1","","5","0.001"
"MNIST_DTP_linear_DRL","MNIST","DTP","DRL","0.8668","4733","finished","0.4","0.001","0.8606833333333334","1","","5","0.002"
"MNIST_DTP_linear_DRL","MNIST","DTP","DRL","0.8668","4847","finished","0.2","0.002","0.8606166666666667","1","","5","0.004"
"MNIST_DTP_linear_DRL","MNIST","DTP","DRL","0.8668","5388","finished","0.2","0.004","0.8605","1","","5","0.004"
"MNIST_DTP_linear_DRL","MNIST","DTP","DRL","0.8668","4763","finished","0.1","0.001","0.8606833333333334","1","","5","0.008"
"MNIST_DTP_linear_DRL","MNIST","DTP","DRL","0.8668","5492","finished","0.4","0.004","0.8605","1","","5","0.002"
"MNIST_DTP_linear_DRL","MNIST","DTP","DRL","0.8666","4426","finished","0.8","0.0002","0.8622166666666666","1","","5","0.001"
"MNIST_DTP_linear_DRL","MNIST","DTP","DRL","0.8666","4387","finished","0.8","0.0004","0.8622166666666666","1","","5","0.001"
"MNIST_DTP_linear_DRL","MNIST","DTP","DRL","0.8666","4416","finished","0.4","0.0004","0.8622333333333333","1","","5","0.002"
"MNIST_DTP_linear_DRL","MNIST","DTP","DRL","0.8666","4396","finished","0.1","0.0002","0.8622166666666666","1","","5","0.008"
"MNIST_DTP_linear_DRL","MNIST","DTP","DRL","0.8666","4392","finished","0.1","0.0004","0.8622333333333333","1","","5","0.008"
"MNIST_DTP_linear_DRL","MNIST","DTP","DRL","0.8666","4411","finished","0.2","0.0002","0.8622166666666666","1","","5","0.004"
"MNIST_DTP_linear_DRL","MNIST","DTP","DRL","0.8666","5104","finished","0.2","0.0001","0.8622166666666666","1","","5","0.004"
"MNIST_DTP_linear_DRL","MNIST","DTP","DRL","0.8666","4997","finished","0.4","0.0001","0.8622166666666666","1","","5","0.002"
"MNIST_DTP_linear_DRL","MNIST","DTP","DRL","0.8666","4423","finished","0.4","0.0002","0.8622166666666666","1","","5","0.002"
"MNIST_DTP_linear_DRL","MNIST","DTP","DRL","0.8666","5485","finished","0.1","0.0001","0.8622166666666666","1","","5","0.008"
"MNIST_DTP_linear_DRL","MNIST","DTP","DRL","0.8666","4381","finished","0.2","0.0004","0.8622333333333333","1","","5","0.004"
"MNIST_DTP_linear_DRL","MNIST","DTP","DRL","0.8666","5147","finished","0.8","0.0001","0.8622166666666666","1","","5","0.001"
"MNIST_DTP_linear_DRL","MNIST","DTP","DRL","0.8643","5898","finished","0.4","0.008","0.8588166666666667","1","","5","0.002"
"MNIST_DTP_linear_DRL","MNIST","DTP","DRL","0.8643","6009","finished","0.2","0.008","0.8588166666666667","1","","5","0.004"
"MNIST_DTP_linear_DRL","MNIST","DTP","DRL","0.8643","5905","finished","0.8","0.008","0.8588166666666667","1","","5","0.001"
"MNIST_DTP_linear_DRL","MNIST","DTP","DRL","0.8643","5823","finished","0.1","0.008","0.8588166666666667","1","","5","0.008"
"MNIST_DTP_linear_DRL","MNIST","DTP","DRL","0.848","4855","finished","0.4","0.002","0.8406166666666667","1","","5","0.001"
"MNIST_DTP_linear_DRL","MNIST","DTP","DRL","0.848","4828","finished","0.2","0.002","0.8406166666666667","1","","5","0.002"
"MNIST_DTP_linear_DRL","MNIST","DTP","DRL","0.848","4820","finished","0.1","0.002","0.8406166666666667","1","","5","0.004"
"MNIST_DTP_linear_DRL","MNIST","DTP","DRL","0.8479","5379","finished","0.1","0.004","0.8406666666666667","1","","5","0.004"
"MNIST_DTP_linear_DRL","MNIST","DTP","DRL","0.8479","4838","finished","0.4","0.001","0.8406333333333333","1","","5","0.001"
"MNIST_DTP_linear_DRL","MNIST","DTP","DRL","0.8479","5537","finished","0.2","0.004","0.8406666666666667","1","","5","0.002"
"MNIST_DTP_linear_DRL","MNIST","DTP","DRL","0.8479","4688","finished","0.1","0.001","0.84065","1","","5","0.004"
"MNIST_DTP_linear_DRL","MNIST","DTP","DRL","0.8479","4733","finished","0.2","0.001","0.8406333333333333","1","","5","0.002"
"MNIST_DTP_linear_DRL","MNIST","DTP","DRL","0.8479","5513","finished","0.4","0.004","0.8406666666666667","1","","5","0.001"
"MNIST_DTP_linear_DRL","MNIST","DTP","DRL","0.8462","5941","finished","0.1","0.008","0.8379666666666666","1","","5","0.004"
"MNIST_DTP_linear_DRL","MNIST","DTP","DRL","0.8462","5832","finished","0.4","0.008","0.8379666666666666","1","","5","0.001"
"MNIST_DTP_linear_DRL","MNIST","DTP","DRL","0.8462","5874","finished","0.2","0.008","0.8379666666666666","1","","5","0.002"
"MNIST_DTP_linear_DRL","MNIST","DTP","DRL","0.8444","4369","finished","0.4","0.0004","0.8390833333333333","1","","5","0.001"
"MNIST_DTP_linear_DRL","MNIST","DTP","DRL","0.8444","4380","finished","0.1","0.0004","0.8390833333333333","1","","5","0.004"
"MNIST_DTP_linear_DRL","MNIST","DTP","DRL","0.8444","4407","finished","0.4","0.0002","0.8390833333333333","1","","5","0.001"
"MNIST_DTP_linear_DRL","MNIST","DTP","DRL","0.8444","4377","finished","0.2","0.0004","0.8390833333333333","1","","5","0.002"
"MNIST_DTP_linear_DRL","MNIST","DTP","DRL","0.8444","4463","finished","0.1","0.0002","0.8390833333333333","1","","5","0.004"
"MNIST_DTP_linear_DRL","MNIST","DTP","DRL","0.8444","4396","finished","0.2","0.0002","0.8390833333333333","1","","5","0.002"
"MNIST_DTP_linear_DRL","MNIST","DTP","DRL","0.8443","5078","finished","0.4","0.0001","0.8390833333333333","1","","5","0.001"
"MNIST_DTP_linear_DRL","MNIST","DTP","DRL","0.8443","5027","finished","0.2","0.0001","0.8390833333333333","1","","5","0.002"
"MNIST_DTP_linear_DRL","MNIST","DTP","DRL","0.8443","5235","finished","0.1","0.0001","0.8390833333333333","1","","5","0.004"
"FashionMNIST_DTP_linear_L-DRL","FashionMNIST","DTP","L-DRL","0.8372","2891","finished","2","0.001","0.85755","3","","5","0.02"
"FashionMNIST_DTP_linear_L-DRL","FashionMNIST","DTP","L-DRL","0.837","2951","finished","2","0.001","0.8569","4","","5","0.02"
"FashionMNIST_DTP_linear_DRL","FashionMNIST","DTP","DRL","0.8361","3146","finished","4","0.002","0.77115","4","","5","0.008"
"FashionMNIST_DTP_linear_L-DRL","FashionMNIST","DTP","L-DRL","0.8353","4359","finished","2","0.001","0.8557333333333333","2","","5","0.02"
"FashionMNIST_DTP_linear_DRL","FashionMNIST","DTP","DRL","0.8344","3076","finished","4","0.002","0.7712166666666667","3","","5","0.008"
"FashionMNIST_DTP_linear_L-DRL","FashionMNIST","DTP","L-DRL","0.8332","4625","finished","2","0.001","0.8548666666666667","1","","5","0.02"
"FashionMNIST_DTP_linear_L-DRL","FashionMNIST","DTP","L-DRL","0.833","2946","finished","2","0.001","0.8534","5","","5","0.02"
"FashionMNIST_DTP_linear_DRL","FashionMNIST","DTP","DRL","0.8325","5080","finished","4","0.002","0.8512666666666666","1","","5","0.008"
"FashionMNIST_DTP_linear_DRL","FashionMNIST","DTP","DRL","0.8321","4829","finished","4","0.002","0.8519333333333333","2","","5","0.008"
"FashionMNIST_DTP_linear_DRL","FashionMNIST","DTP","DRL","0.832","3241","finished","4","0.002","0.8502166666666666","5","","5","0.008"
"MNIST_DTP_linear_DRL","MNIST","DTP","DRL","0.8183","5535","finished","0.2","0.004","0.8103166666666667","1","","5","0.001"
"MNIST_DTP_linear_DRL","MNIST","DTP","DRL","0.8183","4764","finished","0.2","0.002","0.8103166666666667","1","","5","0.001"
"MNIST_DTP_linear_DRL","MNIST","DTP","DRL","0.8183","4831","finished","0.2","0.001","0.8103666666666667","1","","5","0.001"
"MNIST_DTP_linear_DRL","MNIST","DTP","DRL","0.8183","4718","finished","0.1","0.001","0.8103666666666667","1","","5","0.002"
"MNIST_DTP_linear_DRL","MNIST","DTP","DRL","0.8183","5520","finished","0.1","0.004","0.8103","1","","5","0.002"
"MNIST_DTP_linear_DRL","MNIST","DTP","DRL","0.8183","4860","finished","0.1","0.002","0.8103166666666667","1","","5","0.002"
"MNIST_DTP_linear_DRL","MNIST","DTP","DRL","0.814","5987","finished","0.1","0.008","0.80835","1","","5","0.002"
"MNIST_DTP_linear_DRL","MNIST","DTP","DRL","0.814","5867","finished","0.2","0.008","0.80835","1","","5","0.001"
"MNIST_DTP_linear_DRL","MNIST","DTP","DRL","0.813","4384","finished","0.2","0.0002","0.8047","1","","5","0.001"
"MNIST_DTP_linear_DRL","MNIST","DTP","DRL","0.813","4371","finished","0.1","0.0002","0.8047","1","","5","0.002"
"MNIST_DTP_linear_DRL","MNIST","DTP","DRL","0.813","4393","finished","0.2","0.0004","0.8046666666666666","1","","5","0.001"
"MNIST_DTP_linear_DRL","MNIST","DTP","DRL","0.813","5329","finished","0.2","0.0001","0.8046833333333333","1","","5","0.001"
"MNIST_DTP_linear_DRL","MNIST","DTP","DRL","0.813","4393","finished","0.1","0.0004","0.8046666666666666","1","","5","0.002"
"MNIST_DTP_linear_DRL","MNIST","DTP","DRL","0.813","5241","finished","0.1","0.0001","0.8046833333333333","1","","5","0.002"
"MNIST_DTP_linear_DRL","MNIST","DTP","DRL","0.759","4895","finished","0.1","0.001","0.7520166666666667","1","","5","0.001"
"MNIST_DTP_linear_DRL","MNIST","DTP","DRL","0.7588","5400","finished","0.1","0.004","0.752","1","","5","0.001"
"MNIST_DTP_linear_DRL","MNIST","DTP","DRL","0.7588","4705","finished","0.1","0.002","0.7520166666666667","1","","5","0.001"
"MNIST_DTP_linear_DRL","MNIST","DTP","DRL","0.7582","5979","finished","0.1","0.008","0.7553","1","","5","0.001"
"MNIST_DTP_linear_DRL","MNIST","DTP","DRL","0.75","4399","finished","0.1","0.0004","0.7396833333333334","1","","5","0.001"
"MNIST_DTP_linear_DRL","MNIST","DTP","DRL","0.7499","4401","finished","0.1","0.0002","0.7396833333333334","1","","5","0.001"
"MNIST_DTP_linear_DRL","MNIST","DTP","DRL","0.7499","4898","finished","0.1","0.0001","0.7396833333333334","1","","5","0.001"
"CIFAR10_BP","CIFAR10","BP","DTP","0.5517","272","finished","0.02","0.001","0.95444","4","tanh","5","0.01"
"CIFAR10_BP","CIFAR10","BP","DTP","0.549","245","finished","0.02","0.001","0.96738","3","tanh","5","0.01"
"CIFAR10_BP","CIFAR10","BP","DTP","0.5413","241","finished","0.01","0.001","0.83122","3","tanh","5","0.01"
"CIFAR10_BP","CIFAR10","BP","DTP","0.5411","274","finished","0.01","0.001","0.86192","4","tanh","5","0.01"
"CIFAR10_BP","CIFAR10","BP","DTP","0.5388","192","finished","0.02","0.001","0.94018","2","tanh","5","0.01"
"CIFAR10_BP","CIFAR10","BP","DTP","0.5289","219","finished","0.02","0.001","0.91868","1","tanh","5","0.01"
"CIFAR10_BP","CIFAR10","BP","DTP","0.5284","247","finished","0.004","0.001","0.66812","3","tanh","5","0.01"
"CIFAR10_BP","CIFAR10","BP","DTP","0.5264","224","finished","0.02","0.001","0.94484","5","tanh","5","0.01"
"CIFAR10_BP","CIFAR10","BP","DTP","0.5221","276","finished","0.004","0.001","0.6815","4","tanh","5","0.01"
"CIFAR10_BP","CIFAR10","BP","DTP","0.514","187","finished","0.01","0.001","0.79638","2","tanh","5","0.01"
"CIFAR10_BP","CIFAR10","BP","DTP","0.5128","187","finished","0.004","0.001","0.65178","2","tanh","5","0.01"
"CIFAR10_FWDTP-BN_linear-BN","CIFAR10","FWDTP-BN","DTP","0.5087","14150","finished","0.02","0.001","0.75838","2","","5","0.01"
"CIFAR10_FWDTP-BN_linear-BN","CIFAR10","FWDTP-BN","DTP","0.5084","23282","finished","0.02","0.001","0.7621","5","","5","0.01"
"CIFAR10_FWDTP-BN_linear-BN","CIFAR10","FWDTP-BN","DTP","0.5079","20621","finished","0.02","0.001","0.75646","4","","5","0.01"
"CIFAR10_BP","CIFAR10","BP","DTP","0.5076","211","finished","0.01","0.001","0.78462","5","tanh","5","0.01"
"CIFAR10_FWDTP-BN_linear-BN","CIFAR10","FWDTP-BN","DTP","0.5073","12891","finished","0.02","0.001","0.76146","1","","5","0.01"
"CIFAR10_FWDTP-BN_linear-BN","CIFAR10","FWDTP-BN","DTP","0.5064","19705","finished","0.02","0.001","0.7628","3","","5","0.01"
"CIFAR10_BP","CIFAR10","BP","DTP","0.5059","217","finished","0.004","0.001","0.64146","5","tanh","5","0.01"
"CIFAR10_BP","CIFAR10","BP","DTP","0.5041","272","finished","0.002","0.001","0.5886","4","tanh","5","0.01"
"CIFAR10_BP","CIFAR10","BP","DTP","0.5033","245","finished","0.002","0.001","0.57576","3","tanh","5","0.01"
"CIFAR10_BP","CIFAR10","BP","DTP","0.5004","198","finished","0.005","0.001","0.66932","1","tanh","5","0.01"
"CIFAR10_BP","CIFAR10","BP","DTP","0.4984","206","finished","0.002","0.001","0.58058","1","tanh","5","0.01"
"CIFAR10_DTP_linear_DTP","CIFAR10","DTP","DTP","0.4968","17499","finished","4","0.004","0.65664","3","","5","0.002"
"CIFAR10_BP","CIFAR10","BP","DTP","0.4948","211","finished","0.002","0.001","0.5741","5","tanh","5","0.01"
"CIFAR10_BP","CIFAR10","BP","DTP","0.4915","189","finished","0.002","0.001","0.56824","2","tanh","5","0.01"
"CIFAR10_DTP_linear_DTP","CIFAR10","DTP","DTP","0.4892","24629","finished","4","0.004","0.6781","4","","5","0.002"
"CIFAR10_DTP_linear_DTP","CIFAR10","DTP","DTP","0.4891","14789","finished","4","0.004","0.66484","1","","5","0.002"
"CIFAR10_DTP_linear_DTP","CIFAR10","DTP","DTP","0.4868","11670","finished","4","0.004","0.69442","5","","5","0.002"
"CIFAR10_BP","CIFAR10","BP","DTP","0.482","249","finished","0.001","0.001","0.51742","3","tanh","5","0.01"
"CIFAR10_BP","CIFAR10","BP","DTP","0.482","183","finished","0.001","0.001","0.51696","2","tanh","5","0.01"
"CIFAR10_BP","CIFAR10","BP","DTP","0.4811","221","finished","0.001","0.001","0.51768","5","tanh","5","0.01"
"CIFAR10_BP","CIFAR10","BP","DTP","0.4784","194","finished","0.001","0.001","0.5188","1","tanh","5","0.01"
"CIFAR10_DTP_linear_DTP","CIFAR10","DTP","DTP","0.4781","8166","finished","4","0.004","0.67282","2","","5","0.002"
"CIFAR10_BP","CIFAR10","BP","DTP","0.477","271","finished","0.001","0.001","0.51678","4","tanh","5","0.01"
"CIFAR10_DTP_linear_DRL","CIFAR10","DTP","DRL","0.4638","12553","finished","2","0.004","0.49044","2","","5","0.008"
"CIFAR10_DTP_linear_L-DRL","CIFAR10","DTP","L-DRL","0.4606","12147","finished","0.2","0.0004","0.4751","2","","5","0.04"
"CIFAR10_DTP-BN_linear_DTP","CIFAR10","DTP-BN","DTP","0.4581","19879","finished","4","0.004","0.87966","5","","5","0.002"
"CIFAR10_DTP_linear_DRL","CIFAR10","DTP","DRL","0.4559","9041","finished","2","0.004","0.49182","5","","5","0.008"
"CIFAR10_DTP_linear_L-DRL","CIFAR10","DTP","L-DRL","0.4554","16900","finished","0.2","0.0004","0.4763","4","","5","0.04"
"CIFAR10_DTP-BN_linear_DTP","CIFAR10","DTP-BN","DTP","0.4551","15324","finished","4","0.004","0.92408","2","","5","0.002"
"CIFAR10_DTP_linear_L-DRL","CIFAR10","DTP","L-DRL","0.4541","13155","finished","0.2","0.0004","0.47904","5","","5","0.04"
"CIFAR10_DTP_linear_DRL","CIFAR10","DTP","DRL","0.454","14050","finished","2","0.004","0.48628","3","","5","0.008"
"CIFAR10_DTP_linear_DRL","CIFAR10","DTP","DRL","0.4536","14426","finished","2","0.004","0.49034","1","","5","0.008"
"CIFAR10_DTP-BN_linear_DTP","CIFAR10","DTP-BN","DTP","0.4535","20767","finished","4","0.004","0.92304","4","","5","0.002"
"CIFAR10_DTP_linear_DRL","CIFAR10","DTP","DRL","0.4526","20074","finished","2","0.004","0.48984","4","","5","0.008"
"CIFAR10_DTP-BN_linear_DTP","CIFAR10","DTP-BN","DTP","0.4516","25579","finished","4","0.004","0.91662","1","","5","0.002"
"CIFAR10_DTP_linear_L-DRL","CIFAR10","DTP","L-DRL","0.4506","16019","finished","0.2","0.0004","0.4735","3","","5","0.04"
"CIFAR10_DTP_linear_L-DRL","CIFAR10","DTP","L-DRL","0.4503","12682","finished","0.2","0.0004","0.4761","1","","5","0.04"
"CIFAR10_DTP-BN_linear_DTP","CIFAR10","DTP-BN","DTP","0.4445","17212","finished","4","0.004","0.9139","3","","5","0.002"
"CIFAR10_FWDTP_linear","CIFAR10","FWDTP","DTP","0.359","15941","finished","0.02","0.001","0.356","1","","5","0.01"
"CIFAR10_FWDTP_linear","CIFAR10","FWDTP","DTP","0.3586","14757","finished","0.02","0.001","0.35608","5","","5","0.01"
"CIFAR10_FWDTP_linear","CIFAR10","FWDTP","DTP","0.3581","10825","finished","0.02","0.001","0.35664","3","","5","0.01"
"CIFAR10_FWDTP_linear","CIFAR10","FWDTP","DTP","0.358","20605","finished","0.02","0.001","0.35686","2","","5","0.01"
"CIFAR10_FWDTP_linear","CIFAR10","FWDTP","DTP","0.3563","20234","finished","0.02","0.001","0.35318","4","","5","0.01"
"CIFAR100_BP","CIFAR100","BP","DTP","0.2462","207","finished","0.005","0.001","0.37224","1","tanh","5","0.01"
"CIFAR100_BP","CIFAR100","BP","DTP","0.2453","204","finished","0.01","0.001","0.52854","4","tanh","5","0.01"
"CIFAR100_BP","CIFAR100","BP","DTP","0.24","198","finished","0.01","0.001","0.52554","4","tanh","5","0.01"
"CIFAR100_BP","CIFAR100","BP","DTP","0.24","238","finished","0.004","0.001","0.34256","2","tanh","5","0.01"
"CIFAR100_BP","CIFAR100","BP","DTP","0.2375","149","finished","0.01","0.001","0.51626","5","tanh","5","0.01"
"CIFAR100_BP","CIFAR100","BP","DTP","0.2372","226","finished","0.004","0.001","0.34252","3","tanh","5","0.01"
"CIFAR100_BP","CIFAR100","BP","DTP","0.2361","151","finished","0.004","0.001","0.34102","5","tanh","5","0.01"
"CIFAR100_BP","CIFAR100","BP","DTP","0.2354","225","finished","0.01","0.001","0.50444","2","tanh","5","0.01"
"CIFAR100_BP","CIFAR100","BP","DTP","0.2351","203","finished","0.003","0.001","0.30864","1","tanh","5","0.01"
"CIFAR100_BP","CIFAR100","BP","DTP","0.2348","210","finished","0.004","0.001","0.33832","4","tanh","5","0.01"
"CIFAR100_FWDTP-BN_linear-BN","CIFAR100","FWDTP-BN","DTP","0.2335","13849","finished","0.2","0.001","0.72378","5","","5","0.01"
"CIFAR100_DTP_linear_DTP","CIFAR100","DTP","DTP","0.231","11779","finished","1","0.008","0.56634","5","","5","0.01"
"CIFAR100_FWDTP-BN_linear-BN","CIFAR100","FWDTP-BN","DTP","0.2306","23138","finished","0.2","0.001","0.7223","3","","5","0.01"
"CIFAR100_DTP_linear_DTP","CIFAR100","DTP","DTP","0.2305","18329","finished","1","0.008","0.56242","1","","5","0.01"
"CIFAR100_FWDTP-BN_linear-BN","CIFAR100","FWDTP-BN","DTP","0.2301","22039","finished","0.2","0.001","0.72422","2","","5","0.01"
"CIFAR100_DTP_linear_DTP","CIFAR100","DTP","DTP","0.23","13186","finished","1","0.008","0.56364","3","","5","0.01"
"CIFAR100_DTP_linear_DTP","CIFAR100","DTP","DTP","0.2295","15252","finished","1","0.008","0.56242","4","","5","0.01"
"CIFAR100_FWDTP-BN_linear-BN","CIFAR100","FWDTP-BN","DTP","0.2294","22771","finished","0.2","0.001","0.72538","1","","5","0.01"
"CIFAR100_DTP_linear_DTP","CIFAR100","DTP","DTP","0.2288","23237","finished","1","0.008","0.55064","2","","5","0.01"
"CIFAR100_FWDTP-BN_linear-BN","CIFAR100","FWDTP-BN","DTP","0.2286","14608","finished","0.2","0.001","0.72346","4","","5","0.01"
"CIFAR100_BP","CIFAR100","BP","DTP","0.227","195","finished","0.02","0.001","0.75266","4","tanh","5","0.01"
"CIFAR100_BP","CIFAR100","BP","DTP","0.2264","206","finished","0.02","0.001","0.72062","4","tanh","5","0.01"
"CIFAR100_BP","CIFAR100","BP","DTP","0.2247","246","finished","0.01","0.001","0.48718","1","tanh","5","0.01"
"CIFAR100_BP","CIFAR100","BP","DTP","0.2204","227","finished","0.02","0.001","0.68616","2","tanh","5","0.01"
"CIFAR100_BP","CIFAR100","BP","DTP","0.2194","199","finished","0.002","0.001","0.26922","4","tanh","5","0.01"
"CIFAR100_BP","CIFAR100","BP","DTP","0.2165","242","finished","0.002","0.001","0.27132","2","tanh","5","0.01"
"CIFAR100_BP","CIFAR100","BP","DTP","0.2152","149","finished","0.002","0.001","0.27056","5","tanh","5","0.01"
"CIFAR100_BP","CIFAR100","BP","DTP","0.2138","225","finished","0.002","0.001","0.27138","3","tanh","5","0.01"
"CIFAR100_BP","CIFAR100","BP","DTP","0.2131","226","finished","0.01","0.001","0.45444","3","tanh","5","0.01"
"CIFAR100_BP","CIFAR100","BP","DTP","0.2126","270","finished","0.05","0.001","0.93174","1","tanh","5","0.01"
"CIFAR100_DTP_linear_L-DRL","CIFAR100","DTP","L-DRL","0.208","20218","finished","2","0.0001","0.26768","3","","5","0.008"
"CIFAR100_DTP_linear_L-DRL","CIFAR100","DTP","L-DRL","0.2075","14408","finished","2","0.0001","0.26874","1","","5","0.008"
"CIFAR100_DTP_linear_DRL","CIFAR100","DTP","DRL","0.2069","14719","finished","0.8","0.002","0.26662","3","","5","0.02"
"CIFAR100_DTP_linear_L-DRL","CIFAR100","DTP","L-DRL","0.2069","14258","finished","2","0.0001","0.2665","5","","5","0.008"
"CIFAR100_DTP_linear_L-DRL","CIFAR100","DTP","L-DRL","0.2064","16600","finished","2","0.0001","0.26508","5","","5","0.008"
"CIFAR100_DTP_linear_DRL","CIFAR100","DTP","DRL","0.2061","12546","finished","0.8","0.002","0.26632","2","","5","0.02"
"CIFAR100_DTP_linear_L-DRL","CIFAR100","DTP","L-DRL","0.2055","9389","finished","2","0.0001","0.26774","4","","5","0.008"
"CIFAR100_DTP_linear_DRL","CIFAR100","DTP","DRL","0.2048","18120","finished","0.8","0.002","0.27112","1","","5","0.02"
"CIFAR100_DTP_linear_L-DRL","CIFAR100","DTP","L-DRL","0.2039","10522","finished","2","0.0001","0.26888","2","","5","0.008"
"CIFAR100_DTP_linear_DRL","CIFAR100","DTP","DRL","0.2037","10668","finished","0.8","0.002","0.26724","4","","5","0.02"
"CIFAR100_DTP_linear_DRL","CIFAR100","DTP","DRL","0.2024","19999","finished","0.8","0.002","0.26482","5","","5","0.02"
"CIFAR100_BP","CIFAR100","BP","DTP","0.1952","207","finished","0.001","0.001","0.2257","1","tanh","5","0.01"
"CIFAR100_BP","CIFAR100","BP","DTP","0.1949","180","finished","0.001","0.001","0.22486","4","tanh","5","0.01"
"CIFAR100_BP","CIFAR100","BP","DTP","0.1931","203","finished","0.03","0.001","0.76972","1","tanh","5","0.01"
"CIFAR100_BP","CIFAR100","BP","DTP","0.1931","151","finished","0.02","0.001","0.61364","5","tanh","5","0.01"
"FashionMNIST_BP","FashionMNIST","BP","DTP","0.1927","259","finished","0.4","0.001","0.1919","4","tanh","5","0.04"
"CIFAR100_BP","CIFAR100","BP","DTP","0.1925","220","finished","0.001","0.001","0.22504","3","tanh","5","0.01"
"CIFAR100_BP","CIFAR100","BP","DTP","0.1921","242","finished","0.001","0.001","0.22502","2","tanh","5","0.01"
"CIFAR100_BP","CIFAR100","BP","DTP","0.1908","149","finished","0.001","0.001","0.22528","5","tanh","5","0.01"
"CIFAR100_DTP-BN_linear_DTP","CIFAR100","DTP-BN","DTP","0.1831","25272","finished","1","0.008","0.80434","3","","5","0.01"
"CIFAR100_DTP-BN_linear_DTP","CIFAR100","DTP-BN","DTP","0.183","26999","finished","1","0.008","0.80496","5","","5","0.01"
"FashionMNIST_BP","FashionMNIST","BP","DTP","0.1824","184","finished","0.2","0.001","0.18336666666666668","1","tanh","5","0.04"
"CIFAR100_DTP-BN_linear_DTP","CIFAR100","DTP-BN","DTP","0.1819","17794","finished","1","0.008","0.82176","1","","5","0.01"
"CIFAR100_DTP-BN_linear_DTP","CIFAR100","DTP-BN","DTP","0.1794","22589","finished","1","0.008","0.80524","4","","5","0.01"
"CIFAR100_DTP-BN_linear_DTP","CIFAR100","DTP-BN","DTP","0.1786","17854","finished","1","0.008","0.78828","2","","5","0.01"
"FashionMNIST_BP","FashionMNIST","BP","DTP","0.1755","190","finished","0.4","0.001","0.1734","1","tanh","5","0.04"
"FashionMNIST_BP","FashionMNIST","BP","DTP","0.1703","197","finished","0.2","0.001","0.16931666666666667","2","tanh","5","0.04"
"CIFAR100_FWDTP_linear","CIFAR100","FWDTP","DTP","0.1549","12854","finished","0.2","0.001","0.17214","3","","5","0.01"
"CIFAR100_FWDTP_linear","CIFAR100","FWDTP","DTP","0.1545","8975","finished","0.2","0.001","0.1737","4","","5","0.01"
"CIFAR100_FWDTP_linear","CIFAR100","FWDTP","DTP","0.1537","15100","finished","0.2","0.001","0.17482","1","","5","0.01"
"CIFAR100_FWDTP_linear","CIFAR100","FWDTP","DTP","0.1537","13216","finished","0.2","0.001","0.17012","2","","5","0.01"
"CIFAR100_FWDTP_linear","CIFAR100","FWDTP","DTP","0.1518","10265","finished","0.2","0.001","0.17226","5","","5","0.01"
"FashionMNIST_BP","FashionMNIST","BP","DTP","0.1376","174","finished","0.4","0.001","0.13968333333333333","5","tanh","5","0.04"
"FashionMNIST_BP","FashionMNIST","BP","DTP","0.1181","173","finished","0.2","0.001","0.11755","5","tanh","5","0.04"
"FashionMNIST_BP","FashionMNIST","BP","DTP","0.1039","197","finished","0.4","0.001","0.104","2","tanh","5","0.04"
"FashionMNIST_BP","FashionMNIST","BP","DTP","0.1037","182","finished","0.4","0.001","0.1041","3","tanh","5","0.04"
"FashionMNIST_BP","FashionMNIST","BP","DTP","0.093","185","finished","0.2","0.001","0.09458333333333334","3","tanh","5","0.04"
"FashionMNIST_DTP_linear_DRL","FashionMNIST","DTP","DRL","","1139","crashed","4","0.002","0.8366833333333333","2","","5","0.008"