"Name","val_acc","test_acc","State","Notes","User","Tags","Created","Runtime","Sweep","GradC","act_B","act_F","architecture","batchsize","bias_init","bn_affine","bw_bn","dataset","epochs","eta_min","filter_target","fw_bn","grad_clip_B","grad_clip_F","loss_scale_C","lr_B","lr_F","method","mmt_B","mmt_F","mode","num_chn","optimizer","seed","wd_B","wd_F","yaml","val_loss","best_epoch","test_loss"
"MNIST_classification_CCL","0.9821666666666666","0.9811","finished","-","","","2024-05-05T01:28:21.000Z","1146","","0","elu","elu","simple_linear","256","zero","1","0","MNIST","100","0.001","0","0","0.5","0.5","0.5","1.5","1.5","CCL","0","0","train","1","SGD","2","0","0","./yaml/mlp/mnist_ccl.yaml","0.07325162782271703","99","0.07007324091792107"
"MNIST_classification_CCL","0.9815","0.9815","finished","-","","","2024-05-04T22:58:48.000Z","1182","","0","elu","elu","simple_linear","256","zero","1","0","MNIST","100","0.001","0","0","0.5","0.5","0.5","2","2","CCL","0","0","train","1","SGD","1","0","0","./yaml/mlp/mnist_ccl.yaml","0.07451287073191876","57","0.06841420124173164"
"MNIST_classification_CCL","0.9811666666666666","0.981","finished","-","","","2024-05-04T22:58:48.000Z","1154","","0","elu","elu","simple_linear","256","zero","1","0","MNIST","100","0.001","0","0","0.5","0.5","0.5","1.5","1.5","CCL","0","0","train","1","SGD","1","0","0","./yaml/mlp/mnist_ccl.yaml","0.07529222386920204","83","0.06771442891955376"
"MNIST_classification_CCL","0.9805","0.982","finished","-","","","2024-05-05T00:09:26.000Z","1072","","0","elu","elu","simple_linear","256","zero","1","0","MNIST","100","0.001","0","0","1","1","0.5","1","1","CCL","0","0","train","1","SGD","1","0","0","./yaml/mlp/mnist_ccl.yaml","0.0741325684580952","98","0.06487204684019089"
"MNIST_classification_CCL","0.9803333333333332","0.9814","finished","-","","","2024-05-05T02:42:47.000Z","1103","","0","elu","elu","simple_linear","256","zero","1","0","MNIST","100","0.001","0","0","1","1","0.5","1.5","1.5","CCL","0","0","train","1","SGD","2","0","0","./yaml/mlp/mnist_ccl.yaml","0.08284975973765055","77","0.06696504355072976"
"MNIST_classification_CCL","0.9803333333333332","0.9793","finished","-","","","2024-05-05T02:34:03.000Z","1125","","0","elu","elu","simple_linear","256","zero","1","0","MNIST","100","0.001","0","0","1","1","0.5","1","1","CCL","0","0","train","1","SGD","2","0","0","./yaml/mlp/mnist_ccl.yaml","0.0745370839436849","87","0.07197027983665466"
"MNIST_classification_CCL","0.9801666666666666","0.9832","finished","-","","","2024-05-04T22:58:48.000Z","1087","","0","elu","elu","simple_linear","256","zero","1","0","MNIST","100","0.001","0","0","0.5","0.5","0.5","1","1","CCL","0","0","train","1","SGD","1","0","0","./yaml/mlp/mnist_ccl.yaml","0.07065606495862206","97","0.06460845965147019"
"MNIST_classification_CCL","0.9801666666666666","0.9813","finished","-","","","2024-05-05T01:20:22.000Z","1110","","0","elu","elu","simple_linear","256","zero","1","0","MNIST","100","0.001","0","0","0.5","0.5","0.5","1","1","CCL","0","0","train","1","SGD","2","0","0","./yaml/mlp/mnist_ccl.yaml","0.07851500276724498","77","0.0690687379539013"
"MNIST_classification_CCL","0.9798333333333332","0.9818","finished","-","","","2024-05-05T03:55:17.000Z","1098","","0","elu","elu","simple_linear","256","zero","1","0","MNIST","100","0.001","0","0","0.5","0.5","0.5","1.5","1.5","CCL","0","0","train","1","SGD","3","0","0","./yaml/mlp/mnist_ccl.yaml","0.08203274513284366","85","0.0683112746655941"
"MNIST_classification_CCL","0.9796666666666668","0.9821","finished","-","","","2024-05-05T03:48:03.000Z","1124","","0","elu","elu","simple_linear","256","zero","1","0","MNIST","100","0.001","0","0","0.5","0.5","0.5","1","1","CCL","0","0","train","1","SGD","3","0","0","./yaml/mlp/mnist_ccl.yaml","0.07769177665313085","99","0.06533241054415703"
"MNIST_classification_CCL","0.979","0.9793","finished","-","","","2024-05-05T01:10:42.000Z","1001","","0","elu","elu","simple_linear","256","zero","1","0","MNIST","100","0.001","0","0","0.5","0.5","0.5","0.5","0.5","CCL","0","0","train","1","SGD","2","0","0","./yaml/mlp/mnist_ccl.yaml","0.07985745509465536","99","0.07009040166735649"
"MNIST_classification_CCL","0.9788333333333332","0.9811","finished","-","","","2024-05-05T01:34:24.000Z","1188","","0","elu","elu","simple_linear","256","zero","1","0","MNIST","100","0.001","0","0","0.5","0.5","0.5","2","2","CCL","0","0","train","1","SGD","2","0","0","./yaml/mlp/mnist_ccl.yaml","0.08578565782308578","52","0.06690645346641541"
"MNIST_classification_CCL","0.9786666666666668","0.9816","finished","-","","","2024-05-05T02:51:42.000Z","1178","","0","elu","elu","simple_linear","256","zero","1","0","MNIST","100","0.001","0","0","1","1","0.5","2","2","CCL","0","0","train","1","SGD","2","0","0","./yaml/mlp/mnist_ccl.yaml","0.08602422807614009","74","0.0709244696199894"
"MNIST_classification_CCL","0.9786666666666668","0.982","finished","-","","","2024-05-05T05:07:08.000Z","1088","","0","elu","elu","simple_linear","256","zero","1","0","MNIST","100","0.001","0","0","1","1","0.5","1.5","1.5","CCL","0","0","train","1","SGD","3","0","0","./yaml/mlp/mnist_ccl.yaml","0.08413787241776784","93","0.0687835187613964"
"MNIST_classification_CCL","0.9786666666666668","0.9804","finished","-","","","2024-05-05T00:16:34.000Z","1171","","0","elu","elu","simple_linear","256","zero","1","0","MNIST","100","0.001","0","0","1","1","0.5","2","2","CCL","0","0","train","1","SGD","1","0","0","./yaml/mlp/mnist_ccl.yaml","0.08394542406251033","65","0.0759278820991516"
"MNIST_classification_CCL","0.9781666666666666","0.9809","finished","-","","","2024-05-05T04:09:37.000Z","1188","","0","elu","elu","simple_linear","256","zero","1","0","MNIST","100","0.001","0","0","0.5","0.5","0.5","2","2","CCL","0","0","train","1","SGD","3","0","0","./yaml/mlp/mnist_ccl.yaml","0.0920851278702418","32","0.06567163364291191"
"MNIST_classification_CCL","0.9781666666666666","0.9821","finished","-","","","2024-05-05T00:13:58.000Z","1127","","0","elu","elu","simple_linear","256","zero","1","0","MNIST","100","0.001","0","0","1","1","0.5","1.5","1.5","CCL","0","0","train","1","SGD","1","0","0","./yaml/mlp/mnist_ccl.yaml","0.07780570681889852","85","0.06346274915933608"
"MNIST_classification_CCL","0.9781666666666666","0.9808","finished","-","","","2024-05-05T05:01:49.000Z","1132","","0","elu","elu","simple_linear","256","zero","1","0","MNIST","100","0.001","0","0","1","1","0.5","1","1","CCL","0","0","train","1","SGD","3","0","0","./yaml/mlp/mnist_ccl.yaml","0.0869797505736351","99","0.0707869302213192"
"MNIST_classification_CCL","0.9771666666666666","0.9797","finished","-","","","2024-05-04T22:58:50.000Z","1009","","0","elu","elu","simple_linear","256","zero","1","0","MNIST","100","0.001","0","0","0.5","0.5","0.5","0.5","0.5","CCL","0","0","train","1","SGD","1","0","0","./yaml/mlp/mnist_ccl.yaml","0.07852345894090831","99","0.06882476800680161"
"MNIST_classification_CCL","0.9771666666666666","0.9798","finished","-","","","2024-05-05T04:27:20.000Z","992","","0","elu","elu","simple_linear","256","zero","1","0","MNIST","100","0.001","0","0","1","1","0.5","0.5","0.5","CCL","0","0","train","1","SGD","3","0","0","./yaml/mlp/mnist_ccl.yaml","0.08542310657103856","99","0.06877706003785133"
"MNIST_classification_CCL","0.977","0.9782","finished","-","","","2024-05-05T02:16:46.000Z","1001","","0","elu","elu","simple_linear","256","zero","1","0","MNIST","100","0.001","0","0","1","1","0.5","0.5","0.5","CCL","0","0","train","1","SGD","2","0","0","./yaml/mlp/mnist_ccl.yaml","0.0814478365580241","98","0.0748851494550705"
"MNIST_classification_CCL","0.9761666666666666","0.9799","finished","-","","","2024-05-05T00:04:37.000Z","1001","","0","elu","elu","simple_linear","256","zero","1","0","MNIST","100","0.001","0","0","1","1","0.5","0.5","0.5","CCL","0","0","train","1","SGD","1","0","0","./yaml/mlp/mnist_ccl.yaml","0.07880359476245939","98","0.06930789321660996"
"MNIST_classification_CCL","0.9758333333333332","0.9808","finished","-","","","2024-05-05T03:22:20.000Z","988","","0","elu","elu","simple_linear","256","zero","1","0","MNIST","100","0.001","0","0","0.5","0.5","0.5","0.5","0.5","CCL","0","0","train","1","SGD","3","0","0","./yaml/mlp/mnist_ccl.yaml","0.09089402808745702","99","0.06489352542161941"
"MNIST_classification_CCL","0.9755","0.9786","finished","-","","","2024-05-05T05:27:11.000Z","1187","","0","elu","elu","simple_linear","256","zero","1","0","MNIST","100","0.001","0","0","1","1","0.5","2","2","CCL","0","0","train","1","SGD","3","0","0","./yaml/mlp/mnist_ccl.yaml","0.09868725736935934","35","0.07229903230071068"
"MNIST_classification_CCL","0.9715","0.9741","finished","-","","","2024-05-05T03:11:02.000Z","1134","","0","elu","elu","simple_linear","256","zero","1","0","MNIST","100","0.001","0","0","1","1","0.5","1","1","CCL","0","0","train","1","SGD","2","0.0001","0.0001","./yaml/mlp/mnist_ccl.yaml","0.09947537887096404","91","0.08544301632642747"
"MNIST_classification_CCL","0.9713333333333334","0.973","finished","-","","","2024-05-05T01:43:46.000Z","1002","","0","elu","elu","simple_linear","256","zero","1","0","MNIST","100","0.001","0","0","0.5","0.5","0.5","0.5","0.5","CCL","0","0","train","1","SGD","2","0.0001","0.0001","./yaml/mlp/mnist_ccl.yaml","0.10181414314111074","99","0.09107080744504928"
"MNIST_classification_CCL","0.9711666666666666","0.9731","finished","-","","","2024-05-05T03:19:01.000Z","1112","","0","elu","elu","simple_linear","256","zero","1","0","MNIST","100","0.001","0","0","1","1","0.5","1.5","1.5","CCL","0","0","train","1","SGD","2","0.0001","0.0001","./yaml/mlp/mnist_ccl.yaml","0.0996064297358195","91","0.08780926328897476"
"MNIST_classification_CCL","0.9708333333333332","0.9731","finished","-","","","2024-05-05T02:05:53.000Z","1132","","0","elu","elu","simple_linear","256","zero","1","0","MNIST","100","0.001","0","0","0.5","0.5","0.5","1.5","1.5","CCL","0","0","train","1","SGD","2","0.0001","0.0001","./yaml/mlp/mnist_ccl.yaml","0.10010417407751084","98","0.08718518453836441"
"MNIST_classification_CCL","0.9708333333333332","0.9731","finished","-","","","2024-05-05T03:30:30.000Z","1190","","0","elu","elu","simple_linear","256","zero","1","0","MNIST","100","0.001","0","0","1","1","0.5","2","2","CCL","0","0","train","1","SGD","2","0.0001","0.0001","./yaml/mlp/mnist_ccl.yaml","0.1038997694849968","95","0.08789096794128418"
"MNIST_classification_CCL","0.9705","0.972","finished","-","","","2024-05-05T02:49:42.000Z","998","","0","elu","elu","simple_linear","256","zero","1","0","MNIST","100","0.001","0","0","1","1","0.5","0.5","0.5","CCL","0","0","train","1","SGD","2","0.0001","0.0001","./yaml/mlp/mnist_ccl.yaml","0.10109898446003596","99","0.09215593938827514"
"MNIST_classification_CCL","0.9701666666666666","0.9734","finished","-","","","2024-05-05T01:57:18.000Z","1118","","0","elu","elu","simple_linear","256","zero","1","0","MNIST","100","0.001","0","0","0.5","0.5","0.5","1","1","CCL","0","0","train","1","SGD","2","0.0001","0.0001","./yaml/mlp/mnist_ccl.yaml","0.09841657054424284","91","0.08692910842895508"
"MNIST_classification_CCL","0.9698333333333332","0.9732","finished","-","","","2024-05-05T03:54:55.000Z","988","","0","elu","elu","simple_linear","256","zero","1","0","MNIST","100","0.001","0","0","0.5","0.5","0.5","0.5","0.5","CCL","0","0","train","1","SGD","3","0.0001","0.0001","./yaml/mlp/mnist_ccl.yaml","0.1084877656698227","99","0.08879376604557038"
"MNIST_classification_CCL","0.9696666666666668","0.9722","finished","-","","","2024-05-05T05:00:01.000Z","997","","0","elu","elu","simple_linear","256","zero","1","0","MNIST","100","0.001","0","0","1","1","0.5","0.5","0.5","CCL","0","0","train","1","SGD","3","0.0001","0.0001","./yaml/mlp/mnist_ccl.yaml","0.10992324954271317","99","0.09030004516243936"
"MNIST_classification_CCL","0.9693333333333334","0.9748","finished","-","","","2024-05-05T00:44:40.000Z","1090","","0","elu","elu","simple_linear","256","zero","1","0","MNIST","100","0.001","0","0","1","1","0.5","1","1","CCL","0","0","train","1","SGD","1","0.0001","0.0001","./yaml/mlp/mnist_ccl.yaml","0.10071340541541576","95","0.08417915504574776"
"MNIST_classification_CCL","0.969","0.9735","finished","-","","","2024-05-05T04:24:57.000Z","1128","","0","elu","elu","simple_linear","256","zero","1","0","MNIST","100","0.001","0","0","0.5","0.5","0.5","1","1","CCL","0","0","train","1","SGD","3","0.0001","0.0001","./yaml/mlp/mnist_ccl.yaml","0.10723603409528731","99","0.08588648973107338"
"MNIST_classification_CCL","0.9688333333333332","0.9737","finished","-","","","2024-05-05T05:42:53.000Z","1097","","0","elu","elu","simple_linear","256","zero","1","0","MNIST","100","0.001","0","0","1","1","0.5","1.5","1.5","CCL","0","0","train","1","SGD","3","0.0001","0.0001","./yaml/mlp/mnist_ccl.yaml","0.1095694876909256","97","0.0877213103234768"
"MNIST_classification_CCL","0.9688333333333332","0.9729","finished","-","","","2024-05-05T02:13:00.000Z","1164","","0","elu","elu","simple_linear","256","zero","1","0","MNIST","100","0.001","0","0","0.5","0.5","0.5","2","2","CCL","0","0","train","1","SGD","2","0.0001","0.0001","./yaml/mlp/mnist_ccl.yaml","0.10407571937640508","91","0.09069455502033234"
"MNIST_classification_CCL","0.9688333333333332","0.9744","finished","-","","","2024-05-04T23:36:43.000Z","1138","","0","elu","elu","simple_linear","256","zero","1","0","MNIST","100","0.001","0","0","0.5","0.5","0.5","1.5","1.5","CCL","0","0","train","1","SGD","1","0.0001","0.0001","./yaml/mlp/mnist_ccl.yaml","0.10321840916574002","95","0.08601389768719674"
"MNIST_classification_CCL","0.9685","0.9745","finished","-","","","2024-05-05T06:06:03.000Z","1191","","0","elu","elu","simple_linear","256","zero","1","0","MNIST","100","0.001","0","0","1","1","0.5","2","2","CCL","0","0","train","1","SGD","3","0.0001","0.0001","./yaml/mlp/mnist_ccl.yaml","0.1116069679260254","99","0.08583800163269042"
"MNIST_classification_CCL","0.9681666666666666","0.9753","finished","-","","","2024-05-04T23:34:08.000Z","1075","","0","elu","elu","simple_linear","256","zero","1","0","MNIST","100","0.001","0","0","0.5","0.5","0.5","1","1","CCL","0","0","train","1","SGD","1","0.0001","0.0001","./yaml/mlp/mnist_ccl.yaml","0.10281648049255213","95","0.08499749554395676"
"MNIST_classification_CCL","0.968","0.9739","finished","-","","","2024-05-05T05:38:54.000Z","1131","","0","elu","elu","simple_linear","256","zero","1","0","MNIST","100","0.001","0","0","1","1","0.5","1","1","CCL","0","0","train","1","SGD","3","0.0001","0.0001","./yaml/mlp/mnist_ccl.yaml","0.10851189158360164","99","0.08550823189616204"
"MNIST_classification_CCL","0.9676666666666668","0.9739","finished","-","","","2024-05-05T04:31:05.000Z","1090","","0","elu","elu","simple_linear","256","zero","1","0","MNIST","100","0.001","0","0","0.5","0.5","0.5","1.5","1.5","CCL","0","0","train","1","SGD","3","0.0001","0.0001","./yaml/mlp/mnist_ccl.yaml","0.1108632399837176","99","0.0873066492676735"
"MNIST_classification_CCL","0.9675","0.973","finished","-","","","2024-05-05T04:48:34.000Z","1191","","0","elu","elu","simple_linear","256","zero","1","0","MNIST","100","0.001","0","0","0.5","0.5","0.5","2","2","CCL","0","0","train","1","SGD","3","0.0001","0.0001","./yaml/mlp/mnist_ccl.yaml","0.11306820106506348","99","0.08722159512043"
"MNIST_classification_CCL","0.9673333333333334","0.9733","finished","-","","","2024-05-04T23:31:58.000Z","988","","0","elu","elu","simple_linear","256","zero","1","0","MNIST","100","0.001","0","0","0.5","0.5","0.5","0.5","0.5","CCL","0","0","train","1","SGD","1","0.0001","0.0001","./yaml/mlp/mnist_ccl.yaml","0.10534751887371142","95","0.08931675742268562"
"MNIST_classification_CCL","0.9671666666666666","0.9741","finished","-","","","2024-05-05T00:37:40.000Z","1009","","0","elu","elu","simple_linear","256","zero","1","0","MNIST","100","0.001","0","0","1","1","0.5","0.5","0.5","CCL","0","0","train","1","SGD","1","0.0001","0.0001","./yaml/mlp/mnist_ccl.yaml","0.1057781396061182","95","0.0892022015929222"
"MNIST_classification_CCL","0.9671666666666666","0.9744","finished","-","","","2024-05-04T23:37:25.000Z","1190","","0","elu","elu","simple_linear","256","zero","1","0","MNIST","100","0.001","0","0","0.5","0.5","0.5","2","2","CCL","0","0","train","1","SGD","1","0.0001","0.0001","./yaml/mlp/mnist_ccl.yaml","0.1062463987270991","85","0.08755046291351318"
"MNIST_classification_CCL","0.9668333333333332","0.9748","finished","-","","","2024-05-05T00:51:11.000Z","1134","","0","elu","elu","simple_linear","256","zero","1","0","MNIST","100","0.001","0","0","1","1","0.5","1.5","1.5","CCL","0","0","train","1","SGD","1","0.0001","0.0001","./yaml/mlp/mnist_ccl.yaml","0.10377370609591403","81","0.08721231828927994"
"MNIST_classification_CCL","0.9665","0.974","finished","-","","","2024-05-05T00:55:20.000Z","1189","","0","elu","elu","simple_linear","256","zero","1","0","MNIST","100","0.001","0","0","1","1","0.5","2","2","CCL","0","0","train","1","SGD","1","0.0001","0.0001","./yaml/mlp/mnist_ccl.yaml","0.10667103014638028","85","0.08784087849855422"
"FashionMNIST_classification_CCL","0.9003333333333333","0.8886","finished","-","","","2024-05-05T01:54:21.000Z","1110","","0","elu","elu","simple_linear","256","zero","1","0","FashionMNIST","100","0.001","0","0","0.5","0.5","0.5","2","2","CCL","0","0","train","1","SGD","2","0","0","./yaml/mlp/fmnist_ccl.yaml","0.3250425589084625","80","0.34201369819641114"
"FashionMNIST_classification_CCL","0.8975","0.8813","finished","-","","","2024-05-05T03:11:29.000Z","1131","","0","elu","elu","simple_linear","256","zero","1","0","FashionMNIST","100","0.001","0","0","1","1","0.5","2","2","CCL","0","0","train","1","SGD","2","0","0","./yaml/mlp/fmnist_ccl.yaml","0.3240671455860138","74","0.345244865322113"
"FashionMNIST_classification_CCL","0.8975","0.8873","finished","-","","","2024-05-05T01:47:36.000Z","1089","","0","elu","elu","simple_linear","256","zero","1","0","FashionMNIST","100","0.001","0","0","0.5","0.5","0.5","1.5","1.5","CCL","0","0","train","1","SGD","2","0","0","./yaml/mlp/fmnist_ccl.yaml","0.3181809044679006","76","0.3391991988658905"
"FashionMNIST_classification_CCL","0.8963333333333333","0.8848","finished","-","","","2024-05-05T02:52:56.000Z","1078","","0","elu","elu","simple_linear","256","zero","1","0","FashionMNIST","100","0.001","0","0","1","1","0.5","1","1","CCL","0","0","train","1","SGD","2","0","0","./yaml/mlp/fmnist_ccl.yaml","0.3028779311180115","76","0.3359959541797638"
"FashionMNIST_classification_CCL","0.8956666666666667","0.8872","finished","-","","","2024-05-05T01:39:00.000Z","1090","","0","elu","elu","simple_linear","256","zero","1","0","FashionMNIST","100","0.001","0","0","0.5","0.5","0.5","1","1","CCL","0","0","train","1","SGD","2","0","0","./yaml/mlp/fmnist_ccl.yaml","0.30891673390070595","76","0.3358480668067932"
"FashionMNIST_classification_CCL","0.8955","0.8863","finished","-","","","2024-05-05T03:01:18.000Z","1055","","0","elu","elu","simple_linear","256","zero","1","0","FashionMNIST","100","0.001","0","0","1","1","0.5","1.5","1.5","CCL","0","0","train","1","SGD","2","0","0","./yaml/mlp/fmnist_ccl.yaml","0.30704655035336814","76","0.3454460098743439"
"FashionMNIST_classification_CCL","0.8951666666666667","0.8874","finished","-","","","2024-05-05T04:06:57.000Z","1072","","0","elu","elu","simple_linear","256","zero","1","0","FashionMNIST","100","0.001","0","0","0.5","0.5","0.5","1","1","CCL","0","0","train","1","SGD","3","0","0","./yaml/mlp/fmnist_ccl.yaml","0.30639667065938314","99","0.33586327891349793"
"FashionMNIST_classification_CCL","0.8945","0.8785","finished","-","","","2024-05-05T01:27:33.000Z","953","","0","elu","elu","simple_linear","256","zero","1","0","FashionMNIST","100","0.001","0","0","0.5","0.5","0.5","0.5","0.5","CCL","0","0","train","1","SGD","2","0","0","./yaml/mlp/fmnist_ccl.yaml","0.3003860067526499","99","0.3399567324638367"
"FashionMNIST_classification_CCL","0.8938333333333334","0.8848","finished","-","","","2024-05-05T05:20:50.000Z","1075","","0","elu","elu","simple_linear","256","zero","1","0","FashionMNIST","100","0.001","0","0","1","1","0.5","1","1","CCL","0","0","train","1","SGD","3","0","0","./yaml/mlp/fmnist_ccl.yaml","0.31229939913749694","91","0.33897334723472594"
"FashionMNIST_classification_CCL","0.8928333333333334","0.8812","finished","-","","","2024-05-05T04:13:43.000Z","1034","","0","elu","elu","simple_linear","256","zero","1","0","FashionMNIST","100","0.001","0","0","0.5","0.5","0.5","1.5","1.5","CCL","0","0","train","1","SGD","3","0","0","./yaml/mlp/fmnist_ccl.yaml","0.31958435956637066","77","0.346805855512619"
"FashionMNIST_classification_CCL","0.8923333333333333","0.8792","finished","-","","","2024-05-05T02:33:37.000Z","955","","0","elu","elu","simple_linear","256","zero","1","0","FashionMNIST","100","0.001","0","0","1","1","0.5","0.5","0.5","CCL","0","0","train","1","SGD","2","0","0","./yaml/mlp/fmnist_ccl.yaml","0.3057503876686096","99","0.3468044630050659"
"FashionMNIST_classification_CCL","0.892","0.8845","finished","-","","","2024-05-05T05:47:08.000Z","1125","","0","elu","elu","simple_linear","256","zero","1","0","FashionMNIST","100","0.001","0","0","1","1","0.5","2","2","CCL","0","0","train","1","SGD","3","0","0","./yaml/mlp/fmnist_ccl.yaml","0.3112628141641617","71","0.347494579410553"
"FashionMNIST_classification_CCL","0.8918333333333334","0.8851","finished","-","","","2024-05-05T05:25:25.000Z","1039","","0","elu","elu","simple_linear","256","zero","1","0","FashionMNIST","100","0.001","0","0","1","1","0.5","1.5","1.5","CCL","0","0","train","1","SGD","3","0","0","./yaml/mlp/fmnist_ccl.yaml","0.30859044098854066","92","0.33443258118629454"
"FashionMNIST_classification_CCL","0.8915","0.8857","finished","-","","","2024-05-05T04:29:34.000Z","1130","","0","elu","elu","simple_linear","256","zero","1","0","FashionMNIST","100","0.001","0","0","0.5","0.5","0.5","2","2","CCL","0","0","train","1","SGD","3","0","0","./yaml/mlp/fmnist_ccl.yaml","0.3335042637983958","77","0.34103803238868713"
"FashionMNIST_classification_CCL","0.8903333333333333","0.8821","finished","-","","","2024-05-05T04:44:02.000Z","950","","0","elu","elu","simple_linear","256","zero","1","0","FashionMNIST","100","0.001","0","0","1","1","0.5","0.5","0.5","CCL","0","0","train","1","SGD","3","0","0","./yaml/mlp/fmnist_ccl.yaml","0.31337849859396616","91","0.343308748960495"
"FashionMNIST_classification_CCL","0.8901666666666667","0.8806","finished","-","","","2024-05-05T03:38:57.000Z","943","","0","elu","elu","simple_linear","256","zero","1","0","FashionMNIST","100","0.001","0","0","0.5","0.5","0.5","0.5","0.5","CCL","0","0","train","1","SGD","3","0","0","./yaml/mlp/fmnist_ccl.yaml","0.31217749110857645","91","0.3451586585521698"
"FashionMNIST_classification_CCL","0.888","0.8817","finished","-","","","2024-05-05T00:32:54.000Z","1089","","0","elu","elu","simple_linear","256","zero","1","0","FashionMNIST","100","0.001","0","0","1","1","0.5","1.5","1.5","CCL","0","0","train","1","SGD","1","0","0","./yaml/mlp/fmnist_ccl.yaml","0.34456937193870546","64","0.33811800389289853"
"FashionMNIST_classification_CCL","0.8878333333333334","0.8849","finished","-","","","2024-05-04T23:18:10.000Z","1104","","0","elu","elu","simple_linear","256","zero","1","0","FashionMNIST","100","0.001","0","0","0.5","0.5","0.5","1.5","1.5","CCL","0","0","train","1","SGD","1","0","0","./yaml/mlp/fmnist_ccl.yaml","0.33173059193293253","64","0.33450130615234375"
"FashionMNIST_classification_CCL","0.887","0.8838","finished","-","","","2024-05-04T23:17:02.000Z","1019","","0","elu","elu","simple_linear","256","zero","1","0","FashionMNIST","100","0.001","0","0","0.5","0.5","0.5","1","1","CCL","0","0","train","1","SGD","1","0","0","./yaml/mlp/fmnist_ccl.yaml","0.32859591182072956","96","0.3379909525871277"
"FashionMNIST_classification_CCL","0.8861666666666667","0.8831","finished","-","","","2024-05-04T23:18:39.000Z","1117","","0","elu","elu","simple_linear","256","zero","1","0","FashionMNIST","100","0.001","0","0","0.5","0.5","0.5","2","2","CCL","0","0","train","1","SGD","1","0","0","./yaml/mlp/fmnist_ccl.yaml","0.33469773825009663","64","0.3419707043647766"
"FashionMNIST_classification_CCL","0.8855","0.8826","finished","-","","","2024-05-05T00:27:27.000Z","1025","","0","elu","elu","simple_linear","256","zero","1","0","FashionMNIST","100","0.001","0","0","1","1","0.5","1","1","CCL","0","0","train","1","SGD","1","0","0","./yaml/mlp/fmnist_ccl.yaml","0.3289066197872162","85","0.3390017949581146"
"FashionMNIST_classification_CCL","0.8845","0.8722","finished","-","","","2024-05-05T03:30:04.000Z","1070","","0","elu","elu","simple_linear","256","zero","1","0","FashionMNIST","100","0.001","0","0","1","1","0.5","1","1","CCL","0","0","train","1","SGD","2","0.0001","0.0001","./yaml/mlp/fmnist_ccl.yaml","0.3347205379803975","99","0.3697477104663849"
"FashionMNIST_classification_CCL","0.8836666666666667","0.8706","finished","-","","","2024-05-05T02:00:40.000Z","956","","0","elu","elu","simple_linear","256","zero","1","0","FashionMNIST","100","0.001","0","0","0.5","0.5","0.5","0.5","0.5","CCL","0","0","train","1","SGD","2","0.0001","0.0001","./yaml/mlp/fmnist_ccl.yaml","0.3378347578843435","99","0.3714457806587219"
"FashionMNIST_classification_CCL","0.8835","0.8725","finished","-","","","2024-05-05T02:16:04.000Z","1071","","0","elu","elu","simple_linear","256","zero","1","0","FashionMNIST","100","0.001","0","0","0.5","0.5","0.5","1","1","CCL","0","0","train","1","SGD","2","0.0001","0.0001","./yaml/mlp/fmnist_ccl.yaml","0.3374414456685384","99","0.3708439615249634"
"FashionMNIST_classification_CCL","0.8831666666666667","0.8713","finished","-","","","2024-05-05T03:06:29.000Z","942","","0","elu","elu","simple_linear","256","zero","1","0","FashionMNIST","100","0.001","0","0","1","1","0.5","0.5","0.5","CCL","0","0","train","1","SGD","2","0.0001","0.0001","./yaml/mlp/fmnist_ccl.yaml","0.33935761014620464","80","0.3719909586429596"
"FashionMNIST_classification_CCL","0.883","0.8784","finished","-","","","2024-05-05T00:21:29.000Z","959","","0","elu","elu","simple_linear","256","zero","1","0","FashionMNIST","100","0.001","0","0","1","1","0.5","0.5","0.5","CCL","0","0","train","1","SGD","1","0","0","./yaml/mlp/fmnist_ccl.yaml","0.33174984002113345","96","0.34545988755226137"
"FashionMNIST_classification_CCL","0.881","0.8809","finished","-","","","2024-05-04T23:15:55.000Z","953","","0","elu","elu","simple_linear","256","zero","1","0","FashionMNIST","100","0.001","0","0","0.5","0.5","0.5","0.5","0.5","CCL","0","0","train","1","SGD","1","0","0","./yaml/mlp/fmnist_ccl.yaml","0.33235245633125304","96","0.3388015809059143"
"FashionMNIST_classification_CCL","0.8806666666666667","0.8703","finished","-","","","2024-05-05T02:32:42.000Z","1131","","0","elu","elu","simple_linear","256","zero","1","0","FashionMNIST","100","0.001","0","0","0.5","0.5","0.5","2","2","CCL","0","0","train","1","SGD","2","0.0001","0.0001","./yaml/mlp/fmnist_ccl.yaml","0.3500453506310781","76","0.37906232242584226"
"FashionMNIST_classification_CCL","0.8803333333333333","0.8828","finished","-","","","2024-05-05T00:36:15.000Z","1135","","0","elu","elu","simple_linear","256","zero","1","0","FashionMNIST","100","0.001","0","0","1","1","0.5","2","2","CCL","0","0","train","1","SGD","1","0","0","./yaml/mlp/fmnist_ccl.yaml","0.35353058052062986","83","0.3432467908859253"
"FashionMNIST_classification_CCL","0.8801666666666667","0.8713","finished","-","","","2024-05-05T05:57:53.000Z","1073","","0","elu","elu","simple_linear","256","zero","1","0","FashionMNIST","100","0.001","0","0","1","1","0.5","1","1","CCL","0","0","train","1","SGD","3","0.0001","0.0001","./yaml/mlp/fmnist_ccl.yaml","0.35041851635773974","92","0.3727174315452575"
"FashionMNIST_classification_CCL","0.8796666666666667","0.8702","finished","-","","","2024-05-05T02:24:53.000Z","1066","","0","elu","elu","simple_linear","256","zero","1","0","FashionMNIST","100","0.001","0","0","0.5","0.5","0.5","1.5","1.5","CCL","0","0","train","1","SGD","2","0.0001","0.0001","./yaml/mlp/fmnist_ccl.yaml","0.3448376713593801","76","0.3768659692287445"
"FashionMNIST_classification_CCL","0.8793333333333333","0.8675","finished","-","","","2024-05-05T03:50:30.000Z","1137","","0","elu","elu","simple_linear","256","zero","1","0","FashionMNIST","100","0.001","0","0","1","1","0.5","2","2","CCL","0","0","train","1","SGD","2","0.0001","0.0001","./yaml/mlp/fmnist_ccl.yaml","0.35247511307398477","76","0.3816663249492645"
"FashionMNIST_classification_CCL","0.8793333333333333","0.8718","finished","-","","","2024-05-05T04:11:33.000Z","939","","0","elu","elu","simple_linear","256","zero","1","0","FashionMNIST","100","0.001","0","0","0.5","0.5","0.5","0.5","0.5","CCL","0","0","train","1","SGD","3","0.0001","0.0001","./yaml/mlp/fmnist_ccl.yaml","0.34629751376310985","99","0.3706184588432312"
"FashionMNIST_classification_CCL","0.879","0.8701","finished","-","","","2024-05-05T03:37:41.000Z","1046","","0","elu","elu","simple_linear","256","zero","1","0","FashionMNIST","100","0.001","0","0","1","1","0.5","1.5","1.5","CCL","0","0","train","1","SGD","2","0.0001","0.0001","./yaml/mlp/fmnist_ccl.yaml","0.34298779463768003","76","0.3763122431755066"
"FashionMNIST_classification_CCL","0.8786666666666667","0.8709","finished","-","","","2024-05-05T04:43:54.000Z","1066","","0","elu","elu","simple_linear","256","zero","1","0","FashionMNIST","100","0.001","0","0","0.5","0.5","0.5","1","1","CCL","0","0","train","1","SGD","3","0.0001","0.0001","./yaml/mlp/fmnist_ccl.yaml","0.3521703416109085","91","0.37640242404937746"
"FashionMNIST_classification_CCL","0.8786666666666667","0.8699","finished","-","","","2024-05-05T04:49:23.000Z","1057","","0","elu","elu","simple_linear","256","zero","1","0","FashionMNIST","100","0.001","0","0","0.5","0.5","0.5","1.5","1.5","CCL","0","0","train","1","SGD","3","0.0001","0.0001","./yaml/mlp/fmnist_ccl.yaml","0.35401718397935233","71","0.37887725172042847"
"FashionMNIST_classification_CCL","0.8786666666666667","0.8722","finished","-","","","2024-05-05T05:16:47.000Z","945","","0","elu","elu","simple_linear","256","zero","1","0","FashionMNIST","100","0.001","0","0","1","1","0.5","0.5","0.5","CCL","0","0","train","1","SGD","3","0.0001","0.0001","./yaml/mlp/fmnist_ccl.yaml","0.3464089963833491","99","0.3687409785270691"
"FashionMNIST_classification_CCL","0.8771666666666667","0.871","finished","-","","","2024-05-05T06:01:19.000Z","1043","","0","elu","elu","simple_linear","256","zero","1","0","FashionMNIST","100","0.001","0","0","1","1","0.5","1.5","1.5","CCL","0","0","train","1","SGD","3","0.0001","0.0001","./yaml/mlp/fmnist_ccl.yaml","0.3532684582471848","92","0.37805242471694944"
"FashionMNIST_classification_CCL","0.8766666666666667","0.8674","finished","-","","","2024-05-05T06:26:04.000Z","1133","","0","elu","elu","simple_linear","256","zero","1","0","FashionMNIST","100","0.001","0","0","1","1","0.5","2","2","CCL","0","0","train","1","SGD","3","0.0001","0.0001","./yaml/mlp/fmnist_ccl.yaml","0.35986022611459095","71","0.3807985846042633"
"FashionMNIST_classification_CCL","0.8761666666666666","0.8681","finished","-","","","2024-05-05T05:08:34.000Z","1107","","0","elu","elu","simple_linear","256","zero","1","0","FashionMNIST","100","0.001","0","0","0.5","0.5","0.5","2","2","CCL","0","0","train","1","SGD","3","0.0001","0.0001","./yaml/mlp/fmnist_ccl.yaml","0.3596245396534602","71","0.37972649102211"
"FashionMNIST_classification_CCL","0.8741666666666666","0.8724","finished","-","","","2024-05-05T01:02:59.000Z","1034","","0","elu","elu","simple_linear","256","zero","1","0","FashionMNIST","100","0.001","0","0","1","1","0.5","1","1","CCL","0","0","train","1","SGD","1","0.0001","0.0001","./yaml/mlp/fmnist_ccl.yaml","0.35892232275009156","83","0.37026077156066894"
"FashionMNIST_classification_CCL","0.8738333333333334","0.8713","finished","-","","","2024-05-05T00:54:38.000Z","954","","0","elu","elu","simple_linear","256","zero","1","0","FashionMNIST","100","0.001","0","0","1","1","0.5","0.5","0.5","CCL","0","0","train","1","SGD","1","0.0001","0.0001","./yaml/mlp/fmnist_ccl.yaml","0.357959832350413","96","0.3699511619091034"
"FashionMNIST_classification_CCL","0.8736666666666667","0.8728","finished","-","","","2024-05-04T23:52:11.000Z","1027","","0","elu","elu","simple_linear","256","zero","1","0","FashionMNIST","100","0.001","0","0","0.5","0.5","0.5","1","1","CCL","0","0","train","1","SGD","1","0.0001","0.0001","./yaml/mlp/fmnist_ccl.yaml","0.35881207100550333","96","0.3707393260002136"
"FashionMNIST_classification_CCL","0.8723333333333333","0.8722","finished","-","","","2024-05-04T23:48:41.000Z","946","","0","elu","elu","simple_linear","256","zero","1","0","FashionMNIST","100","0.001","0","0","0.5","0.5","0.5","0.5","0.5","CCL","0","0","train","1","SGD","1","0.0001","0.0001","./yaml/mlp/fmnist_ccl.yaml","0.3576992342472076","96","0.3695928778648376"
"FashionMNIST_classification_CCL","0.8688333333333333","0.8703","finished","-","","","2024-05-05T01:15:19.000Z","1135","","0","elu","elu","simple_linear","256","zero","1","0","FashionMNIST","100","0.001","0","0","1","1","0.5","2","2","CCL","0","0","train","1","SGD","1","0.0001","0.0001","./yaml/mlp/fmnist_ccl.yaml","0.37420751444498696","83","0.3764353416919709"
"FashionMNIST_classification_CCL","0.8688333333333333","0.8709","finished","-","","","2024-05-05T01:10:13.000Z","1079","","0","elu","elu","simple_linear","256","zero","1","0","FashionMNIST","100","0.001","0","0","1","1","0.5","1.5","1.5","CCL","0","0","train","1","SGD","1","0.0001","0.0001","./yaml/mlp/fmnist_ccl.yaml","0.3673893474737803","83","0.37436379833221434"
"FashionMNIST_classification_CCL","0.8681666666666666","0.8705","finished","-","","","2024-05-04T23:57:31.000Z","1133","","0","elu","elu","simple_linear","256","zero","1","0","FashionMNIST","100","0.001","0","0","0.5","0.5","0.5","2","2","CCL","0","0","train","1","SGD","1","0.0001","0.0001","./yaml/mlp/fmnist_ccl.yaml","0.3752408855756123","83","0.37873753733634946"
"FashionMNIST_classification_CCL","0.868","0.8709","finished","-","","","2024-05-04T23:55:50.000Z","1079","","0","elu","elu","simple_linear","256","zero","1","0","FashionMNIST","100","0.001","0","0","0.5","0.5","0.5","1.5","1.5","CCL","0","0","train","1","SGD","1","0.0001","0.0001","./yaml/mlp/fmnist_ccl.yaml","0.36733162522315976","83","0.3758667048454285"
"CIFAR10_classification_CCL","0.5236","0.5227","finished","-","","","2024-05-05T01:56:37.000Z","1286","","0","elu","elu","simple_linear","256","zero","1","0","CIFAR10","100","0.001","0","0","0.5","0.5","0.5","1","1","CCL","0","0","train","3","SGD","3","0","0","./yaml/mlp/cifar10_ccl.yaml","1.4547755296707154","84","1.4143559059143067"
"CIFAR10_classification_CCL","0.5234","0.5173","finished","-","","","2024-05-05T01:37:57.000Z","1083","","0","elu","elu","simple_linear","256","zero","1","0","CIFAR10","100","0.001","0","0","0.5","0.5","0.5","0.5","0.5","CCL","0","0","train","3","SGD","3","0","0","./yaml/mlp/cifar10_ccl.yaml","1.4092272409439086","84","1.402692877960205"
"CIFAR10_classification_CCL","0.5232","0.5206","finished","-","","","2024-05-05T05:06:59.000Z","1576","","0","elu","elu","simple_linear","256","zero","1","0","CIFAR10","100","0.001","0","0","0.5","0.5","0.5","1.5","1.5","CCL","0","0","train","3","SGD","3","0.0001","0.0001","./yaml/mlp/cifar10_ccl.yaml","1.389985405921936","96","1.3775591045379638"
"CIFAR10_classification_CCL","0.5226","0.5253","finished","-","","","2024-05-04T23:30:52.000Z","1270","","0","elu","elu","simple_linear","256","zero","1","0","CIFAR10","100","0.001","0","0","0.5","0.5","0.5","1","1","CCL","0","0","train","3","SGD","1","0.0001","0.0001","./yaml/mlp/cifar10_ccl.yaml","1.396747555541992","89","1.3694295080184935"
"CIFAR10_classification_CCL","0.5222","0.5139","finished","-","","","2024-05-05T02:14:27.000Z","1092","","0","elu","elu","simple_linear","256","zero","1","0","CIFAR10","100","0.001","0","0","1","1","0.5","0.5","0.5","CCL","0","0","train","3","SGD","3","0","0","./yaml/mlp/cifar10_ccl.yaml","1.4186877517700196","84","1.4042729496002198"
"CIFAR10_classification_CCL","0.5216","0.5189","finished","-","","","2024-05-05T02:18:12.000Z","1258","","0","elu","elu","simple_linear","256","zero","1","0","CIFAR10","100","0.001","0","0","0.5","0.5","0.5","1","1","CCL","0","0","train","3","SGD","3","0.0001","0.0001","./yaml/mlp/cifar10_ccl.yaml","1.3879541093826293","96","1.3772082372665406"
"CIFAR10_classification_CCL","0.5214","0.5208","finished","-","","","2024-05-05T03:00:43.000Z","1127","","0","elu","elu","simple_linear","256","zero","1","0","CIFAR10","100","0.001","0","0","1","1","0.5","1","1","CCL","0","0","train","3","SGD","3","0.0001","0.0001","./yaml/mlp/cifar10_ccl.yaml","1.3917226509094238","96","1.38071171169281"
"CIFAR10_classification_CCL","0.52","0.5209","finished","-","","","2024-05-04T23:11:07.000Z","1176","","0","elu","elu","simple_linear","256","zero","1","0","CIFAR10","100","0.001","0","0","0.5","0.5","0.5","1","1","CCL","0","0","train","3","SGD","1","0","0","./yaml/mlp/cifar10_ccl.yaml","1.444257067680359","85","1.4165164226531983"
"CIFAR10_classification_CCL","0.5172","0.5141","finished","-","","","2024-05-04T23:48:06.000Z","1083","","0","elu","elu","simple_linear","256","zero","1","0","CIFAR10","100","0.001","0","0","1","1","0.5","0.5","0.5","CCL","0","0","train","3","SGD","1","0","0","./yaml/mlp/cifar10_ccl.yaml","1.4410018472671509","84","1.412899418449402"
"CIFAR10_classification_CCL","0.5172","0.5186","finished","-","","","2024-05-05T06:00:13.000Z","1596","","0","elu","elu","simple_linear","256","zero","1","0","CIFAR10","100","0.001","0","0","1","1","0.5","1.5","1.5","CCL","0","0","train","3","SGD","3","0.0001","0.0001","./yaml/mlp/cifar10_ccl.yaml","1.3940833948135376","96","1.3858302852630615"
"CIFAR10_classification_CCL","0.5166","0.5132","finished","-","","","2024-05-05T02:51:19.000Z","1088","","0","elu","elu","simple_linear","256","zero","1","0","CIFAR10","100","0.001","0","0","0.5","0.5","0.5","0.5","0.5","CCL","0","0","train","3","SGD","4","0","0","./yaml/mlp/cifar10_ccl.yaml","1.4751157806396484","77","1.4142002166748049"
"CIFAR10_classification_CCL","0.516","0.5182","finished","-","","","2024-05-05T01:56:09.000Z","1087","","0","elu","elu","simple_linear","256","zero","1","0","CIFAR10","100","0.001","0","0","0.5","0.5","0.5","0.5","0.5","CCL","0","0","train","3","SGD","3","0.0001","0.0001","./yaml/mlp/cifar10_ccl.yaml","1.4029384397506717","99","1.3956205429077149"
"CIFAR10_classification_CCL","0.5158","0.5307","finished","-","","","2024-05-05T00:32:50.000Z","1231","","0","elu","elu","simple_linear","256","zero","1","0","CIFAR10","100","0.001","0","0","0.5","0.5","0.5","1","1","CCL","0","0","train","3","SGD","2","0","0","./yaml/mlp/cifar10_ccl.yaml","1.4779986307144164","87","1.3962610332489014"
"CIFAR10_classification_CCL","0.5156","0.522","finished","-","","","2024-05-05T00:11:20.000Z","1280","","0","elu","elu","simple_linear","256","zero","1","0","CIFAR10","100","0.001","0","0","1","1","0.5","1","1","CCL","0","0","train","3","SGD","1","0.0001","0.0001","./yaml/mlp/cifar10_ccl.yaml","1.4139600639343262","81","1.3761205629348754"
"CIFAR10_classification_CCL","0.515","0.516","finished","-","","","2024-05-04T23:11:07.000Z","1112","","0","elu","elu","simple_linear","256","zero","1","0","CIFAR10","100","0.001","0","0","0.5","0.5","0.5","0.5","0.5","CCL","0","0","train","3","SGD","1","0","0","./yaml/mlp/cifar10_ccl.yaml","1.423905308532715","82","1.4052307474136352"
"CIFAR10_classification_CCL","0.5146","0.5158","finished","-","","","2024-05-05T06:52:44.000Z","1561","","0","elu","elu","simple_linear","256","zero","1","0","CIFAR10","100","0.001","0","0","0.5","0.5","0.5","1.5","1.5","CCL","0","0","train","3","SGD","4","0.0001","0.0001","./yaml/mlp/cifar10_ccl.yaml","1.4322966747283936","84","1.3836492294311524"
"CIFAR10_classification_CCL","0.5146","0.5174","finished","-","","","2024-05-05T02:11:47.000Z","1107","","0","elu","elu","simple_linear","256","zero","1","0","CIFAR10","100","0.001","0","0","0.5","0.5","0.5","2","2","CCL","0","0","train","3","SGD","3","0.0001","0.0001","./yaml/mlp/cifar10_ccl.yaml","1.3961553953170776","96","1.3814836221694946"
"CIFAR10_classification_CCL","0.5144","0.516","finished","-","","","2024-05-05T03:27:58.000Z","1093","","0","elu","elu","simple_linear","256","zero","1","0","CIFAR10","100","0.001","0","0","1","1","0.5","0.5","0.5","CCL","0","0","train","3","SGD","4","0","0","./yaml/mlp/cifar10_ccl.yaml","1.467877039527893","77","1.4138614318847655"
"CIFAR10_classification_CCL","0.5132","0.5112","finished","-","","","2024-05-05T02:32:49.000Z","1102","","0","elu","elu","simple_linear","256","zero","1","0","CIFAR10","100","0.001","0","0","1","1","0.5","0.5","0.5","CCL","0","0","train","3","SGD","3","0.0001","0.0001","./yaml/mlp/cifar10_ccl.yaml","1.4120882177352905","99","1.40245495967865"
"CIFAR10_classification_CCL","0.512","0.5148","finished","-","","","2024-05-05T01:32:37.000Z","1579","","0","elu","elu","simple_linear","256","zero","1","0","CIFAR10","100","0.001","0","0","0.5","0.5","0.5","1.5","1.5","CCL","0","0","train","3","SGD","1","0.0001","0.0001","./yaml/mlp/cifar10_ccl.yaml","1.4018950496673583","81","1.378946196937561"
"CIFAR10_classification_CCL","0.5118","0.5136","finished","-","","","2024-05-05T03:24:41.000Z","1077","","0","elu","elu","simple_linear","256","zero","1","0","CIFAR10","100","0.001","0","0","0.5","0.5","0.5","2","2","CCL","0","0","train","3","SGD","4","0.0001","0.0001","./yaml/mlp/cifar10_ccl.yaml","1.4365827402114868","84","1.3894793252944946"
"CIFAR10_classification_CCL","0.5118","0.5124","finished","-","","","2024-05-04T23:36:13.000Z","888","","0","elu","elu","simple_linear","256","zero","1","0","CIFAR10","100","0.001","0","0","0.5","0.5","0.5","1.5","1.5","CCL","0","0","train","3","SGD","1","0.0001","0.0001","./yaml/mlp/cifar10_ccl.yaml","1.4033869369506835","95","1.3924533926010132"
"CIFAR10_classification_CCL","0.5106","0.5312","finished","-","","","2024-05-05T03:19:38.000Z","1253","","0","elu","elu","simple_linear","256","zero","1","0","CIFAR10","100","0.001","0","0","0.5","0.5","0.5","1","1","CCL","0","0","train","3","SGD","4","0","0","./yaml/mlp/cifar10_ccl.yaml","1.5955531469345092","73","1.3905000709533692"
"CIFAR10_classification_CCL","0.5104","0.5137","finished","-","","","2024-05-05T02:48:17.000Z","1083","","0","elu","elu","simple_linear","256","zero","1","0","CIFAR10","100","0.001","0","0","1","1","0.5","2","2","CCL","0","0","train","3","SGD","3","0.0001","0.0001","./yaml/mlp/cifar10_ccl.yaml","1.404101537322998","96","1.3927265602111816"
"CIFAR10_classification_CCL","0.5104","0.5114","finished","-","","","2024-05-05T00:05:44.000Z","871","","0","elu","elu","simple_linear","256","zero","1","0","CIFAR10","100","0.001","0","0","1","1","0.5","1.5","1.5","CCL","0","0","train","3","SGD","1","0.0001","0.0001","./yaml/mlp/cifar10_ccl.yaml","1.415965717315674","95","1.3939791915893556"
"CIFAR10_classification_CCL","0.5096","0.5168","finished","-","","","2024-05-05T02:26:08.000Z","1625","","0","elu","elu","simple_linear","256","zero","1","0","CIFAR10","100","0.001","0","0","1","1","0.5","1.5","1.5","CCL","0","0","train","3","SGD","1","0.0001","0.0001","./yaml/mlp/cifar10_ccl.yaml","1.415742317199707","95","1.3930945959091183"
"CIFAR10_classification_CCL","0.5094","0.5139","finished","-","","","2024-05-05T07:45:16.000Z","1572","","0","elu","elu","simple_linear","256","zero","1","0","CIFAR10","100","0.001","0","0","1","1","0.5","1.5","1.5","CCL","0","0","train","3","SGD","4","0.0001","0.0001","./yaml/mlp/cifar10_ccl.yaml","1.448822414588928","84","1.3936372455596924"
"CIFAR10_classification_CCL","0.509","0.51","finished","-","","","2024-05-05T03:09:44.000Z","1086","","0","elu","elu","simple_linear","256","zero","1","0","CIFAR10","100","0.001","0","0","0.5","0.5","0.5","0.5","0.5","CCL","0","0","train","3","SGD","4","0.0001","0.0001","./yaml/mlp/cifar10_ccl.yaml","1.4361983125686646","98","1.3946650957107545"
"CIFAR10_classification_CCL","0.5086","0.5143","finished","-","","","2024-05-05T03:40:40.000Z","1349","","0","elu","elu","simple_linear","256","zero","1","0","CIFAR10","100","0.001","0","0","0.5","0.5","0.5","1","1","CCL","0","0","train","3","SGD","4","0.0001","0.0001","./yaml/mlp/cifar10_ccl.yaml","1.435760248184204","84","1.3879419750213624"
"CIFAR10_classification_CCL","0.508","0.5205","finished","-","","","2024-05-05T04:25:20.000Z","1290","","0","elu","elu","simple_linear","256","zero","1","0","CIFAR10","100","0.001","0","0","1","1","0.5","1","1","CCL","0","0","train","3","SGD","4","0.0001","0.0001","./yaml/mlp/cifar10_ccl.yaml","1.4505580018997193","84","1.3801393831253053"
"CIFAR10_classification_CCL","0.5078","0.5064","finished","-","","","2024-05-04T23:29:48.000Z","1090","","0","elu","elu","simple_linear","256","zero","1","0","CIFAR10","100","0.001","0","0","0.5","0.5","0.5","0.5","0.5","CCL","0","0","train","3","SGD","1","0.0001","0.0001","./yaml/mlp/cifar10_ccl.yaml","1.4207908462524417","95","1.408673292541504"
"CIFAR10_classification_CCL","0.507","0.5193","finished","-","","","2024-05-05T04:01:03.000Z","1155","","0","elu","elu","simple_linear","256","zero","1","0","CIFAR10","100","0.001","0","0","1","1","0.5","2","2","CCL","0","0","train","3","SGD","4","0.0001","0.0001","./yaml/mlp/cifar10_ccl.yaml","1.449990631866455","97","1.393055044555664"
"CIFAR10_classification_CCL","0.507","0.515","finished","-","","","2024-05-05T00:06:17.000Z","1101","","0","elu","elu","simple_linear","256","zero","1","0","CIFAR10","100","0.001","0","0","1","1","0.5","0.5","0.5","CCL","0","0","train","3","SGD","1","0.0001","0.0001","./yaml/mlp/cifar10_ccl.yaml","1.4215006786346436","96","1.3988692852020264"
"CIFAR10_classification_CCL","0.5066","0.5093","finished","-","","","2024-05-05T00:19:40.000Z","1143","","0","elu","elu","simple_linear","256","zero","1","0","CIFAR10","100","0.001","0","0","1","1","0.5","2","2","CCL","0","0","train","3","SGD","1","0.0001","0.0001","./yaml/mlp/cifar10_ccl.yaml","1.417879712677002","95","1.3963091493606568"
"CIFAR10_classification_CCL","0.5062","0.5091","finished","-","","","2024-05-05T03:46:20.000Z","1102","","0","elu","elu","simple_linear","256","zero","1","0","CIFAR10","100","0.001","0","0","1","1","0.5","0.5","0.5","CCL","0","0","train","3","SGD","4","0.0001","0.0001","./yaml/mlp/cifar10_ccl.yaml","1.4381555725097657","97","1.4029475744247435"
"CIFAR10_classification_CCL","0.5058","0.5134","finished","-","","","2024-05-04T23:42:13.000Z","1118","","0","elu","elu","simple_linear","256","zero","1","0","CIFAR10","100","0.001","0","0","0.5","0.5","0.5","2","2","CCL","0","0","train","3","SGD","1","0.0001","0.0001","./yaml/mlp/cifar10_ccl.yaml","1.41512955493927","95","1.3970218114852906"
"CIFAR10_classification_CCL","0.5034","0.5198","finished","-","","","2024-05-05T00:24:47.000Z","1103","","0","elu","elu","simple_linear","256","zero","1","0","CIFAR10","100","0.001","0","0","0.5","0.5","0.5","0.5","0.5","CCL","0","0","train","3","SGD","2","0","0","./yaml/mlp/cifar10_ccl.yaml","1.4526220352172852","90","1.392135816574097"
"CIFAR10_classification_CCL","0.5028","0.5217","finished","-","","","2024-05-05T03:20:25.000Z","1620","","0","elu","elu","simple_linear","256","zero","1","0","CIFAR10","100","0.001","0","0","0.5","0.5","0.5","1.5","1.5","CCL","0","0","train","3","SGD","2","0.0001","0.0001","./yaml/mlp/cifar10_ccl.yaml","1.4341123346328737","88","1.3715890703201294"
"CIFAR10_classification_CCL","0.5006","0.5245","finished","-","","","2024-05-05T01:35:25.000Z","1265","","0","elu","elu","simple_linear","256","zero","1","0","CIFAR10","100","0.001","0","0","1","1","0.5","1","1","CCL","0","0","train","3","SGD","2","0.0001","0.0001","./yaml/mlp/cifar10_ccl.yaml","1.4400157970428469","88","1.370163878250122"
"CIFAR10_classification_CCL","0.499","0.4977","finished","-","","","2024-05-05T03:28:58.000Z","1102","","0","elu","elu","simple_linear","256","zero","1","0","CIFAR10","100","0.001","0","0","1","1","0.5","0.2","0.2","CCL","0","0","train","3","SGD","4","0","0","./yaml/mlp/cifar10_ccl.yaml","1.4515112789154052","98","1.434704539680481"
"CIFAR10_classification_CCL","0.4988","0.5187","finished","-","","","2024-05-05T00:35:24.000Z","879","","0","elu","elu","simple_linear","256","zero","1","0","CIFAR10","100","0.001","0","0","0.5","0.5","0.5","1.5","1.5","CCL","0","0","train","3","SGD","2","0.0001","0.0001","./yaml/mlp/cifar10_ccl.yaml","1.434644931411743","88","1.3771638105392456"
"CIFAR10_classification_CCL","0.4986","0.5184","finished","-","","","2024-05-05T00:53:30.000Z","1268","","0","elu","elu","simple_linear","256","zero","1","0","CIFAR10","100","0.001","0","0","0.5","0.5","0.5","1","1","CCL","0","0","train","3","SGD","2","0.0001","0.0001","./yaml/mlp/cifar10_ccl.yaml","1.4362087299346924","88","1.371373140335083"
"CIFAR10_classification_CCL","0.4978","0.4988","finished","-","","","2024-05-05T02:52:24.000Z","1095","","0","elu","elu","simple_linear","256","zero","1","0","CIFAR10","100","0.001","0","0","0.5","0.5","0.5","0.2","0.2","CCL","0","0","train","3","SGD","4","0","0","./yaml/mlp/cifar10_ccl.yaml","1.452435775566101","98","1.4344493825912477"
"CIFAR10_classification_CCL","0.4968","0.4987","finished","-","","","2024-05-05T01:38:55.000Z","1086","","0","elu","elu","simple_linear","256","zero","1","0","CIFAR10","100","0.001","0","0","0.5","0.5","0.5","0.2","0.2","CCL","0","0","train","3","SGD","3","0","0","./yaml/mlp/cifar10_ccl.yaml","1.4549801385879515","99","1.4438368633270264"
"CIFAR10_classification_CCL","0.4954","0.4908","finished","-","","","2024-05-04T23:48:27.000Z","1079","","0","elu","elu","simple_linear","256","zero","1","0","CIFAR10","100","0.001","0","0","1","1","0.5","0.2","0.2","CCL","0","0","train","3","SGD","1","0","0","./yaml/mlp/cifar10_ccl.yaml","1.4569387811660766","98","1.4495830070495606"
"CIFAR10_classification_CCL","0.4952","0.5168","finished","-","","","2024-05-05T00:57:24.000Z","1086","","0","elu","elu","simple_linear","256","zero","1","0","CIFAR10","100","0.001","0","0","0.5","0.5","0.5","2","2","CCL","0","0","train","3","SGD","2","0.0001","0.0001","./yaml/mlp/cifar10_ccl.yaml","1.4499045265197754","87","1.3805351434707642"
"CIFAR10_classification_CCL","0.4946","0.4858","finished","-","","","2024-05-05T03:47:35.000Z","1096","","0","elu","elu","simple_linear","256","zero","1","0","CIFAR10","100","0.001","0","0","1","1","0.5","0.2","0.2","CCL","0","0","train","3","SGD","4","0.0001","0.0001","./yaml/mlp/cifar10_ccl.yaml","1.482922557067871","98","1.4704948648452758"
"CIFAR10_classification_CCL","0.4946","0.4886","finished","-","","","2024-05-05T03:10:47.000Z","1084","","0","elu","elu","simple_linear","256","zero","1","0","CIFAR10","100","0.001","0","0","0.5","0.5","0.5","0.2","0.2","CCL","0","0","train","3","SGD","4","0.0001","0.0001","./yaml/mlp/cifar10_ccl.yaml","1.4815490631103516","98","1.4698747156143188"
"CIFAR10_classification_CCL","0.494","0.5184","finished","-","","","2024-05-05T04:14:16.000Z","1562","","0","elu","elu","simple_linear","256","zero","1","0","CIFAR10","100","0.001","0","0","1","1","0.5","1.5","1.5","CCL","0","0","train","3","SGD","2","0.0001","0.0001","./yaml/mlp/cifar10_ccl.yaml","1.45012828540802","88","1.3862808403015137"
"CIFAR10_classification_CCL","0.4934","0.4989","finished","-","","","2024-05-05T02:15:39.000Z","1088","","0","elu","elu","simple_linear","256","zero","1","0","CIFAR10","100","0.001","0","0","1","1","0.5","0.2","0.2","CCL","0","0","train","3","SGD","3","0","0","./yaml/mlp/cifar10_ccl.yaml","1.4548802820205688","99","1.443941812324524"
"CIFAR10_classification_CCL","0.4932","0.4938","finished","-","","","2024-05-04T23:11:07.000Z","1123","","0","elu","elu","simple_linear","256","zero","1","0","CIFAR10","100","0.001","0","0","0.5","0.5","0.5","0.2","0.2","CCL","0","0","train","3","SGD","1","0","0","./yaml/mlp/cifar10_ccl.yaml","1.4572217082977297","97","1.4519104541778565"
"CIFAR10_classification_CCL","0.493","0.5101","finished","-","","","2024-05-05T01:19:43.000Z","1082","","0","elu","elu","simple_linear","256","zero","1","0","CIFAR10","100","0.001","0","0","1","1","0.5","0.5","0.5","CCL","0","0","train","3","SGD","2","0.0001","0.0001","./yaml/mlp/cifar10_ccl.yaml","1.4518442308425905","92","1.4019086908340457"
"CIFAR10_classification_CCL","0.4928","0.5014","finished","-","","","2024-05-05T01:06:14.000Z","1573","","0","elu","elu","simple_linear","256","zero","1","0","CIFAR10","100","0.001","0","0","0.5","0.5","0.5","1.5","1.5","CCL","0","0","train","3","SGD","1","0","0","./yaml/mlp/cifar10_ccl.yaml","1.4685568853378297","95","1.4222053932189942"
"CIFAR10_classification_CCL","0.492","0.4886","finished","-","","","2024-05-04T23:21:01.000Z","898","","0","elu","elu","simple_linear","256","zero","1","0","CIFAR10","100","0.001","0","0","0.5","0.5","0.5","1.5","1.5","CCL","0","0","train","3","SGD","1","0","0","./yaml/mlp/cifar10_ccl.yaml","1.4599470844268798","99","1.4514794355392455"
"CIFAR10_classification_CCL","0.492","0.5069","finished","-","","","2024-05-05T02:53:31.000Z","1598","","0","elu","elu","simple_linear","256","zero","1","0","CIFAR10","100","0.001","0","0","0.5","0.5","0.5","1.5","1.5","CCL","0","0","train","3","SGD","2","0","0","./yaml/mlp/cifar10_ccl.yaml","1.461446461677551","98","1.4232637510299682"
"CIFAR10_classification_CCL","0.4894","0.5141","finished","-","","","2024-05-05T00:43:18.000Z","1088","","0","elu","elu","simple_linear","256","zero","1","0","CIFAR10","100","0.001","0","0","0.5","0.5","0.5","0.5","0.5","CCL","0","0","train","3","SGD","2","0.0001","0.0001","./yaml/mlp/cifar10_ccl.yaml","1.4532632751464845","92","1.401131948852539"
"CIFAR10_classification_CCL","0.4892","0.5128","finished","-","","","2024-05-05T01:34:29.000Z","1116","","0","elu","elu","simple_linear","256","zero","1","0","CIFAR10","100","0.001","0","0","1","1","0.5","2","2","CCL","0","0","train","3","SGD","2","0.0001","0.0001","./yaml/mlp/cifar10_ccl.yaml","1.4576355520248414","88","1.3861210439682008"
"CIFAR10_classification_CCL","0.4886","0.49","finished","-","","","2024-05-05T02:33:55.000Z","1101","","0","elu","elu","simple_linear","256","zero","1","0","CIFAR10","100","0.001","0","0","1","1","0.5","0.2","0.2","CCL","0","0","train","3","SGD","3","0.0001","0.0001","./yaml/mlp/cifar10_ccl.yaml","1.4905620628356933","99","1.476235136985779"
"CIFAR10_classification_CCL","0.4882","0.4909","finished","-","","","2024-05-05T01:57:09.000Z","1102","","0","elu","elu","simple_linear","256","zero","1","0","CIFAR10","100","0.001","0","0","0.5","0.5","0.5","0.2","0.2","CCL","0","0","train","3","SGD","3","0.0001","0.0001","./yaml/mlp/cifar10_ccl.yaml","1.4911618034362792","99","1.475309572982788"
"CIFAR10_classification_CCL","0.487","0.4759","finished","-","","","2024-05-05T04:40:32.000Z","1576","","0","elu","elu","simple_linear","256","zero","1","0","CIFAR10","100","0.001","0","0","0.5","0.5","0.5","1.5","1.5","CCL","0","0","train","3","SGD","3","0","0","./yaml/mlp/cifar10_ccl.yaml","1.4798467399597168","99","1.480451311302185"
"CIFAR10_classification_CCL","0.4848","0.5186","finished","-","","","2024-05-05T01:01:35.000Z","1079","","0","elu","elu","simple_linear","256","zero","1","0","CIFAR10","100","0.001","0","0","1","1","0.5","0.5","0.5","CCL","0","0","train","3","SGD","2","0","0","./yaml/mlp/cifar10_ccl.yaml","1.5439449743270874","90","1.386351442718506"
"CIFAR10_classification_CCL","0.4818","0.4879","finished","-","","","2024-05-04T23:29:58.000Z","1102","","0","elu","elu","simple_linear","256","zero","1","0","CIFAR10","100","0.001","0","0","0.5","0.5","0.5","0.2","0.2","CCL","0","0","train","3","SGD","1","0.0001","0.0001","./yaml/mlp/cifar10_ccl.yaml","1.4901899927139282","97","1.4824260746002198"
"CIFAR10_classification_CCL","0.481","0.4908","finished","-","","","2024-05-05T01:02:04.000Z","1101","","0","elu","elu","simple_linear","256","zero","1","0","CIFAR10","100","0.001","0","0","1","1","0.5","0.2","0.2","CCL","0","0","train","3","SGD","2","0","0","./yaml/mlp/cifar10_ccl.yaml","1.4965214595794678","95","1.4469615957260131"
"CIFAR10_classification_CCL","0.48","0.4888","finished","-","","","2024-05-05T00:06:33.000Z","1101","","0","elu","elu","simple_linear","256","zero","1","0","CIFAR10","100","0.001","0","0","1","1","0.5","0.2","0.2","CCL","0","0","train","3","SGD","1","0.0001","0.0001","./yaml/mlp/cifar10_ccl.yaml","1.489952035713196","97","1.4826296884536745"
"CIFAR10_classification_CCL","0.4798","0.4872","finished","-","","","2024-05-05T00:20:25.000Z","883","","0","elu","elu","simple_linear","256","zero","1","0","CIFAR10","100","0.001","0","0","0.5","0.5","0.5","1.5","1.5","CCL","0","0","train","3","SGD","2","0","0","./yaml/mlp/cifar10_ccl.yaml","1.499991870880127","99","1.4666546325683594"
"CIFAR10_classification_CCL","0.4794","0.4905","finished","-","","","2024-05-05T00:25:02.000Z","1113","","0","elu","elu","simple_linear","256","zero","1","0","CIFAR10","100","0.001","0","0","0.5","0.5","0.5","0.2","0.2","CCL","0","0","train","3","SGD","2","0","0","./yaml/mlp/cifar10_ccl.yaml","1.4962832670211792","95","1.4494652027130126"
"CIFAR10_classification_CCL","0.4764","0.4751","finished","-","","","2024-05-05T06:27:00.000Z","1533","","0","elu","elu","simple_linear","256","zero","1","0","CIFAR10","100","0.001","0","0","0.5","0.5","0.5","1.5","1.5","CCL","0","0","train","3","SGD","4","0","0","./yaml/mlp/cifar10_ccl.yaml","1.4880166667938233","98","1.4873620811462402"
"CIFAR10_classification_CCL","0.4742","0.4658","finished","-","","","2024-05-05T04:03:18.000Z","1312","","0","elu","elu","simple_linear","256","zero","1","0","CIFAR10","100","0.001","0","0","1","1","0.5","1","1","CCL","0","0","train","3","SGD","4","0","0","./yaml/mlp/cifar10_ccl.yaml","1.4972794818878177","99","1.4991802370071412"
"CIFAR10_classification_CCL","0.4738","0.4866","finished","-","","","2024-05-05T01:20:35.000Z","1090","","0","elu","elu","simple_linear","256","zero","1","0","CIFAR10","100","0.001","0","0","1","1","0.5","0.2","0.2","CCL","0","0","train","3","SGD","2","0.0001","0.0001","./yaml/mlp/cifar10_ccl.yaml","1.5224720560073852","95","1.479375819969177"
"CIFAR10_classification_CCL","0.4732","0.4871","finished","-","","","2024-05-05T00:43:43.000Z","1094","","0","elu","elu","simple_linear","256","zero","1","0","CIFAR10","100","0.001","0","0","0.5","0.5","0.5","0.2","0.2","CCL","0","0","train","3","SGD","2","0.0001","0.0001","./yaml/mlp/cifar10_ccl.yaml","1.5209136487960817","95","1.4805560695648194"
"CIFAR10_classification_CCL","0.3678","0.3745","finished","-","","","2024-05-04T23:23:01.000Z","1142","","0","elu","elu","simple_linear","256","zero","1","0","CIFAR10","100","0.001","0","0","0.5","0.5","0.5","2","2","CCL","0","0","train","3","SGD","1","0","0","./yaml/mlp/cifar10_ccl.yaml","1.7901531955718994","99","1.785802739906311"
"CIFAR10_classification_CCL","0.357","0.3679","finished","-","","","2024-05-05T01:53:38.000Z","1073","","0","elu","elu","simple_linear","256","zero","1","0","CIFAR10","100","0.001","0","0","0.5","0.5","0.5","2","2","CCL","0","0","train","3","SGD","3","0","0","./yaml/mlp/cifar10_ccl.yaml","1.8482677013397215","58","1.788113551712036"
"CIFAR10_classification_CCL","0.3494","0.37","finished","-","","","2024-05-05T00:38:52.000Z","1103","","0","elu","elu","simple_linear","256","zero","1","0","CIFAR10","100","0.001","0","0","0.5","0.5","0.5","2","2","CCL","0","0","train","3","SGD","2","0","0","./yaml/mlp/cifar10_ccl.yaml","1.8464286504745484","95","1.7772700828552246"
"CIFAR10_classification_CCL","0.3458","0.3676","finished","-","","","2024-05-04T23:52:11.000Z","1141","","0","elu","elu","simple_linear","256","zero","1","0","CIFAR10","100","0.001","0","0","1","1","0.5","1","1","CCL","0","0","train","3","SGD","1","0","0","./yaml/mlp/cifar10_ccl.yaml","1.8429119638442992","76","1.787445419883728"
"CIFAR10_classification_CCL","0.3346","0.3718","finished","-","","","2024-05-05T05:33:26.000Z","1597","","0","elu","elu","simple_linear","256","zero","1","0","CIFAR10","100","0.001","0","0","1","1","0.5","1.5","1.5","CCL","0","0","train","3","SGD","3","0","0","./yaml/mlp/cifar10_ccl.yaml","1.9150133365631103","94","1.7875369817733764"
"CIFAR10_classification_CCL","0.3278","0.3726","finished","-","","","2024-05-05T03:06:30.000Z","1080","","0","elu","elu","simple_linear","256","zero","1","0","CIFAR10","100","0.001","0","0","0.5","0.5","0.5","2","2","CCL","0","0","train","3","SGD","4","0","0","./yaml/mlp/cifar10_ccl.yaml","1.9062509170532227","88","1.8096187881469727"
"CIFAR10_classification_CCL","0.325","0.3846","finished","-","","","2024-05-05T01:14:52.000Z","1224","","0","elu","elu","simple_linear","256","zero","1","0","CIFAR10","100","0.001","0","0","1","1","0.5","1","1","CCL","0","0","train","3","SGD","2","0","0","./yaml/mlp/cifar10_ccl.yaml","1.9234651304244992","79","1.7590798112869264"
"CIFAR10_classification_CCL","0.318","0.3348","finished","-","","","2024-05-05T03:42:49.000Z","1083","","0","elu","elu","simple_linear","256","zero","1","0","CIFAR10","100","0.001","0","0","1","1","0.5","2","2","CCL","0","0","train","3","SGD","4","0","0","./yaml/mlp/cifar10_ccl.yaml","1.9295498472213743","27","1.8677520824432372"
"CIFAR10_classification_CCL","0.302","0.3681","finished","-","","","2024-05-05T01:59:21.000Z","1595","","0","elu","elu","simple_linear","256","zero","1","0","CIFAR10","100","0.001","0","0","1","1","0.5","1.5","1.5","CCL","0","0","train","3","SGD","1","0","0","./yaml/mlp/cifar10_ccl.yaml","2.112562005805969","70","1.7978067672729492"
"CIFAR10_classification_CCL","0.3","","crashed","-","","","2024-05-05T00:50:17.000Z","780","","0","elu","elu","simple_linear","256","zero","1","0","CIFAR10","100","0.001","0","0","1","1","0.5","1.5","1.5","CCL","0","0","train","3","SGD","2","0","0","./yaml/mlp/cifar10_ccl.yaml","2.0187121139526365","",""
"CIFAR10_classification_CCL","0.2926","0.3509","finished","-","","","2024-05-05T00:01:02.000Z","1106","","0","elu","elu","simple_linear","256","zero","1","0","CIFAR10","100","0.001","0","0","1","1","0.5","2","2","CCL","0","0","train","3","SGD","1","0","0","./yaml/mlp/cifar10_ccl.yaml","2.000542139434814","55","1.845674626350403"
"CIFAR10_classification_CCL","0.2896","0.358","finished","-","","","2024-05-05T03:47:48.000Z","1573","","0","elu","elu","simple_linear","256","zero","1","0","CIFAR10","100","0.001","0","0","1","1","0.5","1.5","1.5","CCL","0","0","train","3","SGD","2","0","0","./yaml/mlp/cifar10_ccl.yaml","2.2413925365448","76","1.8289674913406373"
"CIFAR10_classification_CCL","0.2872","0.3686","finished","-","","","2024-05-05T02:39:18.000Z","1273","","0","elu","elu","simple_linear","256","zero","1","0","CIFAR10","100","0.001","0","0","1","1","0.5","1","1","CCL","0","0","train","3","SGD","3","0","0","./yaml/mlp/cifar10_ccl.yaml","2.2885519313812255","69","1.7946866666793824"
"CIFAR10_classification_CCL","0.2684","0.3398","finished","-","","","2024-05-05T02:30:24.000Z","1064","","0","elu","elu","simple_linear","256","zero","1","0","CIFAR10","100","0.001","0","0","1","1","0.5","2","2","CCL","0","0","train","3","SGD","3","0","0","./yaml/mlp/cifar10_ccl.yaml","2.067159156417847","65","1.8761153358459473"
"CIFAR10_classification_CCL","0.257","0.3741","finished","-","","","2024-05-04T23:51:15.000Z","860","","0","elu","elu","simple_linear","256","zero","1","0","CIFAR10","100","0.001","0","0","1","1","0.5","1.5","1.5","CCL","0","0","train","3","SGD","1","0","0","./yaml/mlp/cifar10_ccl.yaml","2.3899322036743165","18","1.822028056907654"
"CIFAR10_classification_CCL","0.2512","0.3547","finished","-","","","2024-05-05T07:18:56.000Z","1568","","0","elu","elu","simple_linear","256","zero","1","0","CIFAR10","100","0.001","0","0","1","1","0.5","1.5","1.5","CCL","0","0","train","3","SGD","4","0","0","./yaml/mlp/cifar10_ccl.yaml","2.945923757171631","84","1.8158365390777589"
"CIFAR10_classification_CCL","0.2402","0.3324","finished","-","","","2024-05-05T01:15:40.000Z","1120","","0","elu","elu","simple_linear","256","zero","1","0","CIFAR10","100","0.001","0","0","1","1","0.5","2","2","CCL","0","0","train","3","SGD","2","0","0","./yaml/mlp/cifar10_ccl.yaml","2.325716060638428","92","1.8681212957382205"
"CIFAR100_classification_CCL","0.2186","0.2067","finished","-","","","2024-05-05T05:39:10.000Z","1224","","0","elu","elu","simple_linear","256","zero","1","0","CIFAR100","100","0.001","0","0","0.3","0.3","1","2","2","CCL","0","0","train","3","SGD","2","0","0","./yaml/mlp/cifar100_ccl.yaml","3.4451486389160157","98","3.4912328941345216"
"CIFAR100_classification_CCL","0.2152","0.2053","finished","-","","","2024-05-05T07:41:26.000Z","1179","","0","elu","elu","simple_linear","256","zero","1","0","CIFAR100","100","0.001","0","0","0.3","0.3","1","2","2","CCL","0","0","train","3","SGD","3","0","0","./yaml/mlp/cifar100_ccl.yaml","3.4396141216278076","97","3.49797608795166"
"CIFAR100_classification_CCL","0.2128","0.1993","finished","-","","","2024-05-05T07:01:30.000Z","1199","","0","elu","elu","simple_linear","256","zero","1","0","CIFAR100","100","0.001","0","0","0.3","0.3","1","1.5","1.5","CCL","0","0","train","3","SGD","3","0","0","./yaml/mlp/cifar100_ccl.yaml","3.4696512187957764","97","3.5348024909973144"
"CIFAR100_classification_CCL","0.2124","0.2119","finished","-","","","2024-05-05T03:37:59.000Z","1202","","0","elu","elu","simple_linear","256","zero","1","0","CIFAR100","100","0.001","0","0","0.3","0.3","1","2","2","CCL","0","0","train","3","SGD","1","0","0","./yaml/mlp/cifar100_ccl.yaml","3.474058525085449","96","3.4823850471496582"
"CIFAR100_classification_CCL","0.21","0.1997","finished","-","","","2024-05-05T04:58:52.000Z","1188","","0","elu","elu","simple_linear","256","zero","1","0","CIFAR100","100","0.001","0","0","0.3","0.3","1","1.5","1.5","CCL","0","0","train","3","SGD","2","0","0","./yaml/mlp/cifar100_ccl.yaml","3.475376889038086","98","3.5257865257263186"
"CIFAR100_classification_CCL","0.2076","0.1923","finished","-","","","2024-05-05T01:26:26.000Z","851","","0","elu","elu","simple_linear","256","zero","1","0","CIFAR100","100","0.001","0","0","0.5","0.5","0.5","2","2","CCL","0","0","train","3","SGD","3","0","0","./yaml/mlp/cifar100_ccl.yaml","3.526959967041015","97","3.5961344718933104"
"CIFAR100_classification_CCL","0.2076","0.1923","finished","-","","","2024-05-05T01:55:00.000Z","862","","0","elu","elu","simple_linear","256","zero","1","0","CIFAR100","100","0.001","0","0","1","1","0.5","2","2","CCL","0","0","train","3","SGD","3","0","0","./yaml/mlp/cifar100_ccl.yaml","3.526959967041015","97","3.5961344718933104"
"CIFAR100_classification_CCL","0.205","0.2022","finished","-","","","2024-05-05T02:57:33.000Z","1202","","0","elu","elu","simple_linear","256","zero","1","0","CIFAR100","100","0.001","0","0","0.3","0.3","1","1.5","1.5","CCL","0","0","train","3","SGD","1","0","0","./yaml/mlp/cifar100_ccl.yaml","3.5091043933868407","96","3.5224480575561525"
"CIFAR100_classification_CCL","0.2044","0.1908","finished","-","","","2024-05-05T04:18:06.000Z","1212","","0","elu","elu","simple_linear","256","zero","1","0","CIFAR100","100","0.001","0","0","0.3","0.3","1","1","1","CCL","0","0","train","3","SGD","2","0","0","./yaml/mlp/cifar100_ccl.yaml","3.5261015449523927","98","3.576112789916992"
"CIFAR100_classification_CCL","0.2024","0.1887","finished","-","","","2024-05-05T06:20:08.000Z","1252","","0","elu","elu","simple_linear","256","zero","1","0","CIFAR100","100","0.001","0","0","0.3","0.3","1","1","1","CCL","0","0","train","3","SGD","3","0","0","./yaml/mlp/cifar100_ccl.yaml","3.5139749195098875","97","3.5822862312316897"
"CIFAR100_classification_CCL","0.2022","0.1914","finished","-","","","2024-05-05T00:29:04.000Z","846","","0","elu","elu","simple_linear","256","zero","1","0","CIFAR100","100","0.001","0","0","0.5","0.5","0.5","2","2","CCL","0","0","train","3","SGD","2","0","0","./yaml/mlp/cifar100_ccl.yaml","3.536625259780884","98","3.588552229309082"
"CIFAR100_classification_CCL","0.2022","0.1914","finished","-","","","2024-05-05T00:57:47.000Z","853","","0","elu","elu","simple_linear","256","zero","1","0","CIFAR100","100","0.001","0","0","1","1","0.5","2","2","CCL","0","0","train","3","SGD","2","0","0","./yaml/mlp/cifar100_ccl.yaml","3.536625259780884","98","3.588552229309082"
"CIFAR100_classification_CCL","0.2016","0.187","finished","-","","","2024-05-05T02:12:55.000Z","968","","0","elu","elu","simple_linear","256","zero","1","0","CIFAR100","100","0.001","0","0","1","1","0.5","1.5","1.5","CCL","0","0","train","3","SGD","3","0","0","./yaml/mlp/cifar100_ccl.yaml","3.5401439544677733","97","3.607588101196289"
"CIFAR100_classification_CCL","0.2016","0.187","finished","-","","","2024-05-05T01:40:31.000Z","951","","0","elu","elu","simple_linear","256","zero","1","0","CIFAR100","100","0.001","0","0","0.5","0.5","0.5","1.5","1.5","CCL","0","0","train","3","SGD","3","0","0","./yaml/mlp/cifar100_ccl.yaml","3.5401439544677733","97","3.607588101196289"
"CIFAR100_classification_CCL","0.2008","0.1881","finished","-","","","2024-05-05T01:58:49.000Z","850","","0","elu","elu","simple_linear","256","zero","1","0","CIFAR100","100","0.001","0","0","1","1","0.5","1","1","CCL","0","0","train","3","SGD","3","0","0","./yaml/mlp/cifar100_ccl.yaml","3.548766839981079","97","3.6114926429748535"
"CIFAR100_classification_CCL","0.2008","0.1881","finished","-","","","2024-05-05T01:30:28.000Z","837","","0","elu","elu","simple_linear","256","zero","1","0","CIFAR100","100","0.001","0","0","0.5","0.5","0.5","1","1","CCL","0","0","train","3","SGD","3","0","0","./yaml/mlp/cifar100_ccl.yaml","3.548766839981079","97","3.6114926429748535"
"CIFAR100_classification_CCL","0.2006","0.1819","finished","-","","","2024-05-05T01:58:14.000Z","843","","0","elu","elu","simple_linear","256","zero","1","0","CIFAR100","100","0.001","0","0","1","1","0.5","0.5","0.5","CCL","0","0","train","3","SGD","3","0","0","./yaml/mlp/cifar100_ccl.yaml","3.5600816200256347","97","3.62108730392456"
"CIFAR100_classification_CCL","0.2006","0.1878","finished","-","","","2024-05-05T00:36:09.000Z","958","","0","elu","elu","simple_linear","256","zero","1","0","CIFAR100","100","0.001","0","0","0.5","0.5","0.5","1.5","1.5","CCL","0","0","train","3","SGD","2","0","0","./yaml/mlp/cifar100_ccl.yaml","3.5549969524383545","98","3.602587558746338"
"CIFAR100_classification_CCL","0.2006","0.1878","finished","-","","","2024-05-05T01:08:24.000Z","942","","0","elu","elu","simple_linear","256","zero","1","0","CIFAR100","100","0.001","0","0","1","1","0.5","1.5","1.5","CCL","0","0","train","3","SGD","2","0","0","./yaml/mlp/cifar100_ccl.yaml","3.5549969524383545","98","3.602587558746338"
"CIFAR100_classification_CCL","0.2006","0.1819","finished","-","","","2024-05-05T01:29:24.000Z","858","","0","elu","elu","simple_linear","256","zero","1","0","CIFAR100","100","0.001","0","0","0.5","0.5","0.5","0.5","0.5","CCL","0","0","train","3","SGD","3","0","0","./yaml/mlp/cifar100_ccl.yaml","3.5600816200256347","97","3.62108730392456"
"CIFAR100_classification_CCL","0.1982","0.1899","finished","-","","","2024-05-05T02:17:05.000Z","1199","","0","elu","elu","simple_linear","256","zero","1","0","CIFAR100","100","0.001","0","0","0.3","0.3","1","1","1","CCL","0","0","train","3","SGD","1","0","0","./yaml/mlp/cifar100_ccl.yaml","3.551493325805664","99","3.568980114746094"
"CIFAR100_classification_CCL","0.1972","0.1744","finished","-","","","2024-05-05T02:18:14.000Z","1110","","0","elu","elu","simple_linear","256","zero","1","0","CIFAR100","100","0.001","0","0","0.5","0.5","0.5","0.2","0.2","CCL","0","0","train","3","SGD","3","0","0","./yaml/mlp/cifar100_ccl.yaml","3.5834150745391846","99","3.6378446250915526"
"CIFAR100_classification_CCL","0.1972","0.1744","finished","-","","","2024-05-05T02:55:17.000Z","1093","","0","elu","elu","simple_linear","256","zero","1","0","CIFAR100","100","0.001","0","0","1","1","0.5","0.2","0.2","CCL","0","0","train","3","SGD","3","0","0","./yaml/mlp/cifar100_ccl.yaml","3.5834150745391846","99","3.6378446250915526"
"CIFAR100_classification_CCL","0.1958","0.1914","finished","-","","","2024-05-04T23:59:54.000Z","871","","0","elu","elu","simple_linear","256","zero","1","0","CIFAR100","100","0.001","0","0","1","1","0.5","2","2","CCL","0","0","train","3","SGD","1","0","0","./yaml/mlp/cifar100_ccl.yaml","3.5668808162689207","96","3.584806326293945"
"CIFAR100_classification_CCL","0.1958","0.1914","finished","-","","","2024-05-04T23:31:37.000Z","840","","0","elu","elu","simple_linear","256","zero","1","0","CIFAR100","100","0.001","0","0","0.5","0.5","0.5","2","2","CCL","0","0","train","3","SGD","1","0","0","./yaml/mlp/cifar100_ccl.yaml","3.5668808162689207","96","3.584806326293945"
"CIFAR100_classification_CCL","0.1936","0.1895","finished","-","","","2024-05-05T00:03:51.000Z","960","","0","elu","elu","simple_linear","256","zero","1","0","CIFAR100","100","0.001","0","0","1","1","0.5","1.5","1.5","CCL","0","0","train","3","SGD","1","0","0","./yaml/mlp/cifar100_ccl.yaml","3.5842711418151856","96","3.599330940246582"
"CIFAR100_classification_CCL","0.1936","0.1895","finished","-","","","2024-05-04T23:31:37.000Z","961","","0","elu","elu","simple_linear","256","zero","1","0","CIFAR100","100","0.001","0","0","0.5","0.5","0.5","1.5","1.5","CCL","0","0","train","3","SGD","1","0","0","./yaml/mlp/cifar100_ccl.yaml","3.5842711418151856","96","3.599330940246582"
"CIFAR100_classification_CCL","0.1932","0.191","finished","-","","","2024-05-05T02:52:13.000Z","849","","0","elu","elu","simple_linear","256","zero","1","0","CIFAR100","100","0.001","0","0","1","1","0.5","2","2","CCL","0","0","train","3","SGD","4","0","0","./yaml/mlp/cifar100_ccl.yaml","3.586624571990966","98","3.590746298217774"
"CIFAR100_classification_CCL","0.1932","0.191","finished","-","","","2024-05-05T02:23:43.000Z","846","","0","elu","elu","simple_linear","256","zero","1","0","CIFAR100","100","0.001","0","0","0.5","0.5","0.5","2","2","CCL","0","0","train","3","SGD","4","0","0","./yaml/mlp/cifar100_ccl.yaml","3.586624571990966","98","3.590746298217774"
"CIFAR100_classification_CCL","0.1924","0.1861","finished","-","","","2024-05-05T00:02:44.000Z","869","","0","elu","elu","simple_linear","256","zero","1","0","CIFAR100","100","0.001","0","0","1","1","0.5","1","1","CCL","0","0","train","3","SGD","1","0","0","./yaml/mlp/cifar100_ccl.yaml","3.591570886993408","96","3.606407356262207"
"CIFAR100_classification_CCL","0.1924","0.1861","finished","-","","","2024-05-04T23:33:10.000Z","864","","0","elu","elu","simple_linear","256","zero","1","0","CIFAR100","100","0.001","0","0","0.5","0.5","0.5","1","1","CCL","0","0","train","3","SGD","1","0","0","./yaml/mlp/cifar100_ccl.yaml","3.591570886993408","96","3.606407356262207"
"CIFAR100_classification_CCL","0.192","0.1857","finished","-","","","2024-05-05T01:01:29.000Z","888","","0","elu","elu","simple_linear","256","zero","1","0","CIFAR100","100","0.001","0","0","1","1","0.5","1","1","CCL","0","0","train","3","SGD","2","0","0","./yaml/mlp/cifar100_ccl.yaml","3.5668581649780275","98","3.608310241699219"
"CIFAR100_classification_CCL","0.192","0.1857","finished","-","","","2024-05-05T00:32:08.000Z","878","","0","elu","elu","simple_linear","256","zero","1","0","CIFAR100","100","0.001","0","0","0.5","0.5","0.5","1","1","CCL","0","0","train","3","SGD","2","0","0","./yaml/mlp/cifar100_ccl.yaml","3.5668581649780275","98","3.608310241699219"
"CIFAR100_classification_CCL","0.1918","0.182","finished","-","","","2024-05-05T01:00:28.000Z","859","","0","elu","elu","simple_linear","256","zero","1","0","CIFAR100","100","0.001","0","0","1","1","0.5","0.5","0.5","CCL","0","0","train","3","SGD","2","0","0","./yaml/mlp/cifar100_ccl.yaml","3.578929925918579","99","3.618357509613037"
"CIFAR100_classification_CCL","0.1918","0.182","finished","-","","","2024-05-05T00:31:21.000Z","868","","0","elu","elu","simple_linear","256","zero","1","0","CIFAR100","100","0.001","0","0","0.5","0.5","0.5","0.5","0.5","CCL","0","0","train","3","SGD","2","0","0","./yaml/mlp/cifar100_ccl.yaml","3.578929925918579","99","3.618357509613037"
"CIFAR100_classification_CCL","0.191","0.1841","finished","-","","","2024-05-05T00:02:02.000Z","869","","0","elu","elu","simple_linear","256","zero","1","0","CIFAR100","100","0.001","0","0","1","1","0.5","0.5","0.5","CCL","0","0","train","3","SGD","1","0","0","./yaml/mlp/cifar100_ccl.yaml","3.5969422317504884","96","3.61334345703125"
"CIFAR100_classification_CCL","0.191","0.1841","finished","-","","","2024-05-04T23:33:10.000Z","860","","0","elu","elu","simple_linear","256","zero","1","0","CIFAR100","100","0.001","0","0","0.5","0.5","0.5","0.5","0.5","CCL","0","0","train","3","SGD","1","0","0","./yaml/mlp/cifar100_ccl.yaml","3.5969422317504884","96","3.61334345703125"
"CIFAR100_classification_CCL","0.1888","0.1766","finished","-","","","2024-05-05T01:02:09.000Z","1116","","0","elu","elu","simple_linear","256","zero","1","0","CIFAR100","100","0.001","0","0","0.5","0.5","0.5","0.2","0.2","CCL","0","0","train","3","SGD","2","0","0","./yaml/mlp/cifar100_ccl.yaml","3.596156745529175","99","3.635831855773926"
"CIFAR100_classification_CCL","0.1888","0.1766","finished","-","","","2024-05-05T01:40:08.000Z","1133","","0","elu","elu","simple_linear","256","zero","1","0","CIFAR100","100","0.001","0","0","1","1","0.5","0.2","0.2","CCL","0","0","train","3","SGD","2","0","0","./yaml/mlp/cifar100_ccl.yaml","3.596156745529175","99","3.635831855773926"
"CIFAR100_classification_CCL","0.1886","0.187","finished","-","","","2024-05-05T02:56:14.000Z","940","","0","elu","elu","simple_linear","256","zero","1","0","CIFAR100","100","0.001","0","0","1","1","0.5","1","1","CCL","0","0","train","3","SGD","4","0","0","./yaml/mlp/cifar100_ccl.yaml","3.611380042648315","98","3.613535234832763"
"CIFAR100_classification_CCL","0.1886","0.187","finished","-","","","2024-05-05T02:27:27.000Z","835","","0","elu","elu","simple_linear","256","zero","1","0","CIFAR100","100","0.001","0","0","0.5","0.5","0.5","1","1","CCL","0","0","train","3","SGD","4","0","0","./yaml/mlp/cifar100_ccl.yaml","3.611380042648315","98","3.613535234832763"
"CIFAR100_classification_CCL","0.1878","0.1849","finished","-","","","2024-05-05T02:45:10.000Z","966","","0","elu","elu","simple_linear","256","zero","1","0","CIFAR100","100","0.001","0","0","0.5","0.5","0.5","1.5","1.5","CCL","0","0","train","3","SGD","4","0","0","./yaml/mlp/cifar100_ccl.yaml","3.602008866882324","98","3.6073968055725096"
"CIFAR100_classification_CCL","0.1878","0.1849","finished","-","","","2024-05-05T03:17:22.000Z","964","","0","elu","elu","simple_linear","256","zero","1","0","CIFAR100","100","0.001","0","0","1","1","0.5","1.5","1.5","CCL","0","0","train","3","SGD","4","0","0","./yaml/mlp/cifar100_ccl.yaml","3.602008866882324","98","3.6073968055725096"
"CIFAR100_classification_CCL","0.186","0.1853","finished","-","","","2024-05-05T02:55:36.000Z","848","","0","elu","elu","simple_linear","256","zero","1","0","CIFAR100","100","0.001","0","0","1","1","0.5","0.5","0.5","CCL","0","0","train","3","SGD","4","0","0","./yaml/mlp/cifar100_ccl.yaml","3.622204920196533","98","3.620216019439697"
"CIFAR100_classification_CCL","0.186","0.1853","finished","-","","","2024-05-05T02:26:44.000Z","858","","0","elu","elu","simple_linear","256","zero","1","0","CIFAR100","100","0.001","0","0","0.5","0.5","0.5","0.5","0.5","CCL","0","0","train","3","SGD","4","0","0","./yaml/mlp/cifar100_ccl.yaml","3.622204920196533","98","3.620216019439697"
"CIFAR100_classification_CCL","0.1852","0.1809","finished","-","","","2024-05-04T23:47:30.000Z","1119","","0","elu","elu","simple_linear","256","zero","1","0","CIFAR100","100","0.001","0","0","0.5","0.5","0.5","0.2","0.2","CCL","0","0","train","3","SGD","1","0","0","./yaml/mlp/cifar100_ccl.yaml","3.607836666870117","99","3.629417076873779"
"CIFAR100_classification_CCL","0.1852","0.1809","finished","-","","","2024-05-05T00:24:39.000Z","1103","","0","elu","elu","simple_linear","256","zero","1","0","CIFAR100","100","0.001","0","0","1","1","0.5","0.2","0.2","CCL","0","0","train","3","SGD","1","0","0","./yaml/mlp/cifar100_ccl.yaml","3.607836666870117","99","3.629417076873779"
"CIFAR100_classification_CCL","0.181","0.1794","finished","-","","","2024-05-05T03:32:07.000Z","1093","","0","elu","elu","simple_linear","256","zero","1","0","CIFAR100","100","0.001","0","0","0.5","0.5","0.5","0.2","0.2","CCL","0","0","train","3","SGD","4","0","0","./yaml/mlp/cifar100_ccl.yaml","3.643697452545166","99","3.634660892486573"
"CIFAR100_classification_CCL","0.181","0.1794","finished","-","","","2024-05-05T04:09:48.000Z","1147","","0","elu","elu","simple_linear","256","zero","1","0","CIFAR100","100","0.001","0","0","1","1","0.5","0.2","0.2","CCL","0","0","train","3","SGD","4","0","0","./yaml/mlp/cifar100_ccl.yaml","3.643697452545166","99","3.634660892486573"
"CIFAR100_classification_CCL","0.1668","0.1552","finished","-","","","2024-05-05T02:36:53.000Z","1090","","0","elu","elu","simple_linear","256","zero","1","0","CIFAR100","100","0.001","0","0","0.5","0.5","0.5","0.2","0.2","CCL","0","0","train","3","SGD","3","0.0001","0.0001","./yaml/mlp/cifar100_ccl.yaml","3.777248923110962","47","3.763920056152344"
"CIFAR100_classification_CCL","0.1668","0.1552","finished","-","","","2024-05-05T03:13:38.000Z","1101","","0","elu","elu","simple_linear","256","zero","1","0","CIFAR100","100","0.001","0","0","1","1","0.5","0.2","0.2","CCL","0","0","train","3","SGD","3","0.0001","0.0001","./yaml/mlp/cifar100_ccl.yaml","3.777248923110962","47","3.763920056152344"
"CIFAR100_classification_CCL","0.1622","0.1563","finished","-","","","2024-05-05T01:20:54.000Z","1146","","0","elu","elu","simple_linear","256","zero","1","0","CIFAR100","100","0.001","0","0","0.5","0.5","0.5","0.2","0.2","CCL","0","0","train","3","SGD","2","0.0001","0.0001","./yaml/mlp/cifar100_ccl.yaml","3.7807891998291017","47","3.7653124084472656"
"CIFAR100_classification_CCL","0.1622","0.1563","finished","-","","","2024-05-05T01:59:18.000Z","1128","","0","elu","elu","simple_linear","256","zero","1","0","CIFAR100","100","0.001","0","0","1","1","0.5","0.2","0.2","CCL","0","0","train","3","SGD","2","0.0001","0.0001","./yaml/mlp/cifar100_ccl.yaml","3.7807891998291017","47","3.7653124084472656"
"CIFAR100_classification_CCL","0.1578","0.1556","finished","-","","","2024-05-05T04:29:02.000Z","1189","","0","elu","elu","simple_linear","256","zero","1","0","CIFAR100","100","0.001","0","0","1","1","0.5","0.2","0.2","CCL","0","0","train","3","SGD","4","0.0001","0.0001","./yaml/mlp/cifar100_ccl.yaml","3.815936700820923","47","3.761900680541992"
"CIFAR100_classification_CCL","0.1578","0.1556","finished","-","","","2024-05-05T03:50:28.000Z","1153","","0","elu","elu","simple_linear","256","zero","1","0","CIFAR100","100","0.001","0","0","0.5","0.5","0.5","0.2","0.2","CCL","0","0","train","3","SGD","4","0.0001","0.0001","./yaml/mlp/cifar100_ccl.yaml","3.815936700820923","47","3.761900680541992"
"CIFAR100_classification_CCL","0.1564","0.1577","finished","-","","","2024-05-05T00:43:11.000Z","1130","","0","elu","elu","simple_linear","256","zero","1","0","CIFAR100","100","0.001","0","0","1","1","0.5","0.2","0.2","CCL","0","0","train","3","SGD","1","0.0001","0.0001","./yaml/mlp/cifar100_ccl.yaml","3.7817988376617433","46","3.759785040283203"
"CIFAR100_classification_CCL","0.1564","0.1577","finished","-","","","2024-05-05T00:06:17.000Z","1095","","0","elu","elu","simple_linear","256","zero","1","0","CIFAR100","100","0.001","0","0","0.5","0.5","0.5","0.2","0.2","CCL","0","0","train","3","SGD","1","0.0001","0.0001","./yaml/mlp/cifar100_ccl.yaml","3.7817988376617433","46","3.759785040283203"
"CIFAR100_classification_CCL","0.121","0.1552","finished","-","","","2024-05-05T01:43:49.000Z","857","","0","elu","elu","simple_linear","256","zero","1","0","CIFAR100","100","0.001","0","0","0.5","0.5","0.5","0.5","0.5","CCL","0","0","train","3","SGD","3","0.0001","0.0001","./yaml/mlp/cifar100_ccl.yaml","4.070148274230957","17","3.7644830322265626"
"CIFAR100_classification_CCL","0.121","0.1552","finished","-","","","2024-05-05T02:12:26.000Z","850","","0","elu","elu","simple_linear","256","zero","1","0","CIFAR100","100","0.001","0","0","1","1","0.5","0.5","0.5","CCL","0","0","train","3","SGD","3","0.0001","0.0001","./yaml/mlp/cifar100_ccl.yaml","4.070148274230957","17","3.7644830322265626"
"CIFAR100_classification_CCL","0.1198","0.1558","finished","-","","","2024-05-05T00:45:57.000Z","863","","0","elu","elu","simple_linear","256","zero","1","0","CIFAR100","100","0.001","0","0","0.5","0.5","0.5","0.5","0.5","CCL","0","0","train","3","SGD","2","0.0001","0.0001","./yaml/mlp/cifar100_ccl.yaml","4.067922108459473","18","3.765883226013184"
"CIFAR100_classification_CCL","0.1198","0.1558","finished","-","","","2024-05-05T01:14:55.000Z","857","","0","elu","elu","simple_linear","256","zero","1","0","CIFAR100","100","0.001","0","0","1","1","0.5","0.5","0.5","CCL","0","0","train","3","SGD","2","0.0001","0.0001","./yaml/mlp/cifar100_ccl.yaml","4.067922108459473","18","3.765883226013184"
"CIFAR100_classification_CCL","0.1138","0.1555","finished","-","","","2024-05-05T02:41:09.000Z","860","","0","elu","elu","simple_linear","256","zero","1","0","CIFAR100","100","0.001","0","0","0.5","0.5","0.5","0.5","0.5","CCL","0","0","train","3","SGD","4","0.0001","0.0001","./yaml/mlp/cifar100_ccl.yaml","4.091916047668457","18","3.7624045722961426"
"CIFAR100_classification_CCL","0.1138","0.1555","finished","-","","","2024-05-05T03:09:53.000Z","858","","0","elu","elu","simple_linear","256","zero","1","0","CIFAR100","100","0.001","0","0","1","1","0.5","0.5","0.5","CCL","0","0","train","3","SGD","4","0.0001","0.0001","./yaml/mlp/cifar100_ccl.yaml","4.091916047668457","18","3.7624045722961426"
"CIFAR100_classification_CCL","0.1118","0.158","finished","-","","","2024-05-05T00:16:38.000Z","875","","0","elu","elu","simple_linear","256","zero","1","0","CIFAR100","100","0.001","0","0","1","1","0.5","0.5","0.5","CCL","0","0","train","3","SGD","1","0.0001","0.0001","./yaml/mlp/cifar100_ccl.yaml","4.0694290657043455","17","3.7606369567871094"
"CIFAR100_classification_CCL","0.1118","0.158","finished","-","","","2024-05-04T23:47:37.000Z","857","","0","elu","elu","simple_linear","256","zero","1","0","CIFAR100","100","0.001","0","0","0.5","0.5","0.5","0.5","0.5","CCL","0","0","train","3","SGD","1","0.0001","0.0001","./yaml/mlp/cifar100_ccl.yaml","4.0694290657043455","17","3.7606369567871094"
"CIFAR100_classification_CCL","0.0748","0.1573","finished","-","","","2024-05-05T02:37:13.000Z","1212","","0","elu","elu","simple_linear","256","zero","1","0","CIFAR100","100","0.001","0","0","0.3","0.3","1","1","1","CCL","0","0","train","3","SGD","1","0.0001","0.0001","./yaml/mlp/cifar100_ccl.yaml","4.211412479400635","10","3.786923168182373"
"CIFAR100_classification_CCL","0.0744","0.1563","finished","-","","","2024-05-05T04:38:26.000Z","1217","","0","elu","elu","simple_linear","256","zero","1","0","CIFAR100","100","0.001","0","0","0.3","0.3","1","1","1","CCL","0","0","train","3","SGD","2","0.0001","0.0001","./yaml/mlp/cifar100_ccl.yaml","4.208474658966065","10","3.794208303833008"
"CIFAR100_classification_CCL","0.073","0.1562","finished","-","","","2024-05-05T06:41:08.000Z","1214","","0","elu","elu","simple_linear","256","zero","1","0","CIFAR100","100","0.001","0","0","0.3","0.3","1","1","1","CCL","0","0","train","3","SGD","3","0.0001","0.0001","./yaml/mlp/cifar100_ccl.yaml","4.209663930511475","10","3.79101594619751"
"CIFAR100_classification_CCL","0.0648","0.1557","finished","-","","","2024-05-05T07:21:37.000Z","1180","","0","elu","elu","simple_linear","256","zero","1","0","CIFAR100","100","0.001","0","0","0.3","0.3","1","1.5","1.5","CCL","0","0","train","3","SGD","3","0.0001","0.0001","./yaml/mlp/cifar100_ccl.yaml","4.23778565750122","6","3.782340825653076"
"CIFAR100_classification_CCL","0.0638","0.1546","finished","-","","","2024-05-05T02:13:06.000Z","853","","0","elu","elu","simple_linear","256","zero","1","0","CIFAR100","100","0.001","0","0","1","1","0.5","1","1","CCL","0","0","train","3","SGD","3","0.0001","0.0001","./yaml/mlp/cifar100_ccl.yaml","4.383318480682373","10","3.766811849975586"
"CIFAR100_classification_CCL","0.0638","0.1546","finished","-","","","2024-05-05T01:44:34.000Z","847","","0","elu","elu","simple_linear","256","zero","1","0","CIFAR100","100","0.001","0","0","0.5","0.5","0.5","1","1","CCL","0","0","train","3","SGD","3","0.0001","0.0001","./yaml/mlp/cifar100_ccl.yaml","4.383318480682373","10","3.766811849975586"
"CIFAR100_classification_CCL","0.062","0.1569","finished","-","","","2024-05-04T23:47:41.000Z","894","","0","elu","elu","simple_linear","256","zero","1","0","CIFAR100","100","0.001","0","0","0.5","0.5","0.5","1","1","CCL","0","0","train","3","SGD","1","0.0001","0.0001","./yaml/mlp/cifar100_ccl.yaml","4.38297847290039","9","3.761242881774902"
"CIFAR100_classification_CCL","0.062","0.1569","finished","-","","","2024-05-05T00:17:20.000Z","882","","0","elu","elu","simple_linear","256","zero","1","0","CIFAR100","100","0.001","0","0","1","1","0.5","1","1","CCL","0","0","train","3","SGD","1","0.0001","0.0001","./yaml/mlp/cifar100_ccl.yaml","4.38297847290039","9","3.761242881774902"
"CIFAR100_classification_CCL","0.0602","0.1605","finished","-","","","2024-05-05T03:17:43.000Z","1207","","0","elu","elu","simple_linear","256","zero","1","0","CIFAR100","100","0.001","0","0","0.3","0.3","1","1.5","1.5","CCL","0","0","train","3","SGD","1","0.0001","0.0001","./yaml/mlp/cifar100_ccl.yaml","4.239733074951172","6","3.780741306304931"
"CIFAR100_classification_CCL","0.0566","0.156","finished","-","","","2024-05-05T00:46:52.000Z","870","","0","elu","elu","simple_linear","256","zero","1","0","CIFAR100","100","0.001","0","0","0.5","0.5","0.5","1","1","CCL","0","0","train","3","SGD","2","0.0001","0.0001","./yaml/mlp/cifar100_ccl.yaml","4.381594692993164","8","3.766962903594971"
"CIFAR100_classification_CCL","0.0566","0.156","finished","-","","","2024-05-05T01:16:24.000Z","834","","0","elu","elu","simple_linear","256","zero","1","0","CIFAR100","100","0.001","0","0","1","1","0.5","1","1","CCL","0","0","train","3","SGD","2","0.0001","0.0001","./yaml/mlp/cifar100_ccl.yaml","4.381594692993164","8","3.766962903594971"
"CIFAR100_classification_CCL","0.0564","0.1572","finished","-","","","2024-05-05T05:18:49.000Z","1212","","0","elu","elu","simple_linear","256","zero","1","0","CIFAR100","100","0.001","0","0","0.3","0.3","1","1.5","1.5","CCL","0","0","train","3","SGD","2","0.0001","0.0001","./yaml/mlp/cifar100_ccl.yaml","4.23738345489502","7","3.786524938201904"
"CIFAR100_classification_CCL","0.0554","0.1604","finished","-","","","2024-05-05T08:01:14.000Z","1210","","0","elu","elu","simple_linear","256","zero","1","0","CIFAR100","100","0.001","0","0","0.3","0.3","1","2","2","CCL","0","0","train","3","SGD","3","0.0001","0.0001","./yaml/mlp/cifar100_ccl.yaml","4.277945684051514","5","3.77337142944336"
"CIFAR100_classification_CCL","0.0534","0.1556","finished","-","","","2024-05-05T05:59:42.000Z","1218","","0","elu","elu","simple_linear","256","zero","1","0","CIFAR100","100","0.001","0","0","0.3","0.3","1","2","2","CCL","0","0","train","3","SGD","2","0.0001","0.0001","./yaml/mlp/cifar100_ccl.yaml","4.27811314239502","5","3.776956630706787"
"CIFAR100_classification_CCL","0.0522","0.1574","finished","-","","","2024-05-05T02:41:28.000Z","877","","0","elu","elu","simple_linear","256","zero","1","0","CIFAR100","100","0.001","0","0","0.5","0.5","0.5","1","1","CCL","0","0","train","3","SGD","4","0.0001","0.0001","./yaml/mlp/cifar100_ccl.yaml","4.388348112487793","8","3.7635923416137698"
"CIFAR100_classification_CCL","0.0522","0.1574","finished","-","","","2024-05-05T03:12:02.000Z","929","","0","elu","elu","simple_linear","256","zero","1","0","CIFAR100","100","0.001","0","0","1","1","0.5","1","1","CCL","0","0","train","3","SGD","4","0.0001","0.0001","./yaml/mlp/cifar100_ccl.yaml","4.388348112487793","8","3.7635923416137698"
"CIFAR100_classification_CCL","0.0512","0.1592","finished","-","","","2024-05-05T03:58:11.000Z","1186","","0","elu","elu","simple_linear","256","zero","1","0","CIFAR100","100","0.001","0","0","0.3","0.3","1","2","2","CCL","0","0","train","3","SGD","1","0.0001","0.0001","./yaml/mlp/cifar100_ccl.yaml","4.278846496582031","5","3.7734208671569824"
"CIFAR100_classification_CCL","0.0466","0.1535","finished","-","","","2024-05-05T01:56:30.000Z","977","","0","elu","elu","simple_linear","256","zero","1","0","CIFAR100","100","0.001","0","0","0.5","0.5","0.5","1.5","1.5","CCL","0","0","train","3","SGD","3","0.0001","0.0001","./yaml/mlp/cifar100_ccl.yaml","4.522553568267822","5","3.7784991813659663"
"CIFAR100_classification_CCL","0.0466","0.1535","finished","-","","","2024-05-05T02:29:11.000Z","951","","0","elu","elu","simple_linear","256","zero","1","0","CIFAR100","100","0.001","0","0","1","1","0.5","1.5","1.5","CCL","0","0","train","3","SGD","3","0.0001","0.0001","./yaml/mlp/cifar100_ccl.yaml","4.522553568267822","5","3.7784991813659663"
"CIFAR100_classification_CCL","0.043","0.1584","finished","-","","","2024-05-05T00:19:58.000Z","962","","0","elu","elu","simple_linear","256","zero","1","0","CIFAR100","100","0.001","0","0","1","1","0.5","1.5","1.5","CCL","0","0","train","3","SGD","1","0.0001","0.0001","./yaml/mlp/cifar100_ccl.yaml","4.521032568359375","5","3.7702548278808594"
"CIFAR100_classification_CCL","0.043","0.1584","finished","-","","","2024-05-04T23:47:45.000Z","958","","0","elu","elu","simple_linear","256","zero","1","0","CIFAR100","100","0.001","0","0","0.5","0.5","0.5","1.5","1.5","CCL","0","0","train","3","SGD","1","0.0001","0.0001","./yaml/mlp/cifar100_ccl.yaml","4.521032568359375","5","3.7702548278808594"
"CIFAR100_classification_CCL","0.0428","0.1561","finished","-","","","2024-05-05T00:52:14.000Z","962","","0","elu","elu","simple_linear","256","zero","1","0","CIFAR100","100","0.001","0","0","0.5","0.5","0.5","1.5","1.5","CCL","0","0","train","3","SGD","2","0.0001","0.0001","./yaml/mlp/cifar100_ccl.yaml","4.521622277069092","5","3.7759518402099608"
"CIFAR100_classification_CCL","0.0428","0.1561","finished","-","","","2024-05-05T01:24:13.000Z","971","","0","elu","elu","simple_linear","256","zero","1","0","CIFAR100","100","0.001","0","0","1","1","0.5","1.5","1.5","CCL","0","0","train","3","SGD","2","0.0001","0.0001","./yaml/mlp/cifar100_ccl.yaml","4.521622277069092","5","3.7759518402099608"
"CIFAR100_classification_CCL","0.039","0.1597","finished","-","","","2024-05-05T00:14:33.000Z","853","","0","elu","elu","simple_linear","256","zero","1","0","CIFAR100","100","0.001","0","0","1","1","0.5","2","2","CCL","0","0","train","3","SGD","1","0.0001","0.0001","./yaml/mlp/cifar100_ccl.yaml","4.592822901153564","5","3.789616911315918"
"CIFAR100_classification_CCL","0.039","0.1597","finished","-","","","2024-05-04T23:45:48.000Z","837","","0","elu","elu","simple_linear","256","zero","1","0","CIFAR100","100","0.001","0","0","0.5","0.5","0.5","2","2","CCL","0","0","train","3","SGD","1","0.0001","0.0001","./yaml/mlp/cifar100_ccl.yaml","4.592822901153564","5","3.789616911315918"
"CIFAR100_classification_CCL","0.0384","0.1575","finished","-","","","2024-05-05T00:43:19.000Z","859","","0","elu","elu","simple_linear","256","zero","1","0","CIFAR100","100","0.001","0","0","0.5","0.5","0.5","2","2","CCL","0","0","train","3","SGD","2","0.0001","0.0001","./yaml/mlp/cifar100_ccl.yaml","4.593144595336914","4","3.79582735748291"
"CIFAR100_classification_CCL","0.0384","0.1575","finished","-","","","2024-05-05T01:12:08.000Z","850","","0","elu","elu","simple_linear","256","zero","1","0","CIFAR100","100","0.001","0","0","1","1","0.5","2","2","CCL","0","0","train","3","SGD","2","0.0001","0.0001","./yaml/mlp/cifar100_ccl.yaml","4.593144595336914","4","3.79582735748291"
"CIFAR100_classification_CCL","0.0382","0.158","finished","-","","","2024-05-05T03:33:34.000Z","966","","0","elu","elu","simple_linear","256","zero","1","0","CIFAR100","100","0.001","0","0","1","1","0.5","1.5","1.5","CCL","0","0","train","3","SGD","4","0.0001","0.0001","./yaml/mlp/cifar100_ccl.yaml","4.520513929748535","6","3.777649111938477"
"CIFAR100_classification_CCL","0.0382","0.158","finished","-","","","2024-05-05T03:01:24.000Z","951","","0","elu","elu","simple_linear","256","zero","1","0","CIFAR100","100","0.001","0","0","0.5","0.5","0.5","1.5","1.5","CCL","0","0","train","3","SGD","4","0.0001","0.0001","./yaml/mlp/cifar100_ccl.yaml","4.520513929748535","6","3.777649111938477"
"CIFAR100_classification_CCL","0.0376","0.1546","finished","-","","","2024-05-05T01:40:43.000Z","848","","0","elu","elu","simple_linear","256","zero","1","0","CIFAR100","100","0.001","0","0","0.5","0.5","0.5","2","2","CCL","0","0","train","3","SGD","3","0.0001","0.0001","./yaml/mlp/cifar100_ccl.yaml","4.590923046875","4","3.795004941558838"
"CIFAR100_classification_CCL","0.0376","0.1546","finished","-","","","2024-05-05T02:09:31.000Z","843","","0","elu","elu","simple_linear","256","zero","1","0","CIFAR100","100","0.001","0","0","1","1","0.5","2","2","CCL","0","0","train","3","SGD","3","0.0001","0.0001","./yaml/mlp/cifar100_ccl.yaml","4.590923046875","4","3.795004941558838"
"CIFAR100_classification_CCL","0.035","0.1574","finished","-","","","2024-05-05T02:37:59.000Z","846","","0","elu","elu","simple_linear","256","zero","1","0","CIFAR100","100","0.001","0","0","0.5","0.5","0.5","2","2","CCL","0","0","train","3","SGD","4","0.0001","0.0001","./yaml/mlp/cifar100_ccl.yaml","4.590097582244873","4","3.7924558860778808"
"CIFAR100_classification_CCL","0.035","0.1574","finished","-","","","2024-05-05T03:06:30.000Z","859","","0","elu","elu","simple_linear","256","zero","1","0","CIFAR100","100","0.001","0","0","1","1","0.5","2","2","CCL","0","0","train","3","SGD","4","0.0001","0.0001","./yaml/mlp/cifar100_ccl.yaml","4.590097582244873","4","3.7924558860778808"
"MNIST_classification_CCL","","","finished","-","","","2024-05-05T18:08:32.000Z","15","","0","elu","elu","simple_linear","256","zero","1","2","MNIST","100","0.001","0","2","1","1","0.5","1","1","CCL","0","0","train","1","SGD","2023","0","0","./yaml/linear_mnist_ccl.yaml","","",""
"MNIST_classification_CCL","","","finished","-","","","2024-05-05T18:08:49.000Z","9","","0","elu","elu","simple_linear","256","zero","1","2","MNIST","100","0.001","0","2","1","1","0.5","1","1","CCL","0","0","train","1","SGD","2023","0","0","./yaml/linear_mnist_ccl.yaml","","",""