"Name","dataset","method","test_acc","Created","State","Runtime","GradC","act_B","act_F","batchsize","bias_init","epochs","filter_target","grad_clip_B","grad_clip_F","loss_scale_C","lr_B","lr_F","warmup","seed","bw_bn","val_acc","best_epoch"
"MNIST_classification_CCL","MNIST","CCL","0.9831","2024-05-01T05:19:59.000Z","finished","1568","0","elu","elu","256","zero","100","0","1","1","0.5","2","2","100","1","1","0.9796666666666668","65"
"MNIST_classification_CCL","MNIST","CCL","0.9831","2024-05-01T05:46:17.000Z","finished","1484","0","elu","elu","256","zero","100","0","1","1","0.5","2","2","100","1","2","0.9796666666666668","65"
"MNIST_classification_CCL","MNIST","CCL","0.9827","2024-05-01T06:36:13.000Z","finished","1437","0","elu","elu","256","zero","100","0","1","1","0.5","1","1","100","3","1","0.9795","88"
"MNIST_classification_CCL","MNIST","CCL","0.9827","2024-05-01T05:26:53.000Z","finished","1323","0","elu","elu","256","zero","100","0","1","1","0.5","1","1","100","1","2","0.9785","85"
"MNIST_classification_CCL","MNIST","CCL","0.9827","2024-05-01T07:00:19.000Z","finished","1447","0","elu","elu","256","zero","100","0","1","1","0.5","1","1","100","3","2","0.9795","88"
"MNIST_classification_CCL","MNIST","CCL","0.9827","2024-05-01T05:07:15.000Z","finished","1168","0","elu","elu","256","zero","100","0","1","1","0.5","1","1","100","1","1","0.9785","85"
"MNIST_classification_CCL","MNIST","CCL","0.9822","2024-05-01T07:26:45.000Z","finished","1501","0","elu","elu","256","zero","100","0","1","1","0.5","2","2","100","3","2","0.9821666666666666","71"
"MNIST_classification_CCL","MNIST","CCL","0.9822","2024-05-01T07:01:33.000Z","finished","1502","0","elu","elu","256","zero","100","0","1","1","0.5","2","2","100","3","1","0.9821666666666666","71"
"MNIST_classification_CCL","MNIST","CCL","0.9814","2024-05-01T06:11:11.000Z","finished","1488","0","elu","elu","256","zero","100","0","1","1","0.5","2","2","100","2","1","0.9818333333333332","75"
"MNIST_classification_CCL","MNIST","CCL","0.9814","2024-05-01T06:36:09.000Z","finished","1514","0","elu","elu","256","zero","100","0","1","1","0.5","2","2","100","2","2","0.9818333333333332","75"
"MNIST_classification_CCL","MNIST","CCL","0.9813","2024-05-01T06:12:30.000Z","finished","1414","0","elu","elu","256","zero","100","0","1","1","0.5","1","1","100","2","2","0.98","83"
"MNIST_classification_CCL","MNIST","CCL","0.9813","2024-05-01T05:49:11.000Z","finished","1391","0","elu","elu","256","zero","100","0","1","1","0.5","1","1","100","2","1","0.98","83"
"MNIST_classification_CCL","MNIST","CCL","0.981","2024-05-01T08:17:32.000Z","finished","1511","0","elu","elu","256","zero","100","0","1","1","0.5","2","2","100","4","2","0.9825","89"
"MNIST_classification_CCL","MNIST","CCL","0.981","2024-05-01T07:51:56.000Z","finished","1527","0","elu","elu","256","zero","100","0","1","1","0.5","2","2","100","4","1","0.9825","89"
"MNIST_classification_CCL","MNIST","CCL","0.9808","2024-05-01T07:24:34.000Z","finished","1412","0","elu","elu","256","zero","100","0","1","1","0.5","1","1","100","4","1","0.9781666666666666","94"
"MNIST_classification_CCL","MNIST","CCL","0.9808","2024-05-01T07:48:15.000Z","finished","1394","0","elu","elu","256","zero","100","0","1","1","0.5","1","1","100","4","2","0.9781666666666666","94"
"MNIST_classification_CCL","MNIST","CCL","0.9804","2024-05-01T04:46:17.000Z","finished","1250","0","elu","elu","256","zero","100","0","1","1","0.5","1","1","100","0","2","0.9806666666666668","92"
"MNIST_classification_CCL","MNIST","CCL","0.9804","2024-05-01T04:28:00.000Z","finished","1089","0","elu","elu","256","zero","100","0","1","1","0.5","1","1","100","0","1","0.9806666666666668","92"
"MNIST_classification_CCL","MNIST","CCL","0.98","2024-05-01T04:54:45.000Z","finished","1498","0","elu","elu","256","zero","100","0","1","1","0.5","2","2","100","0","2","0.9823333333333332","64"
"MNIST_classification_CCL","MNIST","CCL","0.98","2024-05-01T04:30:28.000Z","finished","1446","0","elu","elu","256","zero","100","0","1","1","0.5","2","2","100","0","1","0.9823333333333332","64"
"MNIST_classification_CCL","MNIST","CCL","0.9795","2024-05-01T04:26:03.000Z","finished","990","0","elu","elu","256","zero","100","0","1","1","0.5","0.5","0.5","100","0","1","0.9788333333333332","99"
"MNIST_classification_CCL","MNIST","CCL","0.9795","2024-05-01T04:27:43.000Z","finished","961","0","elu","elu","256","zero","100","0","1","1","0.5","0.5","0.5","100","0","2","0.9788333333333332","99"
"MNIST_classification_CCL","MNIST","CCL","0.9794","2024-05-01T05:16:26.000Z","finished","1003","0","elu","elu","256","zero","100","0","1","1","0.5","0.5","0.5","100","3","1","0.975","99"
"MNIST_classification_CCL","MNIST","CCL","0.9794","2024-05-01T05:16:31.000Z","finished","958","0","elu","elu","256","zero","100","0","1","1","0.5","0.5","0.5","100","3","2","0.975","99"
"MNIST_classification_CCL","MNIST","CCL","0.979","2024-05-01T04:43:52.000Z","finished","970","0","elu","elu","256","zero","100","0","1","1","0.5","0.5","0.5","100","1","2","0.976","99"
"MNIST_classification_CCL","MNIST","CCL","0.979","2024-05-01T04:42:45.000Z","finished","1011","0","elu","elu","256","zero","100","0","1","1","0.5","0.5","0.5","100","1","1","0.976","99"
"MNIST_classification_CCL","MNIST","CCL","0.9788","2024-05-01T05:00:08.000Z","finished","977","0","elu","elu","256","zero","100","0","1","1","0.5","0.5","0.5","100","2","2","0.9778333333333332","99"
"MNIST_classification_CCL","MNIST","CCL","0.9788","2024-05-01T04:59:43.000Z","finished","996","0","elu","elu","256","zero","100","0","1","1","0.5","0.5","0.5","100","2","1","0.9778333333333332","99"
"MNIST_classification_CCL","MNIST","CCL","0.9783","2024-05-01T05:33:15.000Z","finished","984","0","elu","elu","256","zero","100","0","1","1","0.5","0.5","0.5","100","4","1","0.9753333333333334","98"
"MNIST_classification_CCL","MNIST","CCL","0.9783","2024-05-01T05:32:37.000Z","finished","979","0","elu","elu","256","zero","100","0","1","1","0.5","0.5","0.5","100","4","2","0.9753333333333334","98"
"FashionMNIST_classification_CCL","FashionMNIST","CCL","0.8878","2024-05-02T01:55:51.000Z","finished","1141","0","elu","elu","256","zero","100","0","1","1","0.5","1","1","100","4","0","0.888","81"
"FashionMNIST_classification_CCL","FashionMNIST","CCL","0.8875","2024-05-02T00:44:04.000Z","finished","1195","0","elu","elu","256","zero","100","0","1","1","0.5","1","1","100","4","0","0.8883333333333333","81"
"FashionMNIST_classification_CCL","FashionMNIST","CCL","0.8875","2024-05-01T23:19:06.000Z","finished","881","0","elu","elu","256","zero","100","0","1","1","0.5","1","1","100","4","0","0.8883333333333333","81"
"FashionMNIST_classification_CCL","FashionMNIST","CCL","0.8874","2024-05-01T23:20:55.000Z","finished","1024","0","elu","elu","256","zero","100","0","0.5","1","0.5","1","1","100","0","0","0.895","89"
"FashionMNIST_classification_CCL","FashionMNIST","CCL","0.8872","2024-05-01T23:44:45.000Z","finished","1205","0","elu","elu","256","zero","100","0","0.5","1","0.5","1.5","1.5","100","1","0","0.877","85"
"FashionMNIST_classification_CCL","FashionMNIST","CCL","0.8872","2024-05-02T00:13:28.000Z","finished","1034","0","elu","elu","256","zero","100","0","0.5","1","0.5","1.5","1.5","100","4","0","0.8865","81"
"FashionMNIST_classification_CCL","FashionMNIST","CCL","0.8872","2024-05-02T01:47:53.000Z","finished","1223","0","elu","elu","256","zero","100","0","0.5","1","0.5","1.5","1.5","100","4","0","0.8865","81"
"FashionMNIST_classification_CCL","FashionMNIST","CCL","0.887","2024-05-01T23:03:57.000Z","finished","1272","0","elu","elu","256","zero","100","0","1","1","0.5","1.5","1.5","100","2","0","0.897","76"
"FashionMNIST_classification_CCL","FashionMNIST","CCL","0.8867","2024-05-01T23:04:07.000Z","finished","1221","0","elu","elu","256","zero","100","0","0.5","1","0.5","1.5","1.5","100","0","0","0.8928333333333334","82"
"FashionMNIST_classification_CCL","FashionMNIST","CCL","0.8858","2024-05-02T00:04:19.000Z","finished","1194","0","elu","elu","256","zero","100","0","1","1","0.5","1","1","100","3","0","0.8961666666666667","89"
"FashionMNIST_classification_CCL","FashionMNIST","CCL","0.8856","2024-05-01T23:23:55.000Z","finished","1207","0","elu","elu","256","zero","100","0","1","1","0.5","1","1","100","2","0","0.8961666666666667","76"
"FashionMNIST_classification_CCL","FashionMNIST","CCL","0.8854","2024-05-02T00:39:29.000Z","finished","1147","0","elu","elu","256","zero","100","0","1","1","0.5","1","1","100","2","0","0.8958333333333334","76"
"FashionMNIST_classification_CCL","FashionMNIST","CCL","0.8854","2024-05-02T01:17:49.000Z","finished","1129","0","elu","elu","256","zero","100","0","1","1","0.5","1","1","100","3","0","0.8953333333333333","89"
"FashionMNIST_classification_CCL","FashionMNIST","CCL","0.8853","2024-05-01T23:25:16.000Z","finished","1256","0","elu","elu","256","zero","100","0","1","1","0.5","2","2","100","2","0","0.8943333333333333","76"
"FashionMNIST_classification_CCL","FashionMNIST","CCL","0.8852","2024-05-02T00:12:33.000Z","finished","1012","0","elu","elu","256","zero","100","0","1","1","0.5","1.5","1.5","100","2","0","0.8945","76"
"FashionMNIST_classification_CCL","FashionMNIST","CCL","0.8851","2024-05-01T23:55:21.000Z","finished","1020","0","elu","elu","256","zero","100","0","0.5","1","0.5","1","1","100","1","0","0.8803333333333333","85"
"FashionMNIST_classification_CCL","FashionMNIST","CCL","0.8848","2024-05-02T01:37:58.000Z","finished","1015","0","elu","elu","256","zero","100","0","0.5","1","0.5","1","1","100","4","0","0.8893333333333333","81"
"FashionMNIST_classification_CCL","FashionMNIST","CCL","0.8848","2024-05-02T00:38:24.000Z","finished","1114","0","elu","elu","256","zero","100","0","0.5","1","0.5","1","1","100","4","0","0.8893333333333333","81"
"FashionMNIST_classification_CCL","FashionMNIST","CCL","0.8845","2024-05-02T00:29:34.000Z","finished","1025","0","elu","elu","256","zero","100","0","0.5","1","0.5","1","1","100","2","0","0.8911666666666667","76"
"FashionMNIST_classification_CCL","FashionMNIST","CCL","0.8845","2024-05-01T23:22:50.000Z","finished","1139","0","elu","elu","256","zero","100","0","0.5","1","0.5","1","1","100","2","0","0.8911666666666667","76"
"FashionMNIST_classification_CCL","FashionMNIST","CCL","0.8845","2024-05-02T00:28:43.000Z","finished","1247","0","elu","elu","256","zero","100","0","1","1","0.5","1.5","1.5","100","4","0","0.8818333333333334","73"
"FashionMNIST_classification_CCL","FashionMNIST","CCL","0.8845","2024-05-01T23:23:23.000Z","finished","1139","0","elu","elu","256","zero","100","0","1","1","0.5","1","1","100","0","0","0.8903333333333333","89"
"FashionMNIST_classification_CCL","FashionMNIST","CCL","0.8844","2024-05-02T00:49:39.000Z","finished","1295","0","elu","elu","256","zero","100","0","1","1","0.5","2","2","100","4","0","0.887","79"
"FashionMNIST_classification_CCL","FashionMNIST","CCL","0.884","2024-05-01T23:04:06.000Z","finished","1000","0","elu","elu","256","zero","100","0","1","1","0.5","1.5","1.5","100","0","0","0.896","89"
"FashionMNIST_classification_CCL","FashionMNIST","CCL","0.884","2024-05-01T23:04:06.000Z","finished","1026","0","elu","elu","256","zero","100","0","0.5","1","0.5","1.5","1.5","100","2","0","0.8938333333333334","80"
"FashionMNIST_classification_CCL","FashionMNIST","CCL","0.884","2024-05-02T00:25:09.000Z","finished","1205","0","elu","elu","256","zero","100","0","0.5","1","0.5","1.5","1.5","100","2","0","0.8938333333333334","80"
"FashionMNIST_classification_CCL","FashionMNIST","CCL","0.8838","2024-05-02T00:01:27.000Z","finished","1129","0","elu","elu","256","zero","100","0","1","1","0.5","1","1","100","1","0","0.8788333333333334","83"
"FashionMNIST_classification_CCL","FashionMNIST","CCL","0.883","2024-05-02T00:46:49.000Z","finished","1012","0","elu","elu","256","zero","100","0","0.5","1","0.5","0.5","0.5","100","3","0","0.8933333333333333","99"
"FashionMNIST_classification_CCL","FashionMNIST","CCL","0.883","2024-05-01T23:41:58.000Z","finished","1131","0","elu","elu","256","zero","100","0","0.5","1","0.5","0.5","0.5","100","3","0","0.8933333333333333","99"
"FashionMNIST_classification_CCL","FashionMNIST","CCL","0.8829","2024-05-02T00:24:21.000Z","finished","1173","0","elu","elu","256","zero","100","0","1","1","0.5","0.5","0.5","100","4","0","0.8861666666666667","81"
"FashionMNIST_classification_CCL","FashionMNIST","CCL","0.8829","2024-05-01T23:04:07.000Z","finished","890","0","elu","elu","256","zero","100","0","1","1","0.5","0.5","0.5","100","4","0","0.8861666666666667","81"
"FashionMNIST_classification_CCL","FashionMNIST","CCL","0.8829","2024-05-02T01:36:46.000Z","finished","1137","0","elu","elu","256","zero","100","0","1","1","0.5","0.5","0.5","100","4","0","0.8861666666666667","81"
"FashionMNIST_classification_CCL","FashionMNIST","CCL","0.8828","2024-05-01T23:04:06.000Z","finished","999","0","elu","elu","256","zero","100","0","0.5","1","0.5","0.5","0.5","100","0","0","0.8895","85"
"FashionMNIST_classification_CCL","FashionMNIST","CCL","0.8827","2024-05-02T01:06:27.000Z","finished","1236","0","elu","elu","256","zero","100","0","0.5","1","0.5","1.5","1.5","100","3","0","0.891","71"
"FashionMNIST_classification_CCL","FashionMNIST","CCL","0.8827","2024-05-01T23:38:39.000Z","finished","1032","0","elu","elu","256","zero","100","0","0.5","1","0.5","1.5","1.5","100","3","0","0.891","71"
"FashionMNIST_classification_CCL","FashionMNIST","CCL","0.8825","2024-05-02T00:46:49.000Z","finished","1013","0","elu","elu","256","zero","100","0","1","1","0.5","1.5","1.5","100","3","0","0.8866666666666667","71"
"FashionMNIST_classification_CCL","FashionMNIST","CCL","0.8824","2024-05-02T00:19:47.000Z","finished","1109","0","elu","elu","256","zero","100","0","0.5","1","0.5","0.5","0.5","100","4","0","0.8876666666666667","81"
"FashionMNIST_classification_CCL","FashionMNIST","CCL","0.8824","2024-05-02T01:20:51.000Z","finished","1018","0","elu","elu","256","zero","100","0","0.5","1","0.5","0.5","0.5","100","4","0","0.8876666666666667","81"
"FashionMNIST_classification_CCL","FashionMNIST","CCL","0.8822","2024-05-02T01:03:53.000Z","finished","1010","0","elu","elu","256","zero","100","0","0.5","1","0.5","1","1","100","3","0","0.8908333333333334","71"
"FashionMNIST_classification_CCL","FashionMNIST","CCL","0.8822","2024-05-02T00:00:57.000Z","finished","1121","0","elu","elu","256","zero","100","0","0.5","1","0.5","1","1","100","3","0","0.8908333333333334","71"
"FashionMNIST_classification_CCL","FashionMNIST","CCL","0.8821","2024-05-01T23:21:20.000Z","finished","1031","0","elu","elu","256","zero","100","0","0.5","1","0.5","2","2","100","2","0","0.8948333333333334","49"
"FashionMNIST_classification_CCL","FashionMNIST","CCL","0.8821","2024-05-02T00:45:22.000Z","finished","1257","0","elu","elu","256","zero","100","0","0.5","1","0.5","2","2","100","2","0","0.8948333333333334","49"
"FashionMNIST_classification_CCL","FashionMNIST","CCL","0.882","2024-05-02T01:20:48.000Z","finished","1005","0","elu","elu","256","zero","100","0","1","1","0.5","1.5","1.5","100","4","0","0.8883333333333333","81"
"FashionMNIST_classification_CCL","FashionMNIST","CCL","0.8818","2024-05-01T23:20:55.000Z","finished","1034","0","elu","elu","256","zero","100","0","1","1","0.5","2","2","100","0","0","0.8891666666666667","78"
"FashionMNIST_classification_CCL","FashionMNIST","CCL","0.8818","2024-05-02T00:07:39.000Z","finished","1255","0","elu","elu","256","zero","100","0","1","1","0.5","2","2","100","3","0","0.889","71"
"FashionMNIST_classification_CCL","FashionMNIST","CCL","0.8818","2024-05-01T23:46:21.000Z","finished","1269","0","elu","elu","256","zero","100","0","1","1","0.5","1.5","1.5","100","3","0","0.8905","71"
"FashionMNIST_classification_CCL","FashionMNIST","CCL","0.8818","2024-05-01T23:04:13.000Z","finished","1142","0","elu","elu","256","zero","100","0","1","1","0.5","0.5","0.5","100","0","0","0.8886666666666667","89"
"FashionMNIST_classification_CCL","FashionMNIST","CCL","0.8817","2024-05-02T00:12:33.000Z","finished","1010","0","elu","elu","256","zero","100","0","0.5","1","0.5","0.5","0.5","100","2","0","0.8923333333333333","99"
"FashionMNIST_classification_CCL","FashionMNIST","CCL","0.8817","2024-05-01T23:04:03.000Z","finished","1119","0","elu","elu","256","zero","100","0","0.5","1","0.5","0.5","0.5","100","2","0","0.8923333333333333","99"
"FashionMNIST_classification_CCL","FashionMNIST","CCL","0.8816","2024-05-01T23:44:10.000Z","finished","1199","0","elu","elu","256","zero","100","0","1","1","0.5","0.5","0.5","100","3","0","0.8926666666666667","92"
"FashionMNIST_classification_CCL","FashionMNIST","CCL","0.8816","2024-05-02T00:58:45.000Z","finished","1136","0","elu","elu","256","zero","100","0","1","1","0.5","0.5","0.5","100","3","0","0.8926666666666667","92"
"FashionMNIST_classification_CCL","FashionMNIST","CCL","0.8813","2024-05-01T23:38:23.000Z","finished","1019","0","elu","elu","256","zero","100","0","1","1","0.5","1.5","1.5","100","1","0","0.8803333333333333","64"
"FashionMNIST_classification_CCL","FashionMNIST","CCL","0.881","2024-05-01T23:03:56.000Z","finished","1191","0","elu","elu","256","zero","100","0","1","1","0.5","0.5","0.5","100","2","0","0.8916666666666667","99"
"FashionMNIST_classification_CCL","FashionMNIST","CCL","0.881","2024-05-02T00:20:24.000Z","finished","1137","0","elu","elu","256","zero","100","0","1","1","0.5","0.5","0.5","100","2","0","0.8916666666666667","99"
"FashionMNIST_classification_CCL","FashionMNIST","CCL","0.8808","2024-05-01T23:38:23.000Z","finished","1007","0","elu","elu","256","zero","100","0","0.5","1","0.5","0.5","0.5","100","1","0","0.8848333333333334","95"
"FashionMNIST_classification_CCL","FashionMNIST","CCL","0.8807","2024-05-02T00:04:58.000Z","finished","1203","0","elu","elu","256","zero","100","0","0.5","1","0.5","2","2","100","1","0","0.8718333333333333","64"
"FashionMNIST_classification_CCL","FashionMNIST","CCL","0.88","2024-05-02T00:30:50.000Z","finished","1039","0","elu","elu","256","zero","100","0","0.5","1","0.5","2","2","100","4","0","0.88","45"
"FashionMNIST_classification_CCL","FashionMNIST","CCL","0.88","2024-05-02T01:37:45.000Z","finished","1009","0","elu","elu","256","zero","100","0","1","1","0.5","2","2","100","4","0","0.8816666666666667","67"
"FashionMNIST_classification_CCL","FashionMNIST","CCL","0.88","2024-05-02T02:08:28.000Z","finished","1224","0","elu","elu","256","zero","100","0","0.5","1","0.5","2","2","100","4","0","0.88","45"
"FashionMNIST_classification_CCL","FashionMNIST","CCL","0.8798","2024-05-02T00:29:34.000Z","finished","1026","0","elu","elu","256","zero","100","0","1","1","0.5","2","2","100","2","0","0.8901666666666667","49"
"FashionMNIST_classification_CCL","FashionMNIST","CCL","0.8791","2024-05-01T23:42:30.000Z","finished","1129","0","elu","elu","256","zero","100","0","1","1","0.5","0.5","0.5","100","1","0","0.883","95"
"FashionMNIST_classification_CCL","FashionMNIST","CCL","0.8787","2024-05-01T23:55:59.000Z","finished","1042","0","elu","elu","256","zero","100","0","0.5","1","0.5","2","2","100","3","0","0.8915","58"
"FashionMNIST_classification_CCL","FashionMNIST","CCL","0.8787","2024-05-02T01:27:13.000Z","finished","1232","0","elu","elu","256","zero","100","0","0.5","1","0.5","2","2","100","3","0","0.8915","58"
"FashionMNIST_classification_CCL","FashionMNIST","CCL","0.8781","2024-05-01T23:24:37.000Z","finished","1200","0","elu","elu","256","zero","100","0","0.5","1","0.5","2","2","100","0","0","0.895","52"
"FashionMNIST_classification_CCL","FashionMNIST","CCL","0.8763","2024-05-01T23:55:30.000Z","finished","1011","0","elu","elu","256","zero","100","0","1","1","0.5","2","2","100","1","0","0.868","63"
"FashionMNIST_classification_CCL","FashionMNIST","CCL","0.8704","2024-05-02T01:03:53.000Z","finished","1003","0","elu","elu","256","zero","100","0","1","1","0.5","2","2","100","3","0","0.879","58"
"CIFAR10_classification_CCL","CIFAR10","CCL","0.5233","2024-05-01T13:23:56.000Z","finished","2002","0","elu","elu","256","zero","100","0","1","1","0.5","0.5","0.5","100","4","1","0.4874","93"
"CIFAR10_classification_CCL","CIFAR10","CCL","0.5233","2024-05-01T13:57:27.000Z","finished","2000","0","elu","elu","256","zero","100","0","1","1","0.5","0.5","0.5","100","4","2","0.4874","93"
"CIFAR10_classification_CCL","CIFAR10","CCL","0.5225","2024-05-01T10:09:19.000Z","finished","1978","0","elu","elu","256","zero","100","0","1","1","0.5","0.5","0.5","100","2","1","0.472","96"
"CIFAR10_classification_CCL","CIFAR10","CCL","0.5225","2024-05-01T15:45:02.000Z","finished","1200","0","elu","elu","256","zero","100","0","1","1","0.5","0.5","0.5","100","1","2","0.472","96"
"CIFAR10_classification_CCL","CIFAR10","CCL","0.5225","2024-05-01T10:42:25.000Z","finished","1829","0","elu","elu","256","zero","100","0","1","1","0.5","0.5","0.5","100","2","2","0.472","96"
"CIFAR10_classification_CCL","CIFAR10","CCL","0.5224","2024-05-01T09:02:34.000Z","finished","2006","0","elu","elu","256","zero","100","0","1","1","0.5","0.5","0.5","100","1","2","0.4722","96"
"CIFAR10_classification_CCL","CIFAR10","CCL","0.5224","2024-05-01T16:25:11.000Z","finished","1184","0","elu","elu","256","zero","100","0","1","1","0.5","0.5","0.5","100","2","2","0.4718","96"
"CIFAR10_classification_CCL","CIFAR10","CCL","0.5224","2024-05-01T08:29:12.000Z","finished","1994","0","elu","elu","256","zero","100","0","1","1","0.5","0.5","0.5","100","1","1","0.4722","96"
"CIFAR10_classification_CCL","CIFAR10","CCL","0.5222","2024-05-01T16:39:03.000Z","finished","2268","0","elu","elu","256","zero","100","0","1","1","0.5","0.5","0.5","100","1","2","0.4722","96"
"CIFAR10_classification_CCL","CIFAR10","CCL","0.52","2024-05-01T15:05:07.000Z","finished","1200","0","elu","elu","256","zero","100","0","1","1","0.5","0.5","0.5","100","0","2","0.471","94"
"CIFAR10_classification_CCL","CIFAR10","CCL","0.52","2024-05-01T16:01:47.000Z","finished","2225","0","elu","elu","256","zero","100","0","1","1","0.5","0.5","0.5","100","0","2","0.471","94"
"CIFAR10_classification_CCL","CIFAR10","CCL","0.52","2024-05-01T15:24:08.000Z","finished","2249","0","elu","elu","256","zero","100","0","1","1","0.5","0.5","0.5","100","0","2","0.471","94"
"CIFAR10_classification_CCL","CIFAR10","CCL","0.52","2024-05-01T07:22:03.000Z","finished","2017","0","elu","elu","256","zero","100","0","1","1","0.5","0.5","0.5","100","0","2","0.471","94"
"CIFAR10_classification_CCL","CIFAR10","CCL","0.52","2024-05-01T06:47:51.000Z","finished","2045","0","elu","elu","256","zero","100","0","1","1","0.5","0.5","0.5","100","0","1","0.471","94"
"CIFAR10_classification_CCL","CIFAR10","CCL","0.5182","2024-05-01T11:43:17.000Z","finished","1974","0","elu","elu","256","zero","100","0","1","1","0.5","0.5","0.5","100","3","1","0.4796","98"
"CIFAR10_classification_CCL","CIFAR10","CCL","0.5182","2024-05-01T17:05:16.000Z","finished","1201","0","elu","elu","256","zero","100","0","1","1","0.5","0.5","0.5","100","3","2","0.4796","98"
"CIFAR10_classification_CCL","CIFAR10","CCL","0.5182","2024-05-01T12:16:19.000Z","finished","2020","0","elu","elu","256","zero","100","0","1","1","0.5","0.5","0.5","100","3","2","0.4796","98"
"CIFAR10_classification_CCL","CIFAR10","CCL","0.5077","2024-05-01T17:25:25.000Z","finished","1194","0","elu","elu","256","zero","100","0","1","1","0.5","0.3","0.3","100","4","2","0.476","92"
"CIFAR10_classification_CCL","CIFAR10","CCL","0.5077","2024-05-01T17:25:04.000Z","finished","1166","0","elu","elu","256","zero","100","0","1","1","0.5","0.3","0.3","100","4","2","0.476","92"
"CIFAR10_classification_CCL","CIFAR10","CCL","0.5069","2024-05-01T14:45:37.000Z","finished","1203","0","elu","elu","256","zero","100","0","1","1","0.5","0.3","0.3","100","0","2","0.4552","93"
"CIFAR10_classification_CCL","CIFAR10","CCL","0.5069","2024-05-01T15:05:48.000Z","finished","1191","0","elu","elu","256","zero","100","0","1","1","0.5","0.3","0.3","100","0","2","0.4552","93"
"CIFAR10_classification_CCL","CIFAR10","CCL","0.5069","2024-05-01T14:45:32.000Z","finished","1167","0","elu","elu","256","zero","100","0","1","1","0.5","0.3","0.3","100","0","2","0.4552","93"
"CIFAR10_classification_CCL","CIFAR10","CCL","0.5061","2024-05-01T16:25:54.000Z","finished","1164","0","elu","elu","256","zero","100","0","1","1","0.5","0.3","0.3","100","2","2","0.448","96"
"CIFAR10_classification_CCL","CIFAR10","CCL","0.5061","2024-05-01T16:05:13.000Z","finished","1190","0","elu","elu","256","zero","100","0","1","1","0.5","0.3","0.3","100","2","2","0.448","96"
"CIFAR10_classification_CCL","CIFAR10","CCL","0.5061","2024-05-01T16:05:33.000Z","finished","1214","0","elu","elu","256","zero","100","0","1","1","0.5","0.3","0.3","100","2","2","0.448","96"
"CIFAR10_classification_CCL","CIFAR10","CCL","0.5058","2024-05-01T15:25:46.000Z","finished","1181","0","elu","elu","256","zero","100","0","1","1","0.5","0.3","0.3","100","1","2","0.458","96"
"CIFAR10_classification_CCL","CIFAR10","CCL","0.5058","2024-05-01T15:45:34.000Z","finished","1192","0","elu","elu","256","zero","100","0","1","1","0.5","0.3","0.3","100","1","2","0.458","96"
"CIFAR10_classification_CCL","CIFAR10","CCL","0.5058","2024-05-01T15:25:15.000Z","finished","1179","0","elu","elu","256","zero","100","0","1","1","0.5","0.3","0.3","100","1","2","0.458","96"
"CIFAR10_classification_CCL","CIFAR10","CCL","0.5025","2024-05-01T16:45:25.000Z","finished","1178","0","elu","elu","256","zero","100","0","1","1","0.5","0.3","0.3","100","3","2","0.4604","98"
"CIFAR10_classification_CCL","CIFAR10","CCL","0.5025","2024-05-01T17:05:09.000Z","finished","1188","0","elu","elu","256","zero","100","0","1","1","0.5","0.3","0.3","100","3","2","0.4604","98"
"CIFAR10_classification_CCL","CIFAR10","CCL","0.5025","2024-05-01T16:45:03.000Z","finished","1206","0","elu","elu","256","zero","100","0","1","1","0.5","0.3","0.3","100","3","2","0.4604","98"
"CIFAR10_classification_CCL","CIFAR10","CCL","0.4929","2024-05-01T07:55:48.000Z","finished","1996","0","elu","elu","256","zero","100","0","1","1","0.5","0.2","0.2","100","1","2","0.4454","99"
"CIFAR10_classification_CCL","CIFAR10","CCL","0.4929","2024-05-01T09:02:25.000Z","finished","2007","0","elu","elu","256","zero","100","0","1","1","0.5","0.2","0.2","100","1","1","0.4454","99"
"CIFAR10_classification_CCL","CIFAR10","CCL","0.4924","2024-05-01T12:50:08.000Z","finished","2017","0","elu","elu","256","zero","100","0","1","1","0.5","0.2","0.2","100","4","2","0.4576","95"
"CIFAR10_classification_CCL","CIFAR10","CCL","0.4924","2024-05-01T14:04:34.000Z","finished","2014","0","elu","elu","256","zero","100","0","1","1","0.5","0.2","0.2","100","4","1","0.4576","95"
"CIFAR10_classification_CCL","CIFAR10","CCL","0.4901","2024-05-01T10:42:49.000Z","finished","1995","0","elu","elu","256","zero","100","0","1","1","0.5","0.2","0.2","100","2","1","0.437","96"
"CIFAR10_classification_CCL","CIFAR10","CCL","0.4901","2024-05-01T09:36:07.000Z","finished","1984","0","elu","elu","256","zero","100","0","1","1","0.5","0.2","0.2","100","2","2","0.437","96"
"CIFAR10_classification_CCL","CIFAR10","CCL","0.4886","2024-05-01T11:13:03.000Z","finished","1806","0","elu","elu","256","zero","100","0","1","1","0.5","0.2","0.2","100","3","2","0.447","98"
"CIFAR10_classification_CCL","CIFAR10","CCL","0.4886","2024-05-01T12:23:30.000Z","finished","2032","0","elu","elu","256","zero","100","0","1","1","0.5","0.2","0.2","100","3","1","0.447","98"
"CIFAR10_classification_CCL","CIFAR10","CCL","0.4855","2024-05-01T06:14:20.000Z","finished","2003","0","elu","elu","256","zero","100","0","1","1","0.5","0.2","0.2","100","0","2","0.438","93"
"CIFAR10_classification_CCL","CIFAR10","CCL","0.4855","2024-05-01T07:21:46.000Z","finished","2018","0","elu","elu","256","zero","100","0","1","1","0.5","0.2","0.2","100","0","1","0.438","93"
"CIFAR10_classification_CCL","CIFAR10","CCL","0.4626","2024-05-01T08:28:53.000Z","finished","2003","0","elu","elu","256","zero","100","0","1","1","0.5","0.1","0.1","100","1","2","0.413","99"
"CIFAR10_classification_CCL","CIFAR10","CCL","0.4626","2024-05-01T07:55:33.000Z","finished","1992","0","elu","elu","256","zero","100","0","1","1","0.5","0.1","0.1","100","1","1","0.413","99"
"CIFAR10_classification_CCL","CIFAR10","CCL","0.4613","2024-05-01T13:30:59.000Z","finished","2001","0","elu","elu","256","zero","100","0","1","1","0.5","0.1","0.1","100","4","2","0.4318","92"
"CIFAR10_classification_CCL","CIFAR10","CCL","0.4613","2024-05-01T12:57:31.000Z","finished","2000","0","elu","elu","256","zero","100","0","1","1","0.5","0.1","0.1","100","4","1","0.4318","92"
"CIFAR10_classification_CCL","CIFAR10","CCL","0.4572","2024-05-01T09:36:00.000Z","finished","2009","0","elu","elu","256","zero","100","0","1","1","0.5","0.1","0.1","100","2","1","0.4066","96"
"CIFAR10_classification_CCL","CIFAR10","CCL","0.4572","2024-05-01T10:09:37.000Z","finished","1985","0","elu","elu","256","zero","100","0","1","1","0.5","0.1","0.1","100","2","2","0.4066","96"
"CIFAR10_classification_CCL","CIFAR10","CCL","0.4566","2024-05-01T11:49:33.000Z","finished","2029","0","elu","elu","256","zero","100","0","1","1","0.5","0.1","0.1","100","3","2","0.422","98"
"CIFAR10_classification_CCL","CIFAR10","CCL","0.4566","2024-05-01T11:16:12.000Z","finished","1992","0","elu","elu","256","zero","100","0","1","1","0.5","0.1","0.1","100","3","1","0.422","98"
"CIFAR10_classification_CCL","CIFAR10","CCL","0.455","2024-05-01T06:14:20.000Z","finished","2012","0","elu","elu","256","zero","100","0","1","1","0.5","0.1","0.1","100","0","1","0.4114","93"
"CIFAR10_classification_CCL","CIFAR10","CCL","0.455","2024-05-01T06:47:59.000Z","finished","2019","0","elu","elu","256","zero","100","0","1","1","0.5","0.1","0.1","100","0","2","0.4114","93"
"CIFAR10_classification_CCL","CIFAR10","CCL","0.4322","2024-05-01T08:54:39.000Z","finished","1716","0","elu","elu","256","zero","100","0","1","1","0.5","0.1","0.05","100","2","2","0.3846","98"
"CIFAR10_classification_CCL","CIFAR10","CCL","0.4322","2024-05-01T08:25:49.000Z","finished","1721","0","elu","elu","256","zero","100","0","1","1","0.5","0.1","0.05","100","2","1","0.3846","98"
"CIFAR10_classification_CCL","CIFAR10","CCL","0.4319","2024-05-01T07:28:07.000Z","finished","1729","0","elu","elu","256","zero","100","0","1","1","0.5","0.1","0.05","100","1","1","0.3926","99"
"CIFAR10_classification_CCL","CIFAR10","CCL","0.4319","2024-05-01T07:57:03.000Z","finished","1718","0","elu","elu","256","zero","100","0","1","1","0.5","0.1","0.05","100","1","2","0.3926","99"
"CIFAR10_classification_CCL","CIFAR10","CCL","0.4316","2024-05-01T09:12:48.000Z","finished","1166","0","elu","elu","256","zero","100","0","1","1","0.5","0.05","0.05","100","4","1","0.4036","92"
"CIFAR10_classification_CCL","CIFAR10","CCL","0.4316","2024-05-01T09:32:21.000Z","finished","1180","0","elu","elu","256","zero","100","0","1","1","0.5","0.05","0.05","100","4","2","0.4036","92"
"CIFAR10_classification_CCL","CIFAR10","CCL","0.4303","2024-05-01T10:49:35.000Z","finished","1708","0","elu","elu","256","zero","100","0","1","1","0.5","0.1","0.05","100","4","2","0.4066","92"
"CIFAR10_classification_CCL","CIFAR10","CCL","0.4303","2024-05-01T10:20:54.000Z","finished","1714","0","elu","elu","256","zero","100","0","1","1","0.5","0.1","0.05","100","4","1","0.4066","92"
"CIFAR10_classification_CCL","CIFAR10","CCL","0.4289","2024-05-01T09:52:20.000Z","finished","1707","0","elu","elu","256","zero","100","0","1","1","0.5","0.1","0.05","100","3","2","0.403","95"
"CIFAR10_classification_CCL","CIFAR10","CCL","0.4289","2024-05-01T09:23:24.000Z","finished","1728","0","elu","elu","256","zero","100","0","1","1","0.5","0.1","0.05","100","3","1","0.403","95"
"CIFAR10_classification_CCL","CIFAR10","CCL","0.4286","2024-05-01T08:11:41.000Z","finished","1175","0","elu","elu","256","zero","100","0","1","1","0.5","0.05","0.05","100","2","2","0.3786","98"
"CIFAR10_classification_CCL","CIFAR10","CCL","0.4286","2024-05-01T07:52:09.000Z","finished","1165","0","elu","elu","256","zero","100","0","1","1","0.5","0.05","0.05","100","2","1","0.3786","98"
"CIFAR10_classification_CCL","CIFAR10","CCL","0.4281","2024-05-01T07:32:16.000Z","finished","1186","0","elu","elu","256","zero","100","0","1","1","0.5","0.05","0.05","100","1","2","0.387","99"
"CIFAR10_classification_CCL","CIFAR10","CCL","0.4281","2024-05-01T07:12:41.000Z","finished","1167","0","elu","elu","256","zero","100","0","1","1","0.5","0.05","0.05","100","1","1","0.387","99"
"CIFAR10_classification_CCL","CIFAR10","CCL","0.4274","2024-05-01T08:31:24.000Z","finished","1245","0","elu","elu","256","zero","100","0","1","1","0.5","0.05","0.05","100","3","1","0.3988","95"
"CIFAR10_classification_CCL","CIFAR10","CCL","0.4274","2024-05-01T08:52:16.000Z","finished","1226","0","elu","elu","256","zero","100","0","1","1","0.5","0.05","0.05","100","3","2","0.3988","95"
"CIFAR10_classification_CCL","CIFAR10","CCL","0.4235","2024-05-01T06:59:17.000Z","finished","1721","0","elu","elu","256","zero","100","0","1","1","0.5","0.1","0.05","100","0","2","0.3806","93"
"CIFAR10_classification_CCL","CIFAR10","CCL","0.4235","2024-05-01T06:29:48.000Z","finished","1760","0","elu","elu","256","zero","100","0","1","1","0.5","0.1","0.05","100","0","1","0.3806","93"
"CIFAR10_classification_CCL","CIFAR10","CCL","0.4214","2024-05-01T06:29:52.000Z","finished","1280","0","elu","elu","256","zero","100","0","1","1","0.5","0.05","0.05","100","0","1","0.3812","93"
"CIFAR10_classification_CCL","CIFAR10","CCL","0.4214","2024-05-01T06:51:20.000Z","finished","1274","0","elu","elu","256","zero","100","0","1","1","0.5","0.05","0.05","100","0","2","0.3812","93"
"CIFAR10_classification_CCL","CIFAR10","CCL","0.4128","2024-05-01T18:10:09.000Z","finished","4471","0","elu","elu","256","zero","100","0","1","1","0.5","0.03","0.03","100","2","2","0.365","98"
"CIFAR10_classification_CCL","CIFAR10","CCL","0.4128","2024-05-01T16:29:03.000Z","finished","6056","0","elu","elu","256","zero","100","0","1","1","0.5","0.03","0.03","100","2","1","0.365","98"
"CIFAR10_classification_CCL","CIFAR10","CCL","0.4125","2024-05-01T15:30:34.000Z","finished","3499","0","elu","elu","256","zero","100","0","1","1","0.5","0.03","0.03","100","1","2","0.371","99"
"CIFAR10_classification_CCL","CIFAR10","CCL","0.4125","2024-05-01T13:15:56.000Z","finished","8068","0","elu","elu","256","zero","100","0","1","1","0.5","0.03","0.03","100","1","1","0.371","99"
"CIFAR10_classification_CCL","CIFAR10","CCL","0.4053","2024-05-01T10:49:11.000Z","finished","8795","0","elu","elu","256","zero","100","0","1","1","0.5","0.03","0.03","100","0","2","0.3638","93"
"CIFAR10_classification_CCL","CIFAR10","CCL","0.4053","2024-05-01T06:32:03.000Z","finished","15418","0","elu","elu","256","zero","100","0","1","1","0.5","0.03","0.03","100","0","1","0.3638","93"
"CIFAR10_classification_CCL","CIFAR10","CCL","0.3853","2024-05-01T14:48:54.000Z","finished","1869","0","elu","elu","256","zero","100","0","1","1","0.5","1","1","100","0","2","0.315","90"
"CIFAR10_classification_CCL","CIFAR10","CCL","0.3841","2024-05-01T14:45:32.000Z","finished","1965","0","elu","elu","256","zero","100","0","1","1","0.5","1","1","100","0","2","0.2822","87"
"CIFAR10_classification_CCL","CIFAR10","CCL","0.3841","2024-05-01T15:18:26.000Z","finished","1932","0","elu","elu","256","zero","100","0","1","1","0.5","1","1","100","0","2","0.2822","87"
"CIFAR10_classification_CCL","CIFAR10","CCL","0.378","2024-05-01T17:03:07.000Z","finished","2244","0","elu","elu","256","zero","100","0","1","1","0.5","1","1","100","2","2","0.2778","78"
"CIFAR10_classification_CCL","CIFAR10","CCL","0.3761","2024-05-01T06:14:21.000Z","finished","12324","0","elu","elu","256","zero","100","0","1","1","0.5","1","1","100","0","1","0.3274","62"
"CIFAR10_classification_CCL","CIFAR10","CCL","0.3761","2024-05-01T09:39:56.000Z","finished","8150","0","elu","elu","256","zero","100","0","1","1","0.5","1","1","100","0","2","0.3274","62"
"CIFAR10_classification_CCL","CIFAR10","CCL","0.3756","2024-05-01T15:50:47.000Z","finished","1952","0","elu","elu","256","zero","100","0","1","1","0.5","1","1","100","1","2","0.2888","95"
"CIFAR10_classification_CCL","CIFAR10","CCL","0.3756","2024-05-01T16:23:27.000Z","finished","2004","0","elu","elu","256","zero","100","0","1","1","0.5","1","1","100","1","2","0.2888","95"
"CIFAR10_classification_CCL","CIFAR10","CCL","0.3692","2024-05-01T16:47:57.000Z","finished","3110","0","elu","elu","256","zero","100","0","1","1","0.5","1","1","100","2","2","0.2614","88"
"CIFAR10_classification_CCL","CIFAR10","CCL","0.3692","2024-05-01T15:12:03.000Z","finished","5745","0","elu","elu","256","zero","100","0","1","1","0.5","1","1","100","2","1","0.2614","88"
"CIFAR10_classification_CCL","CIFAR10","CCL","0.3659","2024-05-01T17:40:02.000Z","finished","3342","0","elu","elu","256","zero","100","0","1","1","0.5","1","1","100","3","1","0.3292","68"
"CIFAR10_classification_CCL","CIFAR10","CCL","0.3659","2024-05-01T18:35:54.000Z","finished","3994","0","elu","elu","256","zero","100","0","1","1","0.5","1","1","100","3","2","0.3292","68"
"CIFAR10_classification_CCL","CIFAR10","CCL","0.3652","2024-05-01T16:56:59.000Z","finished","1966","0","elu","elu","256","zero","100","0","1","1","0.5","1","1","100","2","2","0.3102","93"
"CIFAR10_classification_CCL","CIFAR10","CCL","0.3606","2024-05-01T15:58:04.000Z","finished","2042","0","elu","elu","256","zero","100","0","1","1","0.5","1","1","100","1","2","0.317","98"
"CIFAR10_classification_CCL","CIFAR10","CCL","0.3598","2024-05-01T11:55:56.000Z","finished","7763","0","elu","elu","256","zero","100","0","1","1","0.5","1","1","100","1","1","0.3184","49"
"CIFAR10_classification_CCL","CIFAR10","CCL","0.3598","2024-05-01T14:05:29.000Z","finished","3984","0","elu","elu","256","zero","100","0","1","1","0.5","1","1","100","1","2","0.3184","49"
"CIFAR10_classification_CCL","CIFAR10","CCL","0.3558","2024-05-01T23:03:08.000Z","finished","2523","0","elu","elu","256","zero","100","0","1","1","0.5","0.03","0.03","100","3","2","0.3336","96"
"CIFAR10_classification_CCL","CIFAR10","CCL","0.3489","2024-05-01T17:19:51.000Z","finished","1166","0","elu","elu","256","zero","100","0","1","1","0.5","1.5","1.5","100","3","2","0.189","35"
"CIFAR10_classification_CCL","CIFAR10","CCL","0.3473","2024-05-01T16:32:14.000Z","finished","1845","0","elu","elu","256","zero","100","0","1","1","0.5","1.5","1.5","100","1","2","0.2446","46"
"CIFAR10_classification_CCL","CIFAR10","CCL","0.3432","2024-05-01T17:00:08.000Z","finished","1175","0","elu","elu","256","zero","100","0","1","1","0.5","1.5","1.5","100","2","2","0.2182","56"
"CIFAR10_classification_CCL","CIFAR10","CCL","0.3432","2024-05-01T16:40:33.000Z","finished","1165","0","elu","elu","256","zero","100","0","1","1","0.5","1.5","1.5","100","2","2","0.2182","56"
"CIFAR10_classification_CCL","CIFAR10","CCL","0.3337","2024-05-01T15:20:29.000Z","finished","1188","0","elu","elu","256","zero","100","0","1","1","0.5","1.5","1.5","100","0","2","0.2282","56"
"CIFAR10_classification_CCL","CIFAR10","CCL","0.3337","2024-05-01T15:40:26.000Z","finished","1180","0","elu","elu","256","zero","100","0","1","1","0.5","1.5","1.5","100","0","2","0.2282","56"
"CIFAR10_classification_CCL","CIFAR10","CCL","0.3334","2024-05-01T19:24:47.000Z","finished","13094","0","elu","elu","256","zero","100","0","1","1","0.5","0.03","0.03","100","3","1","0.3132","71"
"CIFAR10_classification_CCL","CIFAR10","CCL","0.329","2024-05-01T15:20:11.000Z","finished","2265","0","elu","elu","256","zero","100","0","1","1","0.5","1.5","1.5","100","0","2","0.2372","30"
"CIFAR10_classification_CCL","CIFAR10","CCL","0.3224","2024-05-01T08:23:29.000Z","finished","1496","0","elu","elu","256","zero","100","0","1","1","0.5","2","2","100","2","2","0.2354","33"
"CIFAR10_classification_CCL","CIFAR10","CCL","0.3224","2024-05-01T07:57:43.000Z","finished","1538","0","elu","elu","256","zero","100","0","1","1","0.5","2","2","100","2","1","0.2354","33"
"CIFAR10_classification_CCL","CIFAR10","CCL","0.3143","2024-05-01T09:14:24.000Z","finished","1566","0","elu","elu","256","zero","100","0","1","1","0.5","2","2","100","3","2","0.259","69"
"CIFAR10_classification_CCL","CIFAR10","CCL","0.3143","2024-05-01T08:48:33.000Z","finished","1544","0","elu","elu","256","zero","100","0","1","1","0.5","2","2","100","3","1","0.259","69"
"CIFAR10_classification_CCL","CIFAR10","CCL","0.3139","2024-05-01T16:20:35.000Z","finished","1190","0","elu","elu","256","zero","100","0","1","1","0.5","1.5","1.5","100","1","2","0.2794","52"
"CIFAR10_classification_CCL","CIFAR10","CCL","0.3139","2024-05-01T16:00:15.000Z","finished","1212","0","elu","elu","256","zero","100","0","1","1","0.5","1.5","1.5","100","1","2","0.2794","52"
"CIFAR10_classification_CCL","CIFAR10","CCL","0.3041","2024-05-01T09:40:38.000Z","finished","1520","0","elu","elu","256","zero","100","0","1","1","0.5","2","2","100","4","1","0.2006","79"
"CIFAR10_classification_CCL","CIFAR10","CCL","0.3041","2024-05-01T10:06:05.000Z","finished","1561","0","elu","elu","256","zero","100","0","1","1","0.5","2","2","100","4","2","0.2006","79"
"CIFAR10_classification_CCL","CIFAR10","CCL","0.3015","2024-05-01T06:14:52.000Z","finished","1557","0","elu","elu","256","zero","100","0","1","1","0.5","2","2","100","0","1","0.2368","26"
"CIFAR10_classification_CCL","CIFAR10","CCL","0.3015","2024-05-01T06:40:56.000Z","finished","1558","0","elu","elu","256","zero","100","0","1","1","0.5","2","2","100","0","2","0.2368","26"
"CIFAR10_classification_CCL","CIFAR10","CCL","0.2945","2024-05-01T07:07:01.000Z","finished","1516","0","elu","elu","256","zero","100","0","1","1","0.5","2","2","100","1","1","0.2634","37"
"CIFAR10_classification_CCL","CIFAR10","CCL","0.2945","2024-05-01T07:32:24.000Z","finished","1512","0","elu","elu","256","zero","100","0","1","1","0.5","2","2","100","1","2","0.2634","37"
"CIFAR10_classification_CCL","CIFAR10","CCL","0.2626","2024-05-01T19:42:39.000Z","finished","11992","0","elu","elu","256","zero","100","0","1","1","0.5","1","1","100","4","1","0.1826","81"
"CIFAR100_classification_CCL","CIFAR100","CCL","0.2249","2024-05-01T15:32:38.000Z","finished","1494","0","elu","elu","256","zero","100","0","1","1","0.5","3","3","100","1","2","0.1978","96"
"CIFAR100_classification_CCL","CIFAR100","CCL","0.2241","2024-05-01T17:12:39.000Z","finished","1494","0","elu","elu","256","zero","100","0","1","1","0.5","3","3","100","3","2","0.201","99"
"CIFAR100_classification_CCL","CIFAR100","CCL","0.2198","2024-05-01T16:22:45.000Z","finished","1491","0","elu","elu","256","zero","100","0","1","1","0.5","3","3","100","2","2","0.2034","96"
"CIFAR100_classification_CCL","CIFAR100","CCL","0.2179","2024-05-02T00:39:04.000Z","finished","2574","0","elu","elu","256","zero","100","0","1","1","0.5","4","4","200","1","0","0.1944","99"
"CIFAR100_classification_CCL","CIFAR100","CCL","0.2179","2024-05-01T23:56:14.000Z","finished","2542","0","elu","elu","256","zero","100","0","1","1.5","0.5","4","4","200","1","0","0.1944","99"
"CIFAR100_classification_CCL","CIFAR100","CCL","0.2179","2024-05-01T23:40:25.000Z","finished","2060","0","elu","elu","256","zero","100","0","1","0.7","0.5","4","4","200","1","0","0.1944","99"
"CIFAR100_classification_CCL","CIFAR100","CCL","0.2179","2024-05-02T00:14:56.000Z","finished","2058","0","elu","elu","256","zero","100","0","1","0.5","0.5","4","4","200","1","0","0.1944","99"
"CIFAR100_classification_CCL","CIFAR100","CCL","0.2174","2024-05-01T16:27:04.000Z","finished","2155","0","elu","elu","256","zero","100","0","1","1","0.5","3","3","100","0","2","0.199","88"
"CIFAR100_classification_CCL","CIFAR100","CCL","0.2174","2024-05-01T17:03:09.000Z","finished","2122","0","elu","elu","256","zero","100","0","1","1","0.5","3","3","100","0","2","0.199","88"
"CIFAR100_classification_CCL","CIFAR100","CCL","0.2167","2024-05-01T14:42:11.000Z","finished","1493","0","elu","elu","256","zero","100","0","1","1","0.5","3","3","100","0","2","0.199","88"
"CIFAR100_classification_CCL","CIFAR100","CCL","0.2167","2024-05-01T14:42:46.000Z","finished","1487","0","elu","elu","256","zero","100","0","1","1","0.5","3","3","100","0","2","0.199","88"
"CIFAR100_classification_CCL","CIFAR100","CCL","0.2167","2024-05-02T02:04:08.000Z","finished","2526","0","elu","elu","256","zero","100","0","1","1","0.5","4","4","200","2","0","0.1926","94"
"CIFAR100_classification_CCL","CIFAR100","CCL","0.2167","2024-05-02T00:49:27.000Z","finished","2065","0","elu","elu","256","zero","100","0","1","0.7","0.5","4","4","200","2","0","0.1926","94"
"CIFAR100_classification_CCL","CIFAR100","CCL","0.2167","2024-05-02T01:22:10.000Z","finished","2508","0","elu","elu","256","zero","100","0","1","1.5","0.5","4","4","200","2","0","0.1926","94"
"CIFAR100_classification_CCL","CIFAR100","CCL","0.2167","2024-05-02T01:24:02.000Z","finished","2092","0","elu","elu","256","zero","100","0","1","0.5","0.5","4","4","200","2","0","0.1926","94"
"CIFAR100_classification_CCL","CIFAR100","CCL","0.2167","2024-05-01T15:27:21.000Z","finished","1987","0","elu","elu","256","zero","100","0","1","1","0.5","3","3","100","0","2","0.199","88"
"CIFAR100_classification_CCL","CIFAR100","CCL","0.2164","2024-05-01T20:14:53.000Z","finished","2062","0","elu","elu","256","zero","100","0","1","0.7","0.5","3","4","200","0","0","0.1864","98"
"CIFAR100_classification_CCL","CIFAR100","CCL","0.2164","2024-05-01T20:49:24.000Z","finished","2110","0","elu","elu","256","zero","100","0","1","0.5","0.5","3","4","200","0","0","0.1864","98"
"CIFAR100_classification_CCL","CIFAR100","CCL","0.2164","2024-05-01T19:40:23.000Z","finished","2060","0","elu","elu","256","zero","100","0","1","1","0.5","3","4","200","0","0","0.1864","98"
"CIFAR100_classification_CCL","CIFAR100","CCL","0.2164","2024-05-01T20:35:01.000Z","finished","1558","0","elu","elu","256","zero","100","0","1","1.5","0.5","3","4","200","0","0","0.1864","98"
"CIFAR100_classification_CCL","CIFAR100","CCL","0.2163","2024-05-01T22:00:02.000Z","finished","2116","0","elu","elu","256","zero","100","0","1","0.7","0.5","3","4","200","1","0","0.1892","99"
"CIFAR100_classification_CCL","CIFAR100","CCL","0.2163","2024-05-01T22:35:28.000Z","finished","2124","0","elu","elu","256","zero","100","0","1","0.5","0.5","3","4","200","1","0","0.1892","99"
"CIFAR100_classification_CCL","CIFAR100","CCL","0.2155","2024-05-01T17:09:26.000Z","finished","1749","0","elu","elu","256","zero","100","0","1","1","0.5","4","4","100","2","2","0.1978","94"
"CIFAR100_classification_CCL","CIFAR100","CCL","0.2155","2024-05-01T16:47:46.000Z","finished","1486","0","elu","elu","256","zero","100","0","1","1","0.5","4","4","100","2","2","0.1978","94"
"CIFAR100_classification_CCL","CIFAR100","CCL","0.2155","2024-05-01T16:40:03.000Z","finished","1755","0","elu","elu","256","zero","100","0","1","1","0.5","4","4","100","2","2","0.1978","94"
"CIFAR100_classification_CCL","CIFAR100","CCL","0.215","2024-05-01T23:13:52.000Z","finished","2532","0","elu","elu","256","zero","100","0","1","1","0.5","4","4","200","0","0","0.194","89"
"CIFAR100_classification_CCL","CIFAR100","CCL","0.215","2024-05-01T22:30:27.000Z","finished","2595","0","elu","elu","256","zero","100","0","1","1.5","0.5","4","4","200","0","0","0.194","89"
"CIFAR100_classification_CCL","CIFAR100","CCL","0.215","2024-05-01T23:05:35.000Z","finished","2080","0","elu","elu","256","zero","100","0","1","0.5","0.5","4","4","200","0","0","0.194","89"
"CIFAR100_classification_CCL","CIFAR100","CCL","0.215","2024-05-01T22:30:47.000Z","finished","2078","0","elu","elu","256","zero","100","0","1","0.7","0.5","4","4","200","0","0","0.194","89"
"CIFAR100_classification_CCL","CIFAR100","CCL","0.2123","2024-05-01T23:11:05.000Z","finished","2132","0","elu","elu","256","zero","100","0","1","1","0.5","3","4","200","2","0","0.195","94"
"CIFAR100_classification_CCL","CIFAR100","CCL","0.2123","2024-05-02T00:21:51.000Z","finished","2118","0","elu","elu","256","zero","100","0","1","0.5","0.5","3","4","200","2","0","0.195","94"
"CIFAR100_classification_CCL","CIFAR100","CCL","0.2123","2024-05-01T23:16:49.000Z","finished","1589","0","elu","elu","256","zero","100","0","1","1.5","0.5","3","4","200","2","0","0.195","94"
"CIFAR100_classification_CCL","CIFAR100","CCL","0.2123","2024-05-01T23:46:47.000Z","finished","2095","0","elu","elu","256","zero","100","0","1","0.7","0.5","3","4","200","2","0","0.195","94"
"CIFAR100_classification_CCL","CIFAR100","CCL","0.2117","2024-05-01T15:07:42.000Z","finished","1488","0","elu","elu","256","zero","100","0","1","1","0.5","4","4","100","0","2","0.2026","86"
"CIFAR100_classification_CCL","CIFAR100","CCL","0.2117","2024-05-01T15:12:20.000Z","finished","1742","0","elu","elu","256","zero","100","0","1","1","0.5","4","4","100","0","2","0.2026","86"
"CIFAR100_classification_CCL","CIFAR100","CCL","0.2117","2024-05-01T14:42:46.000Z","finished","1765","0","elu","elu","256","zero","100","0","1","1","0.5","4","4","100","0","2","0.2026","86"
"CIFAR100_classification_CCL","CIFAR100","CCL","0.2069","2024-05-01T20:19:56.000Z","finished","2425","0","elu","elu","256","zero","100","0","1","1.5","0.5","3","3","200","0","0","0.178","98"
"CIFAR100_classification_CCL","CIFAR100","CCL","0.2069","2024-05-01T21:00:31.000Z","finished","2432","0","elu","elu","256","zero","100","0","1","1","0.5","3","3","200","0","0","0.178","98"
"CIFAR100_classification_CCL","CIFAR100","CCL","0.2069","2024-05-01T19:40:12.000Z","finished","1629","0","elu","elu","256","zero","100","0","1","0.7","0.5","3","3","200","0","0","0.178","98"
"CIFAR100_classification_CCL","CIFAR100","CCL","0.2069","2024-05-01T20:07:43.000Z","finished","1628","0","elu","elu","256","zero","100","0","1","0.5","0.5","3","3","200","0","0","0.178","98"
"CIFAR100_classification_CCL","CIFAR100","CCL","0.2067","2024-05-01T21:01:08.000Z","finished","1605","0","elu","elu","256","zero","100","0","1","0.7","0.5","3","3","200","1","0","0.1832","99"
"CIFAR100_classification_CCL","CIFAR100","CCL","0.2067","2024-05-01T23:04:17.000Z","finished","2451","0","elu","elu","256","zero","100","0","1","1","0.5","3","3","200","1","0","0.1832","99"
"CIFAR100_classification_CCL","CIFAR100","CCL","0.2067","2024-05-01T22:22:18.000Z","finished","2508","0","elu","elu","256","zero","100","0","1","1.5","0.5","3","3","200","1","0","0.1832","99"
"CIFAR100_classification_CCL","CIFAR100","CCL","0.2033","2024-05-01T22:50:24.000Z","finished","1575","0","elu","elu","256","zero","100","0","1","0.5","0.5","3","3","200","2","0","0.1838","94"
"CIFAR100_classification_CCL","CIFAR100","CCL","0.2033","2024-05-02T01:09:19.000Z","finished","2436","0","elu","elu","256","zero","100","0","1","1","0.5","3","3","200","2","0","0.1838","94"
"CIFAR100_classification_CCL","CIFAR100","CCL","0.2033","2024-05-02T00:27:52.000Z","finished","2475","0","elu","elu","256","zero","100","0","1","1.5","0.5","3","3","200","2","0","0.1838","94"
"CIFAR100_classification_CCL","CIFAR100","CCL","0.2033","2024-05-01T22:22:57.000Z","finished","1633","0","elu","elu","256","zero","100","0","1","0.7","0.5","3","3","200","2","0","0.1838","94"
"CIFAR100_classification_CCL","CIFAR100","CCL","0.1925","2024-05-02T04:53:30.000Z","finished","2200","0","elu","elu","256","zero","100","0","1","2","0.5","2","2","100","1","0","0.1702","99"
"CIFAR100_classification_CCL","CIFAR100","CCL","0.1925","2024-05-02T04:41:00.000Z","finished","1543","0","elu","elu","256","zero","100","0","1","1","0.5","2","2","100","1","0","0.1702","99"
"CIFAR100_classification_CCL","CIFAR100","CCL","0.1925","2024-05-01T07:51:02.000Z","finished","1640","0","elu","elu","256","zero","100","0","1","1","0.5","2","2","100","1","2","0.1702","99"
"CIFAR100_classification_CCL","CIFAR100","CCL","0.1925","2024-05-01T07:41:17.000Z","finished","1857","0","elu","elu","256","zero","100","0","1","1","0.5","2","2","100","1","1","0.1702","99"
"CIFAR100_classification_CCL","CIFAR100","CCL","0.1925","2024-05-01T16:09:39.000Z","finished","1724","0","elu","elu","256","zero","100","0","1","1","0.5","2","2","100","1","2","0.1702","99"
"CIFAR100_classification_CCL","CIFAR100","CCL","0.1925","2024-05-01T15:53:49.000Z","finished","2130","0","elu","elu","256","zero","100","0","1","1","0.5","2","2","100","1","2","0.1702","99"
"CIFAR100_classification_CCL","CIFAR100","CCL","0.1925","2024-05-01T16:29:28.000Z","finished","2114","0","elu","elu","256","zero","100","0","1","1","0.5","2","2","100","1","2","0.1702","99"
"CIFAR100_classification_CCL","CIFAR100","CCL","0.1925","2024-05-01T07:22:18.000Z","finished","1701","0","elu","elu","256","zero","100","0","1","1","0.5","2","2","100","1","1","0.1702","99"
"CIFAR100_classification_CCL","CIFAR100","CCL","0.1925","2024-05-01T08:12:22.000Z","finished","1835","0","elu","elu","256","zero","100","0","1","1","0.5","2","2","100","1","2","0.1702","99"
"CIFAR100_classification_CCL","CIFAR100","CCL","0.1907","2024-05-01T10:09:09.000Z","finished","1634","0","elu","elu","256","zero","100","0","1","1","0.5","2","2","100","4","1","0.1668","99"
"CIFAR100_classification_CCL","CIFAR100","CCL","0.1907","2024-05-01T11:18:22.000Z","finished","1909","0","elu","elu","256","zero","100","0","1","1","0.5","2","2","100","4","2","0.1668","99"
"CIFAR100_classification_CCL","CIFAR100","CCL","0.1907","2024-05-01T10:47:04.000Z","finished","1865","0","elu","elu","256","zero","100","0","1","1","0.5","2","2","100","4","1","0.1668","99"
"CIFAR100_classification_CCL","CIFAR100","CCL","0.1907","2024-05-01T21:41:00.000Z","finished","2608","0","elu","elu","256","zero","100","0","1","1.5","0.5","2","2","200","1","0","0.171","99"
"CIFAR100_classification_CCL","CIFAR100","CCL","0.1907","2024-05-01T23:05:15.000Z","finished","2422","0","elu","elu","256","zero","100","0","1","0.7","0.5","2","2","200","1","0","0.171","99"
"CIFAR100_classification_CCL","CIFAR100","CCL","0.1907","2024-05-01T21:41:11.000Z","finished","2456","0","elu","elu","256","zero","100","0","1","0.5","0.5","2","2","200","1","0","0.171","99"
"CIFAR100_classification_CCL","CIFAR100","CCL","0.1907","2024-05-01T10:36:33.000Z","finished","1603","0","elu","elu","256","zero","100","0","1","1","0.5","2","2","100","4","2","0.1668","99"
"CIFAR100_classification_CCL","CIFAR100","CCL","0.1907","2024-05-01T22:24:39.000Z","finished","2427","0","elu","elu","256","zero","100","0","1","1","0.5","2","2","200","1","0","0.171","99"
"CIFAR100_classification_CCL","CIFAR100","CCL","0.1896","2024-05-01T10:15:39.000Z","finished","1876","0","elu","elu","256","zero","100","0","1","1","0.5","2","2","100","3","2","0.1684","96"
"CIFAR100_classification_CCL","CIFAR100","CCL","0.1896","2024-05-01T09:41:11.000Z","finished","1669","0","elu","elu","256","zero","100","0","1","1","0.5","2","2","100","3","2","0.1684","96"
"CIFAR100_classification_CCL","CIFAR100","CCL","0.1896","2024-05-01T09:13:50.000Z","finished","1632","0","elu","elu","256","zero","100","0","1","1","0.5","2","2","100","3","1","0.1684","96"
"CIFAR100_classification_CCL","CIFAR100","CCL","0.1896","2024-05-01T09:45:17.000Z","finished","1815","0","elu","elu","256","zero","100","0","1","1","0.5","2","2","100","3","1","0.1684","96"
"CIFAR100_classification_CCL","CIFAR100","CCL","0.1881","2024-05-01T20:20:25.000Z","finished","2395","0","elu","elu","256","zero","100","0","1","1","0.5","2","2","200","0","0","0.165","98"
"CIFAR100_classification_CCL","CIFAR100","CCL","0.1881","2024-05-01T19:40:07.000Z","finished","2377","0","elu","elu","256","zero","100","0","1","0.5","0.5","2","2","200","0","0","0.165","98"
"CIFAR100_classification_CCL","CIFAR100","CCL","0.1881","2024-05-01T19:40:07.000Z","finished","2409","0","elu","elu","256","zero","100","0","1","1.5","0.5","2","2","200","0","0","0.165","98"
"CIFAR100_classification_CCL","CIFAR100","CCL","0.1881","2024-05-01T21:00:31.000Z","finished","2418","0","elu","elu","256","zero","100","0","1","0.7","0.5","2","2","200","0","0","0.165","98"
"CIFAR100_classification_CCL","CIFAR100","CCL","0.1862","2024-05-01T06:23:41.000Z","finished","1760","0","elu","elu","256","zero","100","0","1","1","0.5","2","2","100","0","1","0.1648","98"
"CIFAR100_classification_CCL","CIFAR100","CCL","0.1862","2024-05-01T15:18:02.000Z","finished","2137","0","elu","elu","256","zero","100","0","1","1","0.5","2","2","100","0","2","0.1648","98"
"CIFAR100_classification_CCL","CIFAR100","CCL","0.1862","2024-05-02T04:15:35.000Z","finished","2262","0","elu","elu","256","zero","100","0","1","2","0.5","2","2","100","0","0","0.1648","98"
"CIFAR100_classification_CCL","CIFAR100","CCL","0.1862","2024-05-02T04:15:35.000Z","finished","1509","0","elu","elu","256","zero","100","0","1","1","0.5","2","2","100","0","0","0.1648","98"
"CIFAR100_classification_CCL","CIFAR100","CCL","0.1862","2024-05-01T07:10:25.000Z","finished","1844","0","elu","elu","256","zero","100","0","1","1","0.5","2","2","100","0","2","0.1648","98"
"CIFAR100_classification_CCL","CIFAR100","CCL","0.1862","2024-05-01T14:42:12.000Z","finished","2140","0","elu","elu","256","zero","100","0","1","1","0.5","2","2","100","0","2","0.1648","98"
"CIFAR100_classification_CCL","CIFAR100","CCL","0.1862","2024-05-01T15:11:14.000Z","finished","1737","0","elu","elu","256","zero","100","0","1","1","0.5","2","2","100","0","2","0.1648","98"
"CIFAR100_classification_CCL","CIFAR100","CCL","0.1862","2024-05-01T06:53:12.000Z","finished","1726","0","elu","elu","256","zero","100","0","1","1","0.5","2","2","100","0","2","0.1648","98"
"CIFAR100_classification_CCL","CIFAR100","CCL","0.1862","2024-05-01T06:39:36.000Z","finished","1841","0","elu","elu","256","zero","100","0","1","1","0.5","2","2","100","0","1","0.1648","98"
"CIFAR100_classification_CCL","CIFAR100","CCL","0.1855","2024-05-01T09:14:20.000Z","finished","1849","0","elu","elu","256","zero","100","0","1","1","0.5","2","2","100","2","2","0.169","94"
"CIFAR100_classification_CCL","CIFAR100","CCL","0.1855","2024-05-01T17:07:18.000Z","finished","1726","0","elu","elu","256","zero","100","0","1","1","0.5","2","2","100","2","2","0.169","94"
"CIFAR100_classification_CCL","CIFAR100","CCL","0.1855","2024-05-01T17:04:52.000Z","finished","2169","0","elu","elu","256","zero","100","0","1","1","0.5","2","2","100","2","2","0.169","94"
"CIFAR100_classification_CCL","CIFAR100","CCL","0.1855","2024-05-01T08:18:31.000Z","finished","1655","0","elu","elu","256","zero","100","0","1","1","0.5","2","2","100","2","1","0.169","94"
"CIFAR100_classification_CCL","CIFAR100","CCL","0.1855","2024-05-01T08:43:06.000Z","finished","1866","0","elu","elu","256","zero","100","0","1","1","0.5","2","2","100","2","1","0.169","94"
"CIFAR100_classification_CCL","CIFAR100","CCL","0.1855","2024-05-02T05:06:53.000Z","finished","1498","0","elu","elu","256","zero","100","0","1","1","0.5","2","2","100","2","0","0.169","94"
"CIFAR100_classification_CCL","CIFAR100","CCL","0.1855","2024-05-01T08:46:15.000Z","finished","1646","0","elu","elu","256","zero","100","0","1","1","0.5","2","2","100","2","2","0.169","94"
"CIFAR100_classification_CCL","CIFAR100","CCL","0.1853","2024-05-01T23:45:45.000Z","finished","2522","0","elu","elu","256","zero","100","0","1","1.5","0.5","2","2","200","2","0","0.17","94"
"CIFAR100_classification_CCL","CIFAR100","CCL","0.1853","2024-05-02T01:09:20.000Z","finished","2446","0","elu","elu","256","zero","100","0","1","0.7","0.5","2","2","200","2","0","0.17","94"
"CIFAR100_classification_CCL","CIFAR100","CCL","0.1853","2024-05-01T23:45:19.000Z","finished","2542","0","elu","elu","256","zero","100","0","1","0.5","0.5","2","2","200","2","0","0.17","94"
"CIFAR100_classification_CCL","CIFAR100","CCL","0.1853","2024-05-02T00:27:54.000Z","finished","2478","0","elu","elu","256","zero","100","0","1","1","0.5","2","2","200","2","0","0.17","94"
"CIFAR100_classification_CCL","CIFAR100","CCL","0.1808","2024-05-01T12:37:05.000Z","finished","1607","0","elu","elu","256","zero","100","0","1","1","0.5","0.5","0.5","100","4","2","0.1572","98"
"CIFAR100_classification_CCL","CIFAR100","CCL","0.1808","2024-05-01T16:12:49.000Z","finished","2193","0","elu","elu","256","zero","100","0","1","1","0.5","0.5","0.5","100","4","1","0.1572","98"
"CIFAR100_classification_CCL","CIFAR100","CCL","0.1808","2024-05-01T10:52:21.000Z","finished","1142","0","elu","elu","256","zero","100","0","1","1","0.5","0.5","0.5","100","4","1","0.1572","98"
"CIFAR100_classification_CCL","CIFAR100","CCL","0.1808","2024-05-01T16:49:32.000Z","finished","2233","0","elu","elu","256","zero","100","0","1","1","0.5","0.5","0.5","100","4","2","0.1572","98"
"CIFAR100_classification_CCL","CIFAR100","CCL","0.1806","2024-05-01T08:29:23.000Z","finished","1981","0","elu","elu","256","zero","100","0","1","1","0.5","1","1","100","1","1","0.1612","99"
"CIFAR100_classification_CCL","CIFAR100","CCL","0.1806","2024-05-01T09:02:32.000Z","finished","1662","0","elu","elu","256","zero","100","0","1","1","0.5","1","1","100","1","2","0.1612","99"
"CIFAR100_classification_CCL","CIFAR100","CCL","0.1806","2024-05-01T15:40:24.000Z","finished","1729","0","elu","elu","256","zero","100","0","1","1","0.5","1","1","100","1","2","0.1612","99"
"CIFAR100_classification_CCL","CIFAR100","CCL","0.1806","2024-05-01T16:36:55.000Z","finished","2270","0","elu","elu","256","zero","100","0","1","1","0.5","1","1","100","1","2","0.1612","99"
"CIFAR100_classification_CCL","CIFAR100","CCL","0.1806","2024-05-01T15:58:15.000Z","finished","2310","0","elu","elu","256","zero","100","0","1","1","0.5","1","1","100","1","2","0.1612","99"
"CIFAR100_classification_CCL","CIFAR100","CCL","0.179","2024-05-01T10:05:49.000Z","finished","1654","0","elu","elu","256","zero","100","0","1","1","0.5","1","1","100","2","1","0.1658","94"
"CIFAR100_classification_CCL","CIFAR100","CCL","0.179","2024-05-01T10:33:32.000Z","finished","1747","0","elu","elu","256","zero","100","0","1","1","0.5","1","1","100","2","2","0.1658","94"
"CIFAR100_classification_CCL","CIFAR100","CCL","0.179","2024-05-01T16:38:31.000Z","finished","1719","0","elu","elu","256","zero","100","0","1","1","0.5","1","1","100","2","2","0.1658","94"
"CIFAR100_classification_CCL","CIFAR100","CCL","0.1789","2024-05-01T06:51:48.000Z","finished","2290","0","elu","elu","256","zero","100","0","1","1","0.5","1","1","100","0","1","0.1612","98"
"CIFAR100_classification_CCL","CIFAR100","CCL","0.1789","2024-05-01T14:42:11.000Z","finished","1735","0","elu","elu","256","zero","100","0","1","1","0.5","1","1","100","0","2","0.1612","98"
"CIFAR100_classification_CCL","CIFAR100","CCL","0.1789","2024-05-01T15:19:53.000Z","finished","2292","0","elu","elu","256","zero","100","0","1","1","0.5","1","1","100","0","2","0.1612","98"
"CIFAR100_classification_CCL","CIFAR100","CCL","0.1789","2024-05-01T14:42:16.000Z","finished","2247","0","elu","elu","256","zero","100","0","1","1","0.5","1","1","100","0","2","0.1612","98"
"CIFAR100_classification_CCL","CIFAR100","CCL","0.1789","2024-05-01T07:30:07.000Z","finished","1595","0","elu","elu","256","zero","100","0","1","1","0.5","1","1","100","0","2","0.1612","98"
"CIFAR100_classification_CCL","CIFAR100","CCL","0.1772","2024-05-01T06:18:59.000Z","finished","7514","0","elu","elu","256","zero","100","0","1","1","0.5","1","1","100","3","2","0.1626","96"
"CIFAR100_classification_CCL","CIFAR100","CCL","0.1772","2024-05-01T07:58:36.000Z","finished","1142","0","elu","elu","256","zero","100","0","1","1","0.5","0.5","0.5","100","1","1","0.1614","99"
"CIFAR100_classification_CCL","CIFAR100","CCL","0.1772","2024-05-01T12:12:09.000Z","finished","1486","0","elu","elu","256","zero","100","0","1","1","0.5","1","1","100","3","2","0.1626","96"
"CIFAR100_classification_CCL","CIFAR100","CCL","0.1772","2024-05-01T07:56:50.000Z","finished","1945","0","elu","elu","256","zero","100","0","1","1","0.5","0.5","0.5","100","1","2","0.1614","99"
"CIFAR100_classification_CCL","CIFAR100","CCL","0.1772","2024-05-01T11:38:31.000Z","finished","2009","0","elu","elu","256","zero","100","0","1","1","0.5","1","1","100","3","1","0.1626","96"
"CIFAR100_classification_CCL","CIFAR100","CCL","0.1769","2024-05-01T06:21:34.000Z","finished","1807","0","elu","elu","256","zero","100","0","1","1","0.5","0.5","0.5","100","0","2","0.1634","98"
"CIFAR100_classification_CCL","CIFAR100","CCL","0.1769","2024-05-01T06:59:52.000Z","finished","1169","0","elu","elu","256","zero","100","0","1","1","0.5","0.5","0.5","100","0","1","0.1634","98"
"CIFAR100_classification_CCL","CIFAR100","CCL","0.1763","2024-05-01T11:02:48.000Z","finished","2135","0","elu","elu","256","zero","100","0","1","1","0.5","0.5","0.5","100","3","2","0.1636","92"
"CIFAR100_classification_CCL","CIFAR100","CCL","0.1763","2024-05-01T09:53:48.000Z","finished","1162","0","elu","elu","256","zero","100","0","1","1","0.5","0.5","0.5","100","3","1","0.1636","92"
"CIFAR100_classification_CCL","CIFAR100","CCL","0.1763","2024-05-01T14:56:47.000Z","finished","2214","0","elu","elu","256","zero","100","0","1","1","0.5","0.5","0.5","100","3","2","0.1636","92"
"CIFAR100_classification_CCL","CIFAR100","CCL","0.1763","2024-05-01T14:19:55.000Z","finished","2201","0","elu","elu","256","zero","100","0","1","1","0.5","0.5","0.5","100","3","1","0.1636","92"
"CIFAR100_classification_CCL","CIFAR100","CCL","0.1752","2024-05-01T08:24:22.000Z","finished","2376","0","elu","elu","256","zero","100","0","1","1","0.5","1","1","100","4","1","0.1582","99"
"CIFAR100_classification_CCL","CIFAR100","CCL","0.1752","2024-05-01T13:04:00.000Z","finished","1995","0","elu","elu","256","zero","100","0","1","1","0.5","1","1","100","4","1","0.1582","99"
"CIFAR100_classification_CCL","CIFAR100","CCL","0.1752","2024-05-01T09:04:07.000Z","finished","2920","0","elu","elu","256","zero","100","0","1","1","0.5","1","1","100","4","2","0.1582","99"
"CIFAR100_classification_CCL","CIFAR100","CCL","0.1752","2024-05-01T13:37:23.000Z","finished","1792","0","elu","elu","256","zero","100","0","1","1","0.5","1","1","100","4","2","0.1582","99"
"CIFAR100_classification_CCL","CIFAR100","CCL","0.1745","2024-05-01T09:30:22.000Z","finished","2119","0","elu","elu","256","zero","100","0","1","1","0.5","0.5","0.5","100","2","2","0.1608","94"
"CIFAR100_classification_CCL","CIFAR100","CCL","0.1745","2024-05-01T06:19:14.000Z","finished","21833","0","elu","elu","256","zero","100","0","1","1","0.5","0.5","0.5","100","2","1","0.1608","94"
"CIFAR100_classification_CCL","CIFAR100","CCL","0.1745","2024-05-01T08:56:00.000Z","finished","1136","0","elu","elu","256","zero","100","0","1","1","0.5","0.5","0.5","100","2","1","0.1608","94"
"CIFAR100_classification_CCL","CIFAR100","CCL","0.1745","2024-05-01T12:23:18.000Z","finished","4737","0","elu","elu","256","zero","100","0","1","1","0.5","0.5","0.5","100","2","2","0.1608","94"
"CIFAR100_classification_CCL","CIFAR100","CCL","0.1733","2024-05-01T07:19:29.000Z","finished","1167","0","elu","elu","256","zero","100","0","1","1","0.5","0.2","0.2","100","1","1","0.1564","99"
"CIFAR100_classification_CCL","CIFAR100","CCL","0.1733","2024-05-01T07:39:05.000Z","finished","1161","0","elu","elu","256","zero","100","0","1","1","0.5","0.2","0.2","100","1","2","0.1564","99"
"CIFAR100_classification_CCL","CIFAR100","CCL","0.1719","2024-05-01T09:34:26.000Z","finished","1154","0","elu","elu","256","zero","100","0","1","1","0.5","0.2","0.2","100","3","2","0.1568","95"
"CIFAR100_classification_CCL","CIFAR100","CCL","0.1719","2024-05-01T09:15:03.000Z","finished","1157","0","elu","elu","256","zero","100","0","1","1","0.5","0.2","0.2","100","3","1","0.1568","95"
"CIFAR100_classification_CCL","CIFAR100","CCL","0.1719","2024-05-01T06:57:16.000Z","finished","1145","0","elu","elu","256","zero","100","0","1","1","0.5","0.2","0.2","100","3","1","0.1568","95"
"CIFAR100_classification_CCL","CIFAR100","CCL","0.1719","2024-05-01T13:42:25.000Z","finished","2239","0","elu","elu","256","zero","100","0","1","1","0.5","0.2","0.2","100","3","2","0.1568","95"
"CIFAR100_classification_CCL","CIFAR100","CCL","0.1705","2024-05-01T15:33:52.000Z","finished","2327","0","elu","elu","256","zero","100","0","1","1","0.5","0.2","0.2","100","4","2","0.1486","98"
"CIFAR100_classification_CCL","CIFAR100","CCL","0.1705","2024-05-01T10:13:17.000Z","finished","1166","0","elu","elu","256","zero","100","0","1","1","0.5","0.2","0.2","100","4","1","0.1486","98"
"CIFAR100_classification_CCL","CIFAR100","CCL","0.1705","2024-05-01T10:32:51.000Z","finished","1162","0","elu","elu","256","zero","100","0","1","1","0.5","0.2","0.2","100","4","2","0.1486","98"
"CIFAR100_classification_CCL","CIFAR100","CCL","0.1705","2024-05-01T07:54:52.000Z","finished","1128","0","elu","elu","256","zero","100","0","1","1","0.5","0.2","0.2","100","4","1","0.1486","98"
"CIFAR100_classification_CCL","CIFAR100","CCL","0.1703","2024-05-01T06:21:03.000Z","finished","1157","0","elu","elu","256","zero","100","0","1","1","0.5","0.2","0.2","100","0","1","0.1532","93"
"CIFAR100_classification_CCL","CIFAR100","CCL","0.1703","2024-05-01T06:40:28.000Z","finished","1156","0","elu","elu","256","zero","100","0","1","1","0.5","0.2","0.2","100","0","2","0.1532","93"
"CIFAR100_classification_CCL","CIFAR100","CCL","0.1684","2024-05-01T08:36:59.000Z","finished","1130","0","elu","elu","256","zero","100","0","1","1","0.5","0.2","0.2","100","2","2","0.1562","94"
"CIFAR100_classification_CCL","CIFAR100","CCL","0.1684","2024-05-01T08:17:45.000Z","finished","1148","0","elu","elu","256","zero","100","0","1","1","0.5","0.2","0.2","100","2","1","0.1562","94"
"CIFAR100_classification_CCL","CIFAR100","CCL","0.1662","2024-05-01T11:02:51.000Z","finished","6632","0","elu","elu","256","zero","100","0","1","1","0.5","0.1","0.1","100","1","2","0.1492","99"
"CIFAR100_classification_CCL","CIFAR100","CCL","0.1662","2024-05-01T08:47:14.000Z","finished","8129","0","elu","elu","256","zero","100","0","1","1","0.5","0.1","0.1","100","1","1","0.1492","99"
"CIFAR100_classification_CCL","CIFAR100","CCL","0.1648","2024-05-01T13:39:00.000Z","finished","2226","0","elu","elu","256","zero","100","0","1","1","0.5","0.1","0.1","100","2","2","0.1512","93"
"CIFAR100_classification_CCL","CIFAR100","CCL","0.1648","2024-05-01T12:53:37.000Z","finished","2715","0","elu","elu","256","zero","100","0","1","1","0.5","0.1","0.1","100","2","1","0.1512","93"
"CIFAR100_classification_CCL","CIFAR100","CCL","0.164","2024-05-01T07:30:15.000Z","finished","4612","0","elu","elu","256","zero","100","0","1","1","0.5","0.1","0.1","100","0","2","0.1508","93"
"CIFAR100_classification_CCL","CIFAR100","CCL","0.164","2024-05-01T06:21:05.000Z","finished","4143","0","elu","elu","256","zero","100","0","1","1","0.5","0.1","0.1","100","0","1","0.1508","93"
"CIFAR100_classification_CCL","CIFAR100","CCL","0.1633","2024-05-01T07:16:29.000Z","finished","1151","0","elu","elu","256","zero","100","0","1","1","0.5","0.1","0.1","100","4","1","0.144","98"
"CIFAR100_classification_CCL","CIFAR100","CCL","0.1633","2024-05-01T07:35:47.000Z","finished","1137","0","elu","elu","256","zero","100","0","1","1","0.5","0.1","0.1","100","4","2","0.144","98"
"CIFAR100_classification_CCL","CIFAR100","CCL","0.1633","2024-05-01T16:15:56.000Z","finished","1854","0","elu","elu","256","zero","100","0","1","1","0.5","0.1","0.1","100","4","2","0.144","98"
"CIFAR100_classification_CCL","CIFAR100","CCL","0.1633","2024-05-01T15:21:20.000Z","finished","3269","0","elu","elu","256","zero","100","0","1","1","0.5","0.1","0.1","100","4","1","0.144","98"
"CIFAR100_classification_CCL","CIFAR100","CCL","0.1628","2024-05-01T14:49:25.000Z","finished","1907","0","elu","elu","256","zero","100","0","1","1","0.5","0.1","0.1","100","3","2","0.1504","95"
"CIFAR100_classification_CCL","CIFAR100","CCL","0.1628","2024-05-01T06:18:59.000Z","finished","1135","0","elu","elu","256","zero","100","0","1","1","0.5","0.1","0.1","100","3","1","0.1504","95"
"CIFAR100_classification_CCL","CIFAR100","CCL","0.1628","2024-05-01T06:38:03.000Z","finished","1145","0","elu","elu","256","zero","100","0","1","1","0.5","0.1","0.1","100","3","2","0.1504","95"
"CIFAR100_classification_CCL","CIFAR100","CCL","0.1628","2024-05-01T14:16:14.000Z","finished","1983","0","elu","elu","256","zero","100","0","1","1","0.5","0.1","0.1","100","3","1","0.1504","95"
"CIFAR100_classification_CCL","CIFAR100","CCL","0.1567","2024-05-01T09:43:21.000Z","finished","2090","0","elu","elu","256","zero","100","0","1","1","0.5","0.05","0.05","100","1","2","0.141","99"
"CIFAR100_classification_CCL","CIFAR100","CCL","0.1567","2024-05-01T09:08:06.000Z","finished","2105","0","elu","elu","256","zero","100","0","1","1","0.5","0.05","0.05","100","1","1","0.141","99"
"CIFAR100_classification_CCL","CIFAR100","CCL","0.1567","2024-05-01T08:17:27.000Z","finished","2120","0","elu","elu","256","zero","100","0","1","1","0.5","0.05","0.05","100","1","2","0.141","99"
"CIFAR100_classification_CCL","CIFAR100","CCL","0.1567","2024-05-01T07:41:50.000Z","finished","2127","0","elu","elu","256","zero","100","0","1","1","0.5","0.05","0.05","100","1","1","0.141","99"
"CIFAR100_classification_CCL","CIFAR100","CCL","0.1567","2024-05-01T10:24:24.000Z","finished","2214","0","elu","elu","256","zero","100","0","1","1","0.5","0.05","0.05","100","1","1","0.141","99"
"CIFAR100_classification_CCL","CIFAR100","CCL","0.1567","2024-05-01T11:01:27.000Z","finished","2100","0","elu","elu","256","zero","100","0","1","1","0.5","0.05","0.05","100","1","2","0.141","99"
"CIFAR100_classification_CCL","CIFAR100","CCL","0.1557","2024-05-01T14:23:51.000Z","finished","2127","0","elu","elu","256","zero","100","0","1","1","0.5","0.05","0.05","100","4","1","0.1352","98"
"CIFAR100_classification_CCL","CIFAR100","CCL","0.1557","2024-05-01T17:27:04.000Z","finished","2102","0","elu","elu","256","zero","100","0","1","1","0.5","0.05","0.05","100","4","1","0.1352","98"
"CIFAR100_classification_CCL","CIFAR100","CCL","0.1557","2024-05-01T11:16:06.000Z","finished","2119","0","elu","elu","256","zero","100","0","1","1","0.5","0.05","0.05","100","4","1","0.1352","98"
"CIFAR100_classification_CCL","CIFAR100","CCL","0.1557","2024-05-01T14:59:28.000Z","finished","2103","0","elu","elu","256","zero","100","0","1","1","0.5","0.05","0.05","100","4","2","0.1352","98"
"CIFAR100_classification_CCL","CIFAR100","CCL","0.1557","2024-05-01T11:51:35.000Z","finished","2172","0","elu","elu","256","zero","100","0","1","1","0.5","0.05","0.05","100","4","2","0.1352","98"
"CIFAR100_classification_CCL","CIFAR100","CCL","0.1557","2024-05-01T18:02:16.000Z","finished","2141","0","elu","elu","256","zero","100","0","1","1","0.5","0.05","0.05","100","4","2","0.1352","98"
"CIFAR100_classification_CCL","CIFAR100","CCL","0.1551","2024-05-01T07:58:25.000Z","finished","2092","0","elu","elu","256","zero","100","0","1","1","0.5","0.05","0.05","100","0","2","0.1462","93"
"CIFAR100_classification_CCL","CIFAR100","CCL","0.1551","2024-05-01T08:02:27.000Z","finished","2142","0","elu","elu","256","zero","100","0","1","1","0.5","0.05","0.05","100","0","1","0.1462","93"
"CIFAR100_classification_CCL","CIFAR100","CCL","0.1551","2024-05-01T07:06:17.000Z","finished","2124","0","elu","elu","256","zero","100","0","1","1","0.5","0.05","0.05","100","0","2","0.1462","93"
"CIFAR100_classification_CCL","CIFAR100","CCL","0.1551","2024-05-01T07:23:46.000Z","finished","2070","0","elu","elu","256","zero","100","0","1","1","0.5","0.05","0.05","100","0","1","0.1462","93"
"CIFAR100_classification_CCL","CIFAR100","CCL","0.1551","2024-05-01T08:38:19.000Z","finished","2118","0","elu","elu","256","zero","100","0","1","1","0.5","0.05","0.05","100","0","2","0.1462","93"
"CIFAR100_classification_CCL","CIFAR100","CCL","0.1551","2024-05-01T06:30:25.000Z","finished","2141","0","elu","elu","256","zero","100","0","1","1","0.5","0.05","0.05","100","0","1","0.1462","93"
"CIFAR100_classification_CCL","CIFAR100","CCL","0.1533","2024-05-01T13:22:49.000Z","finished","2064","0","elu","elu","256","zero","100","0","1","1","0.5","0.05","0.05","100","2","2","0.1446","99"
"CIFAR100_classification_CCL","CIFAR100","CCL","0.1533","2024-05-01T10:53:00.000Z","finished","2075","0","elu","elu","256","zero","100","0","1","1","0.5","0.05","0.05","100","2","1","0.1446","99"
"CIFAR100_classification_CCL","CIFAR100","CCL","0.1533","2024-05-01T09:28:34.000Z","finished","2145","0","elu","elu","256","zero","100","0","1","1","0.5","0.05","0.05","100","2","2","0.1446","99"
"CIFAR100_classification_CCL","CIFAR100","CCL","0.1533","2024-05-01T11:27:44.000Z","finished","2074","0","elu","elu","256","zero","100","0","1","1","0.5","0.05","0.05","100","2","2","0.1446","99"
"CIFAR100_classification_CCL","CIFAR100","CCL","0.1533","2024-05-01T08:52:57.000Z","finished","2127","0","elu","elu","256","zero","100","0","1","1","0.5","0.05","0.05","100","2","1","0.1446","99"
"CIFAR100_classification_CCL","CIFAR100","CCL","0.1533","2024-05-01T12:47:58.000Z","finished","2082","0","elu","elu","256","zero","100","0","1","1","0.5","0.05","0.05","100","2","1","0.1446","99"
"CIFAR100_classification_CCL","CIFAR100","CCL","0.1532","2024-05-01T12:37:48.000Z","finished","2115","0","elu","elu","256","zero","100","0","1","1","0.5","0.05","0.05","100","3","1","0.1446","95"
"CIFAR100_classification_CCL","CIFAR100","CCL","0.1532","2024-05-01T13:13:13.000Z","finished","2115","0","elu","elu","256","zero","100","0","1","1","0.5","0.05","0.05","100","3","2","0.1446","95"
"CIFAR100_classification_CCL","CIFAR100","CCL","0.1532","2024-05-01T15:42:35.000Z","finished","2070","0","elu","elu","256","zero","100","0","1","1","0.5","0.05","0.05","100","3","2","0.1446","95"
"CIFAR100_classification_CCL","CIFAR100","CCL","0.1532","2024-05-01T10:39:58.000Z","finished","2158","0","elu","elu","256","zero","100","0","1","1","0.5","0.05","0.05","100","3","2","0.1446","95"
"CIFAR100_classification_CCL","CIFAR100","CCL","0.1532","2024-05-01T15:07:32.000Z","finished","2094","0","elu","elu","256","zero","100","0","1","1","0.5","0.05","0.05","100","3","1","0.1446","95"
"CIFAR100_classification_CCL","CIFAR100","CCL","0.1532","2024-05-01T10:04:28.000Z","finished","2121","0","elu","elu","256","zero","100","0","1","1","0.5","0.05","0.05","100","3","1","0.1446","95"
"CIFAR100_classification_CCL","CIFAR100","CCL","0.1487","2024-05-01T09:56:21.000Z","finished","1513","0","elu","elu","256","zero","100","0","1","1","0.5","0.03","0.03","100","4","1","0.1302","99"
"CIFAR100_classification_CCL","CIFAR100","CCL","0.1487","2024-05-01T16:52:15.000Z","finished","2080","0","elu","elu","256","zero","100","0","1","1","0.5","0.03","0.03","100","4","2","0.1302","99"
"CIFAR100_classification_CCL","CIFAR100","CCL","0.1487","2024-05-01T11:43:17.000Z","finished","2015","0","elu","elu","256","zero","100","0","1","1","0.5","0.03","0.03","100","4","1","0.1302","99"
"CIFAR100_classification_CCL","CIFAR100","CCL","0.1487","2024-05-01T13:48:37.000Z","finished","2104","0","elu","elu","256","zero","100","0","1","1","0.5","0.03","0.03","100","4","2","0.1302","99"
"CIFAR100_classification_CCL","CIFAR100","CCL","0.1487","2024-05-01T10:21:43.000Z","finished","1515","0","elu","elu","256","zero","100","0","1","1","0.5","0.03","0.03","100","4","2","0.1302","99"
"CIFAR100_classification_CCL","CIFAR100","CCL","0.1487","2024-05-01T16:17:14.000Z","finished","2088","0","elu","elu","256","zero","100","0","1","1","0.5","0.03","0.03","100","4","1","0.1302","99"
"CIFAR100_classification_CCL","CIFAR100","CCL","0.1474","2024-05-01T06:30:24.000Z","finished","1520","0","elu","elu","256","zero","100","0","1","1","0.5","0.03","0.03","100","0","1","0.1382","99"
"CIFAR100_classification_CCL","CIFAR100","CCL","0.1474","2024-05-01T06:47:44.000Z","finished","8395","0","elu","elu","256","zero","100","0","1","1","0.5","0.03","0.03","100","0","1","0.1382","99"
"CIFAR100_classification_CCL","CIFAR100","CCL","0.1474","2024-05-01T06:48:58.000Z","finished","2132","0","elu","elu","256","zero","100","0","1","1","0.5","0.03","0.03","100","0","1","0.1382","99"
"CIFAR100_classification_CCL","CIFAR100","CCL","0.1474","2024-05-01T06:48:19.000Z","finished","2116","0","elu","elu","256","zero","100","0","1","1","0.5","0.03","0.03","100","0","2","0.1382","99"
"CIFAR100_classification_CCL","CIFAR100","CCL","0.1474","2024-05-01T06:55:53.000Z","finished","1552","0","elu","elu","256","zero","100","0","1","1","0.5","0.03","0.03","100","0","2","0.1382","99"
"CIFAR100_classification_CCL","CIFAR100","CCL","0.1474","2024-05-01T07:24:40.000Z","finished","2258","0","elu","elu","256","zero","100","0","1","1","0.5","0.03","0.03","100","0","2","0.1382","99"
"CIFAR100_classification_CCL","CIFAR100","CCL","0.1466","2024-05-01T09:13:47.000Z","finished","2104","0","elu","elu","256","zero","100","0","1","1","0.5","0.03","0.03","100","1","1","0.127","99"
"CIFAR100_classification_CCL","CIFAR100","CCL","0.1466","2024-05-01T09:07:48.000Z","finished","4885","0","elu","elu","256","zero","100","0","1","1","0.5","0.03","0.03","100","1","1","0.127","99"
"CIFAR100_classification_CCL","CIFAR100","CCL","0.1466","2024-05-01T07:21:53.000Z","finished","1544","0","elu","elu","256","zero","100","0","1","1","0.5","0.03","0.03","100","1","1","0.127","99"
"CIFAR100_classification_CCL","CIFAR100","CCL","0.1466","2024-05-01T08:33:26.000Z","finished","2071","0","elu","elu","256","zero","100","0","1","1","0.5","0.03","0.03","100","1","2","0.127","99"
"CIFAR100_classification_CCL","CIFAR100","CCL","0.1466","2024-05-01T07:47:45.000Z","finished","1545","0","elu","elu","256","zero","100","0","1","1","0.5","0.03","0.03","100","1","2","0.127","99"
"CIFAR100_classification_CCL","CIFAR100","CCL","0.1466","2024-05-01T09:49:00.000Z","finished","2114","0","elu","elu","256","zero","100","0","1","1","0.5","0.03","0.03","100","1","2","0.127","99"
"CIFAR100_classification_CCL","CIFAR100","CCL","0.1459","2024-05-01T10:29:22.000Z","finished","2344","0","elu","elu","256","zero","100","0","1","1","0.5","0.03","0.03","100","2","1","0.1416","99"
"CIFAR100_classification_CCL","CIFAR100","CCL","0.1459","2024-05-01T11:36:36.000Z","finished","2201","0","elu","elu","256","zero","100","0","1","1","0.5","0.03","0.03","100","2","1","0.1416","99"
"CIFAR100_classification_CCL","CIFAR100","CCL","0.1459","2024-05-01T08:13:38.000Z","finished","1534","0","elu","elu","256","zero","100","0","1","1","0.5","0.03","0.03","100","2","1","0.1416","99"
"CIFAR100_classification_CCL","CIFAR100","CCL","0.1459","2024-05-01T12:13:27.000Z","finished","2061","0","elu","elu","256","zero","100","0","1","1","0.5","0.03","0.03","100","2","2","0.1416","99"
"CIFAR100_classification_CCL","CIFAR100","CCL","0.1459","2024-05-01T08:39:20.000Z","finished","1537","0","elu","elu","256","zero","100","0","1","1","0.5","0.03","0.03","100","2","2","0.1416","99"
"CIFAR100_classification_CCL","CIFAR100","CCL","0.1459","2024-05-01T10:18:20.000Z","finished","2068","0","elu","elu","256","zero","100","0","1","1","0.5","0.03","0.03","100","2","2","0.1416","99"
"CIFAR100_classification_CCL","CIFAR100","CCL","0.1452","2024-05-01T21:24:45.000Z","finished","2107","0","elu","elu","256","zero","100","0","1","1","0.5","3","4","200","1","0","0.086","84"
"CIFAR100_classification_CCL","CIFAR100","CCL","0.1427","2024-05-01T09:30:44.000Z","finished","1529","0","elu","elu","256","zero","100","0","1","1","0.5","0.03","0.03","100","3","2","0.133","95"
"CIFAR100_classification_CCL","CIFAR100","CCL","0.1427","2024-05-01T11:08:35.000Z","finished","2073","0","elu","elu","256","zero","100","0","1","1","0.5","0.03","0.03","100","3","1","0.133","95"
"CIFAR100_classification_CCL","CIFAR100","CCL","0.1427","2024-05-01T14:32:50.000Z","finished","2073","0","elu","elu","256","zero","100","0","1","1","0.5","0.03","0.03","100","3","2","0.133","95"
"CIFAR100_classification_CCL","CIFAR100","CCL","0.1427","2024-05-01T12:02:27.000Z","finished","2112","0","elu","elu","256","zero","100","0","1","1","0.5","0.03","0.03","100","3","2","0.133","95"
"CIFAR100_classification_CCL","CIFAR100","CCL","0.1427","2024-05-01T13:57:23.000Z","finished","2117","0","elu","elu","256","zero","100","0","1","1","0.5","0.03","0.03","100","3","1","0.133","95"
"CIFAR100_classification_CCL","CIFAR100","CCL","0.1427","2024-05-01T09:05:05.000Z","finished","1531","0","elu","elu","256","zero","100","0","1","1","0.5","0.03","0.03","100","3","1","0.133","95"
"CIFAR100_classification_CCL","CIFAR100","CCL","0.1309","2024-05-01T21:28:02.000Z","finished","1633","0","elu","elu","256","zero","100","0","1","0.5","0.5","3","3","200","1","0","0.1366","0"
"CIFAR100_classification_CCL","CIFAR100","CCL","0.0989","2024-05-01T21:55:24.000Z","finished","1645","0","elu","elu","256","zero","100","0","1","1.5","0.5","3","4","200","1","0","0.1214","10"
"CIFAR100_classification_CCL","CIFAR100","CCL","0.0558","2024-05-01T16:10:52.000Z","finished","1742","0","elu","elu","256","zero","100","0","1","1","0.5","4","4","100","1","2","0.0914","22"
"CIFAR100_classification_CCL","CIFAR100","CCL","0.0558","2024-05-01T15:41:31.000Z","finished","1752","0","elu","elu","256","zero","100","0","1","1","0.5","4","4","100","1","2","0.0914","22"
"CIFAR100_classification_CCL","CIFAR100","CCL","0.0558","2024-05-01T15:57:43.000Z","finished","1494","0","elu","elu","256","zero","100","0","1","1","0.5","4","4","100","1","2","0.0914","22"
"CIFAR100_classification_CCL","CIFAR100","CCL","0.0281","2024-05-02T04:56:03.000Z","finished","2437","0","elu","elu","256","zero","100","0","1","2","0.5","3","3","100","1","0","0.0892","5"
"CIFAR100_classification_CCL","CIFAR100","CCL","0.0154","2024-05-02T04:15:35.000Z","finished","2407","0","elu","elu","256","zero","100","0","1","2","0.5","3","3","100","0","0","0.0886","0"
"CIFAR100_classification_CCL","CIFAR100","CCL","0.0095","2024-05-02T04:56:20.000Z","finished","2406","0","elu","elu","256","zero","100","0","1","3","0.5","3","3","100","1","0","0.0098","46"
"CIFAR100_classification_CCL","CIFAR100","CCL","0.0091","2024-05-02T04:15:35.000Z","finished","2431","0","elu","elu","256","zero","100","0","1","3","0.5","3","3","100","0","0","0.0082","22"
"CIFAR10_classification_CCL","CIFAR10","CCL","","2024-05-01T17:39:24.000Z","crashed","660","0","elu","elu","256","zero","100","0","1","1","0.5","1.5","1.5","100","3","2","0.2504",""
"FashionMNIST_classification_CCL","FashionMNIST","CCL","","2024-05-01T23:01:38.000Z","crashed","2","0","elu","elu","256","zero","100","0","0.5","1","0.5","2","2","100","0","0","",""
"FashionMNIST_classification_CCL","FashionMNIST","CCL","","2024-05-01T23:00:31.000Z","failed","32","0","elu","elu","256","zero","100","0","1","1","0.5","0.5","0.5","100","0","0","",""
"CIFAR10_classification_CCL","CIFAR10","CCL","","2024-05-01T17:16:58.000Z","crashed","2011","0","elu","elu","256","zero","100","0","1","1","0.5","0.5","0.5","100","1","2","0.472",""
"FashionMNIST_classification_CCL","FashionMNIST","CCL","","2024-05-01T23:03:01.000Z","failed","21","0","elu","elu","256","zero","100","0","1","1","0.5","1.5","1.5","100","1","0","",""
"CIFAR10_classification_CCL","CIFAR10","CCL","","2024-05-01T14:45:34.000Z","crashed","1110","0","elu","elu","256","zero","100","0","1","1","0.5","0.5","0.5","100","0","2","0.4646",""
"FashionMNIST_classification_CCL","FashionMNIST","CCL","","2024-05-01T23:01:05.000Z","failed","19","0","elu","elu","256","zero","100","0","0.5","1","0.5","1.5","1.5","100","0","0","",""
"CIFAR10_classification_CCL","CIFAR10","CCL","","2024-05-01T17:45:26.000Z","crashed","299","0","elu","elu","256","zero","100","0","1","1","0.5","0.5","0.5","100","4","2","0.4276",""
"CIFAR10_classification_CCL","CIFAR10","CCL","","2024-05-01T15:06:55.000Z","crashed","331","0","elu","elu","256","zero","100","0","1","1","0.5","0.5","0.5","100","0","2","0.4118",""
"FashionMNIST_classification_CCL","FashionMNIST","CCL","","2024-05-01T23:02:35.000Z","failed","19","0","elu","elu","256","zero","100","0","1","1","0.5","2","2","100","0","0","",""
"MNIST_classification_CCL","MNIST","CCL","","2024-05-01T22:59:41.000Z","crashed","2","0","elu","elu","256","zero","100","0","1","1","0.5","0.5","0.5","100","0","2","",""
"CIFAR10_classification_CCL","CIFAR10","CCL","","2024-05-01T14:47:41.000Z","crashed","19","0","elu","elu","256","zero","100","0","1","1","0.5","1.5","1.5","100","0","2","",""
"FashionMNIST_classification_CCL","FashionMNIST","CCL","","2024-05-01T23:02:43.000Z","failed","22","0","elu","elu","256","zero","100","0","0.5","1","0.5","2","2","100","0","0","",""
"FashionMNIST_classification_CCL","FashionMNIST","CCL","","2024-05-01T23:02:09.000Z","failed","19","0","elu","elu","256","zero","100","0","1","1","0.5","1.5","1.5","100","0","0","",""
"FashionMNIST_classification_CCL","FashionMNIST","CCL","","2024-05-01T23:02:07.000Z","failed","20","0","elu","elu","256","zero","100","0","1","1","0.5","0.5","0.5","100","0","0","",""
"CIFAR10_classification_CCL","CIFAR10","CCL","","2024-05-01T17:29:53.000Z","crashed","1231","0","elu","elu","256","zero","100","0","1","1","0.5","1","1","100","2","2","0.2764",""
"FashionMNIST_classification_CCL","FashionMNIST","CCL","","2024-05-01T23:02:31.000Z","failed","18","0","elu","elu","256","zero","100","0","1","1","0.5","0.5","0.5","100","2","0","",""
"FashionMNIST_classification_CCL","FashionMNIST","CCL","","2024-05-01T23:03:29.000Z","failed","19","0","elu","elu","256","zero","100","0","1","1","0.5","1","1","100","1","0","",""
"FashionMNIST_classification_CCL","FashionMNIST","CCL","","2024-05-01T23:03:30.000Z","failed","20","0","elu","elu","256","zero","100","0","1","1","0.5","2","2","100","1","0","",""
"FashionMNIST_classification_CCL","FashionMNIST","CCL","","2024-05-01T23:02:55.000Z","failed","18","0","elu","elu","256","zero","100","0","1","1","0.5","1","1","100","2","0","",""
"FashionMNIST_classification_CCL","FashionMNIST","CCL","","2024-05-01T23:03:08.000Z","failed","20","0","elu","elu","256","zero","100","0","0.5","1","0.5","0.5","0.5","100","1","0","",""
"CIFAR10_classification_CCL","CIFAR10","CCL","","2024-05-01T17:40:39.000Z","crashed","570","0","elu","elu","256","zero","100","0","1","1","0.5","1.5","1.5","100","2","2","0.2",""
"CIFAR10_classification_CCL","CIFAR10","CCL","","2024-05-01T14:46:16.000Z","crashed","2","0","elu","elu","256","zero","100","0","1","1","0.5","1","1","100","0","2","",""
"FashionMNIST_classification_CCL","FashionMNIST","CCL","","2024-05-01T23:03:01.000Z","failed","21","0","elu","elu","256","zero","100","0","1","1","0.5","0.5","0.5","100","1","0","",""
"MNIST_classification_CCL","MNIST","CCL","","2024-05-01T22:59:43.000Z","crashed","3","0","elu","elu","256","zero","100","0","1","1","0.5","2","2","100","0","2","",""
"FashionMNIST_classification_CCL","FashionMNIST","CCL","","2024-05-01T23:03:44.000Z","failed","17","0","elu","elu","256","zero","100","0","1","1","0.5","1","1","100","3","0","",""
"FashionMNIST_classification_CCL","FashionMNIST","CCL","","2024-05-01T23:03:12.000Z","failed","20","0","elu","elu","256","zero","100","0","0.5","1","0.5","1.5","1.5","100","1","0","",""
"CIFAR100_classification_CCL","CIFAR100","CCL","","2024-05-02T04:15:35.000Z","crashed","5310","0","elu","elu","256","zero","100","0","1","1","0.5","3","3","100","0","0","0.1888",""
"CIFAR10_classification_CCL","CIFAR10","CCL","","2024-05-01T14:50:46.000Z","crashed","1620","0","elu","elu","256","zero","100","0","1","1","0.5","1.5","1.5","100","0","2","0.2448",""
"FashionMNIST_classification_CCL","FashionMNIST","CCL","","2024-05-01T23:00:54.000Z","failed","21","0","elu","elu","256","zero","100","0","1","1","0.5","1.5","1.5","100","0","0","",""
"FashionMNIST_classification_CCL","FashionMNIST","CCL","","2024-05-01T23:03:39.000Z","failed","20","0","elu","elu","256","zero","100","0","0.5","1","0.5","2","2","100","1","0","",""
"FashionMNIST_classification_CCL","FashionMNIST","CCL","","2024-05-01T23:02:35.000Z","failed","19","0","elu","elu","256","zero","100","0","1","1","0.5","1","1","100","0","0","",""
"FashionMNIST_classification_CCL","FashionMNIST","CCL","","2024-05-01T23:01:23.000Z","failed","19","0","elu","elu","256","zero","100","0","1","1","0.5","2","2","100","0","0","",""
"FashionMNIST_classification_CCL","FashionMNIST","CCL","","2024-05-01T23:01:38.000Z","failed","19","0","elu","elu","256","zero","100","0","1","1","0.5","0.5","0.5","100","1","0","",""
"FashionMNIST_classification_CCL","FashionMNIST","CCL","","2024-05-01T23:01:11.000Z","failed","16","0","elu","elu","256","zero","100","0","1","1","0.5","1","1","100","0","0","",""
"FashionMNIST_classification_CCL","FashionMNIST","CCL","","2024-05-01T23:03:20.000Z","failed","18","0","elu","elu","256","zero","100","0","1","1","0.5","0.5","0.5","100","3","0","",""
"FashionMNIST_classification_CCL","FashionMNIST","CCL","","2024-05-01T23:02:06.000Z","failed","17","0","elu","elu","256","zero","100","0","1","1","0.5","1","1","100","1","0","",""
"FashionMNIST_classification_CCL","FashionMNIST","CCL","","2024-05-01T23:02:12.000Z","failed","20","0","elu","elu","256","zero","100","0","0.5","1","0.5","0.5","0.5","100","0","0","",""
"FashionMNIST_classification_CCL","FashionMNIST","CCL","","2024-05-01T23:02:42.000Z","failed","20","0","elu","elu","256","zero","100","0","0.5","1","0.5","1","1","100","0","0","",""
"FashionMNIST_classification_CCL","FashionMNIST","CCL","","2024-05-01T23:01:26.000Z","failed","19","0","elu","elu","256","zero","100","0","0.5","1","0.5","1","1","100","0","0","",""
"FashionMNIST_classification_CCL","FashionMNIST","CCL","","2024-05-01T23:02:14.000Z","failed","21","0","elu","elu","256","zero","100","0","0.5","1","0.5","1.5","1.5","100","0","0","",""
"MNIST_classification_CCL","MNIST","CCL","","2024-05-01T22:59:46.000Z","crashed","3","0","elu","elu","256","zero","100","0","0.5","1","0.5","1.5","1.5","100","0","2","",""
"FashionMNIST_classification_CCL","FashionMNIST","CCL","","2024-05-01T23:00:57.000Z","failed","22","0","elu","elu","256","zero","100","0","0.5","1","0.5","0.5","0.5","100","0","0","",""
"CIFAR10_classification_CCL","CIFAR10","CCL","","2024-05-01T17:44:38.000Z","crashed","330","0","elu","elu","256","zero","100","0","1","1","0.5","0.3","0.3","100","4","2","0.4222",""
"CIFAR10_classification_CCL","CIFAR10","CCL","","2024-05-01T23:45:22.000Z","crashed","10111","0","elu","elu","256","zero","100","0","1","1","0.5","0.03","0.03","100","4","1","0.2966",""
"FashionMNIST_classification_CCL","FashionMNIST","CCL","","2024-05-01T23:01:50.000Z","crashed","2","0","elu","elu","256","zero","100","0","1","1","0.5","1.5","1.5","100","1","0","",""
"FashionMNIST_classification_CCL","FashionMNIST","CCL","","2024-05-01T23:03:36.000Z","failed","20","0","elu","elu","256","zero","100","0","0.5","1","0.5","1","1","100","1","0","",""
"CIFAR10_classification_CCL","CIFAR10","CCL","","2024-05-01T15:15:11.000Z","crashed","322","0","elu","elu","256","zero","100","0","1","1","0.5","0.5","0.5","100","0","2","0.3918",""
"CIFAR10_classification_CCL","CIFAR10","CCL","","2024-05-01T23:02:46.000Z","crashed","11581","0","elu","elu","256","zero","100","0","1","1","0.5","1","1","100","4","2","0.246",""