"Name","test accuracy","valid accuracy","State","Runtime","activation_function","agent","algorithm","batch_size","dataset","epochs","forward_last_activation","learning_rate","loss_feedback","seed","sparse_ratio","std_backward","stepsize","version","test loss","train accuracy"
"FashionMNIST_BP","0.101","0.101","finished","191","tanh","false","BP","256","FashionMNIST","100","linear","0.4","DTP","2","-1","0.01","0.04","","216076304","0.10045"
"MNIST_DTP_linear_DTP","0.9714","0.9714","finished","4880","","false","DTP","256","MNIST","100","linear","4","DTP","1","-1","0.01","0.04","","0.15482701361179352","1"
"CIFAR10_BP","0.4755","0.4755","finished","254","tanh","false","BP","256","CIFAR10","100","linear","0.01","DTP","2","-1","0.01","0.01","","1.9165767431259155","0.9795"
"CIFAR10_FWDTP-BN_linear-BN","0.4627","0.4627","finished","741","","false","FWDTP-BN","256","CIFAR10","100","linear-BN","0.02","DTP","1","-1","0.01","0.01","3","1.6483430862426758","0.703"
"CIFAR100_DTP_linear_DRL","0.1993","0.1993","finished","1370","","false","DTP","256","CIFAR100","100","linear","0.8","DRL","4","-1","0.01","0.02","3","3.5997226238250732","0.28458"
"FashionMNIST_DTP_linear_DRL","0.8372","0.8372","finished","1569","","false","DTP","256","FashionMNIST","100","linear","4","DRL","2","-1","0.01","0.008","3","0.4643043875694275","0.8537"
"CIFAR100_DTP_linear_L-DRL","0.1964","0.1964","finished","1449","","false","DTP","256","CIFAR100","100","linear","2","L-DRL","2","-1","0.01","0.008","3","3.603936672210694","0.28556"
"FashionMNIST_FWDTP-BN_linear-BN","0.8795","0.8795","finished","626","","false","FWDTP-BN","256","FashionMNIST","100","linear-BN","1","DTP","1","-1","0.01","0.004","3","0.5924097299575806","0.9649333333333332"
"FashionMNIST_FWDTP-BN_linear-BN","0.8757","0.8757","finished","630","","false","FWDTP-BN","256","FashionMNIST","100","linear-BN","1","DTP","2","-1","0.01","0.004","3","0.6132044792175293","0.9633666666666668"
"CIFAR10_FWDTP-BN_linear-BN","0.4606","0.4606","finished","22080","","false","FWDTP-BN","256","CIFAR10","100","linear-BN","0.02","DTP","1","-1","0.01","0.01","","1.6507378816604614","0.70454"
"FashionMNIST_DTP_linear_DTP","0.883","0.883","finished","820","","false","DTP","256","FashionMNIST","100","linear","1","DTP","4","-1","0.01","0.04","3","0.39315539598464966","0.95625"
"FashionMNIST_BP","0.8963","0.8963","finished","203","tanh","false","BP","256","FashionMNIST","100","linear","0.1","DTP","5","-1","0.01","0.04","","0.5156112313270569","1"
"CIFAR100_BP","0.2258","0.2258","finished","160","tanh","false","BP","256","CIFAR100","100","linear","0.004","DTP","1","-1","0.01","0.01","","3.4564967155456543","0.35666"
"FashionMNIST_BP","0.8866","0.8866","finished","189","tanh","false","BP","256","FashionMNIST","100","linear","0.02","DTP","2","-1","0.01","0.01","","0.401606559753418","0.9694666666666668"
"CIFAR100_DTP_linear_DTP","0.2084","0.2084","finished","1214","","false","DTP","256","CIFAR100","100","linear","1","DTP","2","-1","0.01","0.01","3","4.011419296264648","0.6019"
"CIFAR100_DTP_linear_DRL","0.1956","0.1956","finished","1380","","false","DTP","256","CIFAR100","100","linear","0.8","DRL","2","-1","0.01","0.02","3","3.6050171852111816","0.28516"
"FashionMNIST_BP","0.897","0.897","finished","196","tanh","false","BP","256","FashionMNIST","100","linear","0.2","DTP","2","-1","0.01","0.04","","0.6134800910949707","1"
"CIFAR10_BP","0.4897","0.4897","finished","222","tanh","false","BP","256","CIFAR10","100","linear","0.15","DTP","2","-1","0.01","0.01","","2.6124861240386963","1"
"CIFAR10_BP","0.4483","0.4483","finished","251","tanh","false","BP","256","CIFAR10","100","linear","0.001","DTP","1","-1","0.01","0.01","","1.629638433456421","0.50048"
"CIFAR10_DTP_linear_DTP","0.4162","0.4162","finished","1126","","false","DTP","256","CIFAR10","100","linear","4","DTP","2","-1","0.01","0.002","3","2.1806793212890625","0.78208"
"MNIST_DTP_linear_L-DRL","0.9339","0.9339","finished","1145","","false","DTP","256","MNIST","100","linear","4","L-DRL","4","-1","0.01","0.04","3","0.2249506264925003","0.9406666666666668"
"CIFAR100_DTP_linear_L-DRL","0.1997","0.1997","finished","1468","","false","DTP","256","CIFAR100","100","linear","2","L-DRL","5","-1","0.01","0.008","3","3.604694366455078","0.28562"
"MNIST_DTP_linear_DRL","0.9271","0.9271","finished","1464","","false","DTP","256","MNIST","100","linear","4","DRL","3","-1","0.01","0.04","3","0.24390846490859985","0.9343666666666668"
"CIFAR10_BP","0.4804","0.4804","finished","255","tanh","false","BP","256","CIFAR10","100","linear","0.02","DTP","1","-1","0.01","0.01","","2.257570505142212","0.9998"
"CIFAR10_DTP_linear_DTP","0.4159","0.4159","finished","21192","","false","DTP","256","CIFAR10","100","linear","4","DTP","1","-1","0.01","0.002","","2.192007303237915","0.7864"
"FashionMNIST_DTP_linear_DRL","0.8323","0.8323","finished","1531","","false","DTP","256","FashionMNIST","100","linear","4","DRL","1","-1","0.01","0.008","3","0.46252283453941345","0.8516166666666667"
"MNIST_DTP_linear_DTP","0.9734","0.9734","finished","4945","","false","DTP","256","MNIST","100","linear","4","DTP","4","-1","0.01","0.04","","0.1430099904537201","1"
"MNIST_DTP_linear_L-DRL","0.9357","0.9357","finished","4558","","false","DTP","256","MNIST","100","linear","4","L-DRL","1","-1","0.01","0.04","","0.22325292229652405","0.9400166666666666"
"FashionMNIST_BP","0.1022","0.1022","finished","193","tanh","false","BP","256","FashionMNIST","100","linear","0.4","DTP","1","-1","0.01","0.04","","763051.0625","0.10156666666666668"
"CIFAR10_BP","0.4916","0.4916","finished","223","tanh","false","BP","256","CIFAR10","100","linear","0.15","DTP","3","-1","0.01","0.01","","2.6024081707000732","1"
"CIFAR10_DTP_linear_DRL","0.4236","0.4236","finished","14331","","false","DTP","256","CIFAR10","100","linear","2","DRL","1","-1","0.01","0.008","","1.7008596658706665","0.47218"
"CIFAR100_DTP_linear_L-DRL","0.1961","0.1961","finished","13835","","false","DTP","256","CIFAR100","100","linear","2","L-DRL","2","-1","0.01","0.008","","3.603935480117798","0.2852"
"FashionMNIST_FWDTP-BN_linear-BN","0.8807","0.8807","finished","6484","","false","FWDTP-BN","256","FashionMNIST","100","linear-BN","1","DTP","5","-1","0.01","0.004","","0.600153386592865","0.96105"
"CIFAR10_BP","0.4954","0.4954","finished","223","tanh","false","BP","256","CIFAR10","100","linear","0.08","DTP","4","-1","0.01","0.01","","2.391317844390869","1"
"CIFAR100_BP","0.226","0.226","finished","173","tanh","false","BP","256","CIFAR100","100","linear","0.004","DTP","2","-1","0.01","0.01","","3.4582886695861816","0.35596"
"MNIST_DTP_linear_L-DRL","0.9337","0.9337","finished","4369","","false","DTP","256","MNIST","100","linear","4","L-DRL","4","-1","0.01","0.04","","0.22403556108474731","0.9404833333333332"
"MNIST_DTP_linear_L-DRL","0.9325","0.9325","finished","4454","","false","DTP","256","MNIST","100","linear","4","L-DRL","5","-1","0.01","0.04","","0.23198534548282623","0.9375166666666668"
"FashionMNIST_BP","0.897","0.897","finished","204","tanh","false","BP","256","FashionMNIST","100","linear","0.2","DTP","5","-1","0.01","0.04","","0.6007702946662903","1"
"CIFAR10_BP","0.1112","0.1112","finished","221","tanh","false","BP","256","CIFAR10","100","linear","0.2","DTP","5","-1","0.01","0.01","","181028576559104","0.10518"
"MNIST_DTP_linear_DTP","0.9728","0.9728","finished","4982","","false","DTP","256","MNIST","100","linear","4","DTP","2","-1","0.01","0.04","","0.15083877742290497","0.9999666666666668"
"MNIST_DTP_linear_DTP","0.9724","0.9724","finished","771","","false","DTP","256","MNIST","100","linear","4","DTP","5","-1","0.01","0.04","3","0.15882563591003418","0.9999666666666668"
"FashionMNIST_DTP_linear_DTP","0.8842","0.8842","finished","826","","false","DTP","256","FashionMNIST","100","linear","1","DTP","5","-1","0.01","0.04","3","0.3943234086036682","0.9565166666666668"
"MNIST_BP","0.9811","0.9811","finished","270","tanh","false","BP","256","MNIST","100","linear","0.05","DTP","5","-1","0.01","0.04","","0.07618648558855057","1"
"FashionMNIST_BP","0.8932","0.8932","finished","197","tanh","false","BP","256","FashionMNIST","100","linear","0.02","DTP","4","-1","0.01","0.01","","0.3648384511470794","0.9776333333333334"
"CIFAR10_DTP_linear_DRL","0.4184","0.4184","finished","12484","","false","DTP","256","CIFAR10","100","linear","2","DRL","2","-1","0.01","0.008","","1.7127970457077026","0.47412"
"MNIST_DTP_linear_DRL","0.9297","0.9297","finished","4747","","false","DTP","256","MNIST","100","linear","4","DRL","5","-1","0.01","0.04","","0.23886117339134216","0.9347833333333332"
"FashionMNIST_DTP_linear_DRL","0.8343","0.8343","finished","1392","","false","DTP","256","FashionMNIST","100","linear","4","DRL","4","-1","0.01","0.008","3","0.4694015383720398","0.8526833333333333"
"CIFAR100_DTP_linear_DTP","0.2074","0.2074","finished","1223","","false","DTP","256","CIFAR100","100","linear","1","DTP","1","-1","0.01","0.01","3","4.001483917236328","0.60228"
"CIFAR100_FWDTP-BN_linear-BN","0.208","0.208","finished","808","","false","FWDTP-BN","256","CIFAR100","100","linear-BN","0.2","DTP","3","-1","0.01","0.01","3","3.7283241748809814","0.68262"
"CIFAR10_BP","0.5004","0.5004","finished","224","tanh","false","BP","256","CIFAR10","100","linear","0.08","DTP","1","-1","0.01","0.01","","2.392148017883301","1"
"CIFAR100_BP","0.2085","0.2085","finished","173","tanh","false","BP","256","CIFAR100","100","linear","0.002","DTP","2","-1","0.01","0.01","","3.5380232334136963","0.27834"
"FashionMNIST_DTP_linear_L-DRL","0.8362","0.8362","finished","1245","","false","DTP","256","FashionMNIST","100","linear","2","L-DRL","1","-1","0.01","0.02","3","0.455740749835968","0.8549"
"FashionMNIST_DTP_linear_DTP","0.88","0.88","finished","4210","","false","DTP","256","FashionMNIST","100","linear","1","DTP","5","-1","0.01","0.04","","0.39802542328834534","0.9527666666666668"
"CIFAR10_DTP_linear_DRL","0.422","0.422","finished","1662","","false","DTP","256","CIFAR10","100","linear","2","DRL","4","-1","0.01","0.008","3","1.7022862434387207","0.47488"
"CIFAR10_BP","0.4969","0.4969","finished","169","tanh","false","BP","256","CIFAR10","100","linear","0.1","DTP","5","-1","0.01","0.01","","2.419790267944336","1"
"CIFAR100_DTP_linear_DTP","0.2123","0.2123","finished","11128","","false","DTP","256","CIFAR100","100","linear","1","DTP","1","-1","0.01","0.01","","3.998726129531861","0.60114"
"MNIST_BP","0.9812","0.9812","finished","270","tanh","false","BP","256","MNIST","100","linear","0.05","DTP","2","-1","0.01","0.04","","0.07822773605585098","1"
"CIFAR10_BP","0.503","0.503","finished","179","tanh","false","BP","256","CIFAR10","100","linear","0.05","DTP","2","-1","0.01","0.01","","2.328387498855591","1"
"CIFAR100_DTP_linear_DRL","0.1958","0.1958","finished","13734","","false","DTP","256","CIFAR100","100","linear","0.8","DRL","2","-1","0.01","0.02","","3.605068683624267","0.28496"
"CIFAR100_FWDTP-BN_linear-BN","0.2089","0.2089","finished","809","","false","FWDTP-BN","256","CIFAR100","100","linear-BN","0.2","DTP","2","-1","0.01","0.01","3","3.711565971374512","0.68726"
"CIFAR10_DTP_linear_DRL","0.4216","0.4216","finished","1638","","false","DTP","256","CIFAR10","100","linear","2","DRL","2","-1","0.01","0.008","3","1.7075257301330566","0.47"
"FashionMNIST_BP","0.1572","0.1572","finished","192","tanh","false","BP","256","FashionMNIST","100","linear","0.2","DTP","3","-1","0.01","0.04","","18491625472","0.15746666666666667"
"MNIST_BP","0.9826","0.9826","finished","274","tanh","false","BP","256","MNIST","100","linear","0.2","DTP","1","-1","0.01","0.04","","0.07545513659715652","1"
"MNIST_DTP_linear_DRL","0.9348","0.9348","finished","1452","","false","DTP","256","MNIST","100","linear","4","DRL","1","-1","0.01","0.04","3","0.2293999195098877","0.93795"
"FashionMNIST_BP","0.8837","0.8837","finished","185","tanh","false","BP","256","FashionMNIST","100","linear","0.02","DTP","5","-1","0.01","0.01","","0.40224024653434753","0.9700333333333332"
"CIFAR10_BP","0.1285","0.1285","finished","219","tanh","false","BP","256","CIFAR10","100","linear","0.2","DTP","4","-1","0.01","0.01","","14128213131264","0.12652"
"CIFAR10_BP","0.4922","0.4922","finished","220","tanh","false","BP","256","CIFAR10","100","linear","0.15","DTP","4","-1","0.01","0.01","","2.6338536739349365","1"
"FashionMNIST_BP","0.8969","0.8969","finished","192","tanh","false","BP","256","FashionMNIST","100","linear","0.1","DTP","2","-1","0.01","0.04","","0.5746304392814636","1"
"FashionMNIST_DTP_linear_DRL","0.8341","0.8341","finished","4611","","false","DTP","256","FashionMNIST","100","linear","4","DRL","4","-1","0.01","0.008","","0.4695405066013336","0.85255"
"CIFAR10_BP","0.5058","0.5058","finished","218","tanh","false","BP","256","CIFAR10","100","linear","0.08","DTP","3","-1","0.01","0.01","","2.364776611328125","1"
"FashionMNIST_BP","0.8857","0.8857","finished","187","tanh","false","BP","256","FashionMNIST","100","linear","0.01","DTP","1","-1","0.01","0.01","","0.34317490458488464","0.9535833333333332"
"CIFAR100_FWDTP-BN_linear-BN","0.2124","0.2124","finished","14008","","false","FWDTP-BN","256","CIFAR100","100","linear-BN","0.2","DTP","1","-1","0.01","0.01","","3.712864398956299","0.68498"
"MNIST_DTP_linear_L-DRL","0.9331","0.9331","finished","4413","","false","DTP","256","MNIST","100","linear","4","L-DRL","2","-1","0.01","0.04","","0.2267512679100037","0.93965"
"MNIST_DTP_linear_L-DRL","0.9294","0.9294","finished","1168","","false","DTP","256","MNIST","100","linear","4","L-DRL","3","-1","0.01","0.04","3","0.2369432747364044","0.9371666666666668"
"MNIST_FWDTP-BN_linear-BN","0.9702","0.9702","finished","563","","false","FWDTP-BN","256","MNIST","100","linear-BN","0.1","DTP","2","-1","0.01","0.04","3","0.38464006781578064","0.99585"
"FashionMNIST_FWDTP-BN_linear-BN","0.8839","0.8839","finished","6499","","false","FWDTP-BN","256","FashionMNIST","100","linear-BN","1","DTP","1","-1","0.01","0.004","","0.5933530330657959","0.9647333333333332"
"CIFAR100_BP","0.2128","0.2128","finished","171","tanh","false","BP","256","CIFAR100","100","linear","0.05","DTP","4","-1","0.01","0.01","","5.265841007232666","0.9994"
"FashionMNIST_BP","0.3029","0.3029","finished","193","tanh","false","BP","256","FashionMNIST","100","linear","0.4","DTP","4","-1","0.01","0.04","","380515424","0.30285"
"FashionMNIST_DTP_linear_DRL","0.8351","0.8351","finished","4775","","false","DTP","256","FashionMNIST","100","linear","4","DRL","3","-1","0.01","0.008","","0.46473681926727295","0.8485833333333334"
"CIFAR10_FWDTP-BN_linear-BN","0.4495","0.4495","finished","753","","false","FWDTP-BN","256","CIFAR10","100","linear-BN","0.02","DTP","4","-1","0.01","0.01","3","1.6599915027618408","0.71246"
"CIFAR10_BP","0.4987","0.4987","finished","169","tanh","false","BP","256","CIFAR10","100","linear","0.05","DTP","4","-1","0.01","0.01","","2.3093340396881104","1"
"FashionMNIST_FWDTP-BN_linear-BN","0.8779","0.8779","finished","6286","","false","FWDTP-BN","256","FashionMNIST","100","linear-BN","1","DTP","2","-1","0.01","0.004","","0.6018857955932617","0.9644"
"CIFAR100_DTP_linear_DTP","0.2067","0.2067","finished","1205","","false","DTP","256","CIFAR100","100","linear","1","DTP","4","-1","0.01","0.01","3","4.025407791137695","0.60066"
"MNIST_FWDTP-BN_linear-BN","0.9701","0.9701","finished","7906","","false","FWDTP-BN","256","MNIST","100","linear-BN","0.1","DTP","2","-1","0.01","0.04","","0.3874297440052033","0.996"
"FashionMNIST_BP","0.8882","0.8882","finished","190","tanh","false","BP","256","FashionMNIST","100","linear","0.02","DTP","3","-1","0.01","0.01","","0.3907510042190552","0.9696833333333332"
"CIFAR100_FWDTP-BN_linear-BN","0.2144","0.2144","finished","785","","false","FWDTP-BN","256","CIFAR100","100","linear-BN","0.2","DTP","1","-1","0.01","0.01","3","3.713139295578003","0.6888"
"MNIST_DTP_linear_L-DRL","0.9303","0.9303","finished","4527","","false","DTP","256","MNIST","100","linear","4","L-DRL","3","-1","0.01","0.04","","0.23560583591461184","0.9380666666666668"
"CIFAR100_FWDTP-BN_linear-BN","0.2087","0.2087","finished","803","","false","FWDTP-BN","256","CIFAR100","100","linear-BN","0.2","DTP","5","-1","0.01","0.01","3","3.722806930541992","0.68342"
"MNIST_FWDTP-BN_linear-BN","0.9727","0.9727","finished","566","","false","FWDTP-BN","256","MNIST","100","linear-BN","0.1","DTP","3","-1","0.01","0.04","3","0.3853439092636109","0.9959"
"MNIST_DTP_linear_DTP","0.9736","0.9736","finished","766","","false","DTP","256","MNIST","100","linear","4","DTP","1","-1","0.01","0.04","3","0.1548403650522232","0.9999833333333332"
"CIFAR100_DTP_linear_DRL","0.1994","0.1994","finished","1375","","false","DTP","256","CIFAR100","100","linear","0.8","DRL","5","-1","0.01","0.02","3","3.605875253677368","0.2853"
"CIFAR100_BP","0.2022","0.2022","finished","175","tanh","false","BP","256","CIFAR100","100","linear","0.02","DTP","3","-1","0.01","0.01","","4.51624870300293","0.9403"
"CIFAR10_DTP_linear_DRL","0.4225","0.4225","finished","1644","","false","DTP","256","CIFAR10","100","linear","2","DRL","3","-1","0.01","0.008","3","1.707272171974182","0.47248"
"CIFAR10_BP","0.4998","0.4998","finished","188","tanh","false","BP","256","CIFAR10","100","linear","0.1","DTP","2","-1","0.01","0.01","","2.432908773422241","1"
"CIFAR100_BP","0.1895","0.1895","finished","169","tanh","false","BP","256","CIFAR100","100","linear","0.001","DTP","3","-1","0.01","0.01","","3.625990867614746","0.23146"
"FashionMNIST_DTP_linear_L-DRL","0.8347","0.8347","finished","1186","","false","DTP","256","FashionMNIST","100","linear","2","L-DRL","5","-1","0.01","0.02","3","0.4649364650249481","0.8557"
"MNIST_DTP_linear_L-DRL","0.9322","0.9322","finished","1240","","false","DTP","256","MNIST","100","linear","4","L-DRL","2","-1","0.01","0.04","3","0.2273368090391159","0.9392666666666668"
"CIFAR100_DTP_linear_L-DRL","0.2021","0.2021","finished","1542","","false","DTP","256","CIFAR100","100","linear","2","L-DRL","1","-1","0.01","0.008","3","3.5973093509674072","0.28564"
"FashionMNIST_DTP_linear_L-DRL","0.835","0.835","finished","1178","","false","DTP","256","FashionMNIST","100","linear","2","L-DRL","4","-1","0.01","0.02","3","0.4629634618759155","0.8556166666666667"
"CIFAR100_BP","0.2201","0.2201","finished","175","tanh","false","BP","256","CIFAR100","100","linear","0.01","DTP","2","-1","0.01","0.01","","3.645719528198242","0.6523"
"FashionMNIST_FWDTP-BN_linear-BN","0.8801","0.8801","finished","631","","false","FWDTP-BN","256","FashionMNIST","100","linear-BN","1","DTP","4","-1","0.01","0.004","3","0.5997799038887024","0.9598"
"MNIST_DTP_linear_DTP","0.9728","0.9728","finished","4856","","false","DTP","256","MNIST","100","linear","4","DTP","3","-1","0.01","0.04","","0.155029296875","0.9999666666666668"
"FashionMNIST_DTP_linear_L-DRL","0.8352","0.8352","finished","4428","","false","DTP","256","FashionMNIST","100","linear","2","L-DRL","4","-1","0.01","0.02","","0.4633008539676666","0.8553166666666666"
"CIFAR100_DTP_linear_DRL","0.2021","0.2021","finished","1420","","false","DTP","256","CIFAR100","100","linear","0.8","DRL","1","-1","0.01","0.02","3","3.5983073711395264","0.28566"
"CIFAR10_DTP_linear_L-DRL","0.4265","0.4265","finished","1759","","false","DTP","256","CIFAR10","100","linear","0.2","L-DRL","1","-1","0.01","0.04","3","1.6968058347702026","0.46142"
"CIFAR10_BP","0.113","0.113","finished","217","tanh","false","BP","256","CIFAR10","100","linear","0.2","DTP","2","-1","0.01","0.01","","180466784116548830000","0.1061"
"CIFAR100_BP","0.2065","0.2065","finished","179","tanh","false","BP","256","CIFAR100","100","linear","0.05","DTP","2","-1","0.01","0.01","","5.276103973388672","0.99962"
"MNIST_DTP_linear_DRL","0.931","0.931","finished","4753","","false","DTP","256","MNIST","100","linear","4","DRL","2","-1","0.01","0.04","","0.2347623705863953","0.9367666666666666"
"CIFAR10_FWDTP-BN_linear-BN","0.4664","0.4664","finished","751","","false","FWDTP-BN","256","CIFAR10","100","linear-BN","0.02","DTP","3","-1","0.01","0.01","3","1.6377339363098145","0.71102"
"MNIST_FWDTP-BN_linear-BN","0.971","0.971","finished","564","","false","FWDTP-BN","256","MNIST","100","linear-BN","0.1","DTP","4","-1","0.01","0.04","3","0.38677042722702026","0.9958333333333332"
"FashionMNIST_DTP_linear_L-DRL","0.8382","0.8382","finished","1240","","false","DTP","256","FashionMNIST","100","linear","2","L-DRL","2","-1","0.01","0.02","3","0.45715945959091187","0.8568833333333333"
"MNIST_BP","0.9813","0.9813","finished","270","tanh","false","BP","256","MNIST","100","linear","0.05","DTP","3","-1","0.01","0.04","","0.07418304681777954","1"
"FashionMNIST_DTP_linear_DRL","0.8327","0.8327","finished","1439","","false","DTP","256","FashionMNIST","100","linear","4","DRL","5","-1","0.01","0.008","3","0.4718193113803863","0.8519666666666666"
"MNIST_BP","0.9834","0.9834","finished","270","tanh","false","BP","256","MNIST","100","linear","0.2","DTP","2","-1","0.01","0.04","","0.0808568075299263","1"
"FashionMNIST_BP","0.8812","0.8812","finished","188","tanh","false","BP","256","FashionMNIST","100","linear","0.01","DTP","2","-1","0.01","0.01","","0.35358864068984985","0.94405"
"MNIST_BP","0.9811","0.9811","finished","266","tanh","false","BP","256","MNIST","100","linear","0.1","DTP","1","-1","0.01","0.04","","0.07732369005680084","1"
"CIFAR10_DTP_linear_L-DRL","0.4219","0.4219","finished","1753","","false","DTP","256","CIFAR10","100","linear","0.2","L-DRL","2","-1","0.01","0.04","3","1.701870322227478","0.4568"
"FashionMNIST_FWDTP-BN_linear-BN","0.8791","0.8791","finished","6333","","false","FWDTP-BN","256","FashionMNIST","100","linear-BN","1","DTP","4","-1","0.01","0.004","","0.5983160138130188","0.96405"
"FashionMNIST_DTP_linear_DRL","0.8314","0.8314","finished","5252","","false","DTP","256","FashionMNIST","100","linear","4","DRL","5","-1","0.01","0.008","","0.472936749458313","0.85155"
"FashionMNIST_BP","0.8981","0.8981","finished","191","tanh","false","BP","256","FashionMNIST","100","linear","0.1","DTP","3","-1","0.01","0.04","","0.5410140156745911","1"
"CIFAR100_DTP_linear_L-DRL","0.2031","0.2031","finished","1442","","false","DTP","256","CIFAR100","100","linear","2","L-DRL","3","-1","0.01","0.008","3","3.602243185043335","0.28466"
"CIFAR10_BP","0.487","0.487","finished","222","tanh","false","BP","256","CIFAR10","100","linear","0.15","DTP","5","-1","0.01","0.01","","2.651810884475708","1"
"FashionMNIST_BP","0.8912","0.8912","finished","195","tanh","false","BP","256","FashionMNIST","100","linear","0.05","DTP","3","-1","0.01","0.04","","0.48372167348861694","0.9985666666666668"
"CIFAR10_BP","0.4985","0.4985","finished","163","tanh","false","BP","256","CIFAR10","100","linear","0.05","DTP","5","-1","0.01","0.01","","2.3261446952819824","1"
"CIFAR100_BP","0.2131","0.2131","finished","181","tanh","false","BP","256","CIFAR100","100","linear","0.05","DTP","3","-1","0.01","0.01","","5.261153697967529","0.9996"
"CIFAR10_DTP_linear_DTP","0.4189","0.4189","finished","1147","","false","DTP","256","CIFAR10","100","linear","4","DTP","3","-1","0.01","0.002","3","2.1622111797332764","0.7854"
"MNIST_BP","0.9824","0.9824","finished","270","tanh","false","BP","256","MNIST","100","linear","0.1","DTP","4","-1","0.01","0.04","","0.08114369958639145","1"
"CIFAR100_BP","0.226","0.226","finished","159","tanh","false","BP","256","CIFAR100","100","linear","0.01","DTP","1","-1","0.01","0.01","","3.6474709510803223","0.65828"
"CIFAR100_DTP_linear_DTP","0.2079","0.2079","finished","10943","","false","DTP","256","CIFAR100","100","linear","1","DTP","2","-1","0.01","0.01","","3.9969029426574703","0.60522"
"FashionMNIST_DTP_linear_DRL","0.8358","0.8358","finished","4748","","false","DTP","256","FashionMNIST","100","linear","4","DRL","2","-1","0.01","0.008","","0.4644482433795929","0.8539833333333333"
"FashionMNIST_DTP_linear_L-DRL","0.8382","0.8382","finished","4426","","false","DTP","256","FashionMNIST","100","linear","2","L-DRL","2","-1","0.01","0.02","","0.4572315812110901","0.8571166666666666"
"CIFAR10_BP","0.4676","0.4676","finished","254","tanh","false","BP","256","CIFAR10","100","linear","0.002","DTP","2","-1","0.01","0.01","","1.571093201637268","0.57998"
"CIFAR10_BP","0.5021","0.5021","finished","177","tanh","false","BP","256","CIFAR10","100","linear","0.05","DTP","1","-1","0.01","0.01","","2.303401470184326","1"
"MNIST_DTP_linear_L-DRL","0.9323","0.9323","finished","1169","","false","DTP","256","MNIST","100","linear","4","L-DRL","5","-1","0.01","0.04","3","0.23181840777397156","0.9374833333333332"
"MNIST_BP","0.9802","0.9802","finished","268","tanh","false","BP","256","MNIST","100","linear","0.05","DTP","1","-1","0.01","0.04","","0.07746881246566772","1"
"MNIST_DTP_linear_DTP","0.9731","0.9731","finished","762","","false","DTP","256","MNIST","100","linear","4","DTP","2","-1","0.01","0.04","3","0.16422337293624878","1"
"CIFAR10_BP","0.4823","0.4823","finished","224","tanh","false","BP","256","CIFAR10","100","linear","0.15","DTP","1","-1","0.01","0.01","","2.6135342121124268","1"
"FashionMNIST_BP","0.8891","0.8891","finished","195","tanh","false","BP","256","FashionMNIST","100","linear","0.05","DTP","1","-1","0.01","0.04","","0.4562687277793884","0.9928666666666668"
"CIFAR10_BP","0.4986","0.4986","finished","219","tanh","false","BP","256","CIFAR10","100","linear","0.08","DTP","5","-1","0.01","0.01","","2.393730878829956","1"
"CIFAR100_DTP_linear_DRL","0.2029","0.2029","finished","1446","","false","DTP","256","CIFAR100","100","linear","0.8","DRL","3","-1","0.01","0.02","3","3.603413581848145","0.28446"
"MNIST_FWDTP-BN_linear-BN","0.9736","0.9736","finished","7911","","false","FWDTP-BN","256","MNIST","100","linear-BN","0.1","DTP","1","-1","0.01","0.04","","0.3837678730487823","0.99655"
"FashionMNIST_DTP_linear_DTP","0.8835","0.8835","finished","4240","","false","DTP","256","FashionMNIST","100","linear","1","DTP","2","-1","0.01","0.04","","0.4009208083152771","0.9582166666666668"
"MNIST_DTP_linear_DRL","0.9306","0.9306","finished","4713","","false","DTP","256","MNIST","100","linear","4","DRL","4","-1","0.01","0.04","","0.23146501183509827","0.9378666666666666"
"FashionMNIST_DTP_linear_DTP","0.8805","0.8805","finished","4336","","false","DTP","256","FashionMNIST","100","linear","1","DTP","4","-1","0.01","0.04","","0.3886774480342865","0.9550666666666666"
"FashionMNIST_FWDTP-BN_linear-BN","0.8824","0.8824","finished","626","","false","FWDTP-BN","256","FashionMNIST","100","linear-BN","1","DTP","5","-1","0.01","0.004","3","0.5897587537765503","0.9639833333333332"
"FashionMNIST_BP","0.8953","0.8953","finished","192","tanh","false","BP","256","FashionMNIST","100","linear","0.05","DTP","4","-1","0.01","0.04","","0.4985806941986084","0.9996166666666668"
"CIFAR10_BP","0.4473","0.4473","finished","256","tanh","false","BP","256","CIFAR10","100","linear","0.001","DTP","2","-1","0.01","0.01","","1.628475785255432","0.49818"
"FashionMNIST_BP","0.8936","0.8936","finished","195","tanh","false","BP","256","FashionMNIST","100","linear","0.05","DTP","2","-1","0.01","0.04","","0.46680960059165955","0.9998666666666668"
"CIFAR100_DTP_linear_L-DRL","0.2011","0.2011","finished","13850","","false","DTP","256","CIFAR100","100","linear","2","L-DRL","1","-1","0.01","0.008","","3.596919059753418","0.28608"
"CIFAR100_DTP_linear_DRL","0.2006","0.2006","finished","13757","","false","DTP","256","CIFAR100","100","linear","0.8","DRL","1","-1","0.01","0.02","","3.597893714904785","0.2858"
"CIFAR10_DTP_linear_L-DRL","0.4204","0.4204","finished","12509","","false","DTP","256","CIFAR10","100","linear","0.2","L-DRL","1","-1","0.01","0.04","","1.7047581672668457","0.45932"
"MNIST_BP","0.981","0.981","finished","267","tanh","false","BP","256","MNIST","100","linear","0.05","DTP","4","-1","0.01","0.04","","0.07619822770357132","1"
"CIFAR100_DTP_linear_DTP","0.2068","0.2068","finished","1239","","false","DTP","256","CIFAR100","100","linear","1","DTP","5","-1","0.01","0.01","3","4.006698131561279","0.60178"
"CIFAR100_BP","0.2109","0.2109","finished","163","tanh","false","BP","256","CIFAR100","100","linear","0.02","DTP","1","-1","0.01","0.01","","4.484102249145508","0.94854"
"MNIST_BP","0.9818","0.9818","finished","269","tanh","false","BP","256","MNIST","100","linear","0.2","DTP","4","-1","0.01","0.04","","0.07836541533470154","1"
"CIFAR10_DTP_linear_DRL","0.4235","0.4235","finished","1624","","false","DTP","256","CIFAR10","100","linear","2","DRL","1","-1","0.01","0.008","3","1.7001290321350098","0.47496"
"CIFAR10_BP","0.4961","0.4961","finished","181","tanh","false","BP","256","CIFAR10","100","linear","0.05","DTP","3","-1","0.01","0.01","","2.33068323135376","1"
"CIFAR10_BP","0.4735","0.4735","finished","254","tanh","false","BP","256","CIFAR10","100","linear","0.004","DTP","2","-1","0.01","0.01","","1.5829825401306152","0.75166"
"MNIST_DTP_linear_DTP","0.9724","0.9724","finished","760","","false","DTP","256","MNIST","100","linear","4","DTP","3","-1","0.01","0.04","3","0.16309082508087158","0.9999833333333332"
"FashionMNIST_DTP_linear_DRL","0.8349","0.8349","finished","1552","","false","DTP","256","FashionMNIST","100","linear","4","DRL","3","-1","0.01","0.008","3","0.4645989537239074","0.8487833333333333"
"MNIST_DTP_linear_DTP","0.9727","0.9727","finished","760","","false","DTP","256","MNIST","100","linear","4","DTP","4","-1","0.01","0.04","3","0.1579207330942154","0.9999833333333332"
"FashionMNIST_DTP_linear_L-DRL","0.8388","0.8388","finished","4380","","false","DTP","256","FashionMNIST","100","linear","2","L-DRL","3","-1","0.01","0.02","","0.45685139298439026","0.8521333333333333"
"MNIST_FWDTP-BN_linear-BN","0.9718","0.9718","finished","564","","false","FWDTP-BN","256","MNIST","100","linear-BN","0.1","DTP","1","-1","0.01","0.04","3","0.3849670886993408","0.9957"
"CIFAR100_BP","0.2081","0.2081","finished","177","tanh","false","BP","256","CIFAR100","100","linear","0.002","DTP","3","-1","0.01","0.01","","3.536987781524658","0.27658"
"CIFAR10_BP","0.4802","0.4802","finished","252","tanh","false","BP","256","CIFAR10","100","linear","0.004","DTP","1","-1","0.01","0.01","","1.581480622291565","0.75502"
"CIFAR100_FWDTP-BN_linear-BN","0.2088","0.2088","finished","13952","","false","FWDTP-BN","256","CIFAR100","100","linear-BN","0.2","DTP","2","-1","0.01","0.01","","3.708406925201416","0.684"
"MNIST_DTP_linear_L-DRL","0.9361","0.9361","finished","1233","","false","DTP","256","MNIST","100","linear","4","L-DRL","1","-1","0.01","0.04","3","0.22178110480308533","0.93995"
"FashionMNIST_DTP_linear_DTP","0.8826","0.8826","finished","810","","false","DTP","256","FashionMNIST","100","linear","1","DTP","3","-1","0.01","0.04","3","0.4015881717205048","0.9554333333333334"
"FashionMNIST_DTP_linear_L-DRL","0.8357","0.8357","finished","4393","","false","DTP","256","FashionMNIST","100","linear","2","L-DRL","1","-1","0.01","0.02","","0.4562448263168335","0.85445"
"CIFAR10_FWDTP-BN_linear-BN","0.4549","0.4549","finished","751","","false","FWDTP-BN","256","CIFAR10","100","linear-BN","0.02","DTP","2","-1","0.01","0.01","3","1.6505564451217651","0.711"
"FashionMNIST_DTP_linear_DTP","0.8795","0.8795","finished","4254","","false","DTP","256","FashionMNIST","100","linear","1","DTP","3","-1","0.01","0.04","","0.3966516852378845","0.9532666666666668"
"CIFAR10_BP","0.5029","0.5029","finished","177","tanh","false","BP","256","CIFAR10","100","linear","0.1","DTP","1","-1","0.01","0.01","","2.4154951572418213","1"
"CIFAR10_DTP_linear_DRL","0.4159","0.4159","finished","12910","","false","DTP","256","CIFAR10","100","linear","2","DRL","1","-1","0.01","0.008","","1.709447979927063","0.4707"
"FashionMNIST_DTP_linear_DTP","0.8825","0.8825","finished","816","","false","DTP","256","FashionMNIST","100","linear","1","DTP","1","-1","0.01","0.04","3","0.3994594812393189","0.9579833333333332"
"CIFAR10_BP","0.144","0.144","finished","224","tanh","false","BP","256","CIFAR10","100","linear","0.2","DTP","1","-1","0.01","0.01","","4679458673917952","0.1398"
"CIFAR10_BP","0.4805","0.4805","finished","254","tanh","false","BP","256","CIFAR10","100","linear","0.02","DTP","2","-1","0.01","0.01","","2.2394979000091553","0.99994"
"CIFAR100_BP","0.2081","0.2081","finished","179","tanh","false","BP","256","CIFAR100","100","linear","0.05","DTP","1","-1","0.01","0.01","","5.208552837371826","0.99952"
"CIFAR10_DTP_linear_L-DRL","0.4241","0.4241","finished","1734","","false","DTP","256","CIFAR10","100","linear","0.2","L-DRL","3","-1","0.01","0.04","3","1.70274019241333","0.45844"
"CIFAR10_BP","0.4718","0.4718","finished","257","tanh","false","BP","256","CIFAR10","100","linear","0.002","DTP","1","-1","0.01","0.01","","1.5709593296051023","0.58232"
"CIFAR10_BP","0.4995","0.4995","finished","221","tanh","false","BP","256","CIFAR10","100","linear","0.08","DTP","2","-1","0.01","0.01","","2.38615083694458","1"
"MNIST_BP","0.981","0.981","finished","269","tanh","false","BP","256","MNIST","100","linear","0.2","DTP","5","-1","0.01","0.04","","0.08263316750526428","1"
"MNIST_BP","0.9807","0.9807","finished","270","tanh","false","BP","256","MNIST","100","linear","0.2","DTP","3","-1","0.01","0.04","","0.08009892702102661","1"
"FashionMNIST_DTP_linear_DRL","0.8322","0.8322","finished","4783","","false","DTP","256","FashionMNIST","100","linear","4","DRL","1","-1","0.01","0.008","","0.4627346098423004","0.8516166666666667"
"CIFAR100_BP","0.1898","0.1898","finished","171","tanh","false","BP","256","CIFAR100","100","linear","0.001","DTP","2","-1","0.01","0.01","","3.625818967819214","0.23226"
"CIFAR10_BP","0.4987","0.4987","finished","179","tanh","false","BP","256","CIFAR10","100","linear","0.1","DTP","3","-1","0.01","0.01","","2.4420762062072754","1"
"CIFAR10_BP","0.4762","0.4762","finished","254","tanh","false","BP","256","CIFAR10","100","linear","0.01","DTP","1","-1","0.01","0.01","","1.9657270908355713","0.9737"
"FashionMNIST_BP","0.8876","0.8876","finished","189","tanh","false","BP","256","FashionMNIST","100","linear","0.02","DTP","1","-1","0.01","0.01","","0.3845479488372803","0.9791666666666666"
"FashionMNIST_DTP_linear_L-DRL","0.8325","0.8325","finished","5034","","false","DTP","256","FashionMNIST","100","linear","2","L-DRL","5","-1","0.01","0.02","","0.4667273461818695","0.8551"
"MNIST_FWDTP-BN_linear-BN","0.9736","0.9736","finished","7972","","false","FWDTP-BN","256","MNIST","100","linear-BN","0.1","DTP","3","-1","0.01","0.04","","0.38162973523139954","0.9955833333333334"
"FashionMNIST_BP","0.8866","0.8866","finished","189","tanh","false","BP","256","FashionMNIST","100","linear","0.01","DTP","3","-1","0.01","0.01","","0.3324859142303467","0.9524"
"FashionMNIST_BP","0.8836","0.8836","finished","191","tanh","false","BP","256","FashionMNIST","100","linear","0.01","DTP","4","-1","0.01","0.01","","0.3420983552932739","0.9466833333333332"
"FashionMNIST_DTP_linear_L-DRL","0.8378","0.8378","finished","1202","","false","DTP","256","FashionMNIST","100","linear","2","L-DRL","3","-1","0.01","0.02","3","0.4566437304019928","0.8522"
"MNIST_DTP_linear_DRL","0.9304","0.9304","finished","1390","","false","DTP","256","MNIST","100","linear","4","DRL","5","-1","0.01","0.04","3","0.23879626393318176","0.9350333333333334"
"FashionMNIST_BP","0.2017","0.2017","finished","203","tanh","false","BP","256","FashionMNIST","100","linear","0.4","DTP","5","-1","0.01","0.04","","5453179","0.20411666666666667"
"CIFAR100_BP","0.2233","0.2233","finished","174","tanh","false","BP","256","CIFAR100","100","linear","0.004","DTP","3","-1","0.01","0.01","","3.4561729431152344","0.35622"
"CIFAR100_DTP_linear_DTP","0.2076","0.2076","finished","1220","","false","DTP","256","CIFAR100","100","linear","1","DTP","3","-1","0.01","0.01","3","4.010831356048584","0.60008"
"CIFAR10_DTP_linear_L-DRL","0.4182","0.4182","finished","1757","","false","DTP","256","CIFAR10","100","linear","0.2","L-DRL","5","-1","0.01","0.04","3","1.7042518854141235","0.45924"
"CIFAR10_FWDTP-BN_linear-BN","0.4608","0.4608","finished","753","","false","FWDTP-BN","256","CIFAR10","100","linear-BN","0.02","DTP","5","-1","0.01","0.01","3","1.6518609523773191","0.70934"
"CIFAR10_DTP_linear_DRL","0.4199","0.4199","finished","1662","","false","DTP","256","CIFAR10","100","linear","2","DRL","5","-1","0.01","0.008","3","1.7098909616470337","0.47354"
"MNIST_DTP_linear_DRL","0.9275","0.9275","finished","4717","","false","DTP","256","MNIST","100","linear","4","DRL","3","-1","0.01","0.04","","0.2427631318569183","0.9351"
"FashionMNIST_BP","0.8915","0.8915","finished","191","tanh","false","BP","256","FashionMNIST","100","linear","0.1","DTP","1","-1","0.01","0.04","","0.431338906288147","0.9861833333333332"
"CIFAR100_DTP_linear_L-DRL","0.199","0.199","finished","1451","","false","DTP","256","CIFAR100","100","linear","2","L-DRL","4","-1","0.01","0.008","3","3.5986435413360596","0.2846"
"MNIST_FWDTP-BN_linear-BN","0.9706","0.9706","finished","7988","","false","FWDTP-BN","256","MNIST","100","linear-BN","0.1","DTP","4","-1","0.01","0.04","","0.3885255753993988","0.996"
"FashionMNIST_FWDTP-BN_linear-BN","0.8831","0.8831","finished","6377","","false","FWDTP-BN","256","FashionMNIST","100","linear-BN","1","DTP","3","-1","0.01","0.004","","0.5953004360198975","0.9632833333333334"
"CIFAR10_DTP_linear_L-DRL","0.42","0.42","finished","1757","","false","DTP","256","CIFAR10","100","linear","0.2","L-DRL","4","-1","0.01","0.04","3","1.7004820108413696","0.45958"
"FashionMNIST_BP","0.896","0.896","finished","194","tanh","false","BP","256","FashionMNIST","100","linear","0.1","DTP","4","-1","0.01","0.04","","0.5065077543258667","1"
"CIFAR100_BP","0.221","0.221","finished","175","tanh","false","BP","256","CIFAR100","100","linear","0.01","DTP","3","-1","0.01","0.01","","3.64543342590332","0.65312"
"FashionMNIST_BP","0.8966","0.8966","finished","195","tanh","false","BP","256","FashionMNIST","100","linear","0.2","DTP","4","-1","0.01","0.04","","0.6281301379203796","1"
"FashionMNIST_DTP_linear_DTP","0.8813","0.8813","finished","4268","","false","DTP","256","FashionMNIST","100","linear","1","DTP","1","-1","0.01","0.04","","0.4125992953777313","0.9540166666666666"
"MNIST_DTP_linear_DRL","0.9336","0.9336","finished","4665","","false","DTP","256","MNIST","100","linear","4","DRL","1","-1","0.01","0.04","","0.23080135881900787","0.9377333333333332"
"MNIST_BP","0.9826","0.9826","finished","277","tanh","false","BP","256","MNIST","100","linear","0.1","DTP","2","-1","0.01","0.04","","0.07320944219827652","1"
"FashionMNIST_BP","0.0996","0.0996","finished","192","tanh","false","BP","256","FashionMNIST","100","linear","0.4","DTP","3","-1","0.01","0.04","","304744.5","0.09978333333333332"
"MNIST_DTP_linear_DRL","0.9296","0.9296","finished","1476","","false","DTP","256","MNIST","100","linear","4","DRL","2","-1","0.01","0.04","3","0.23518261313438416","0.93655"
"CIFAR100_BP","0.2087","0.2087","finished","157","tanh","false","BP","256","CIFAR100","100","linear","0.002","DTP","1","-1","0.01","0.01","","3.5364573001861572","0.27736"
"CIFAR100_BP","0.1911","0.1911","finished","161","tanh","false","BP","256","CIFAR100","100","linear","0.001","DTP","1","-1","0.01","0.01","","3.6252119541168217","0.23014"
"FashionMNIST_BP","0.2178","0.2178","finished","197","tanh","false","BP","256","FashionMNIST","100","linear","0.2","DTP","1","-1","0.01","0.04","","424964.28125","0.21663333333333337"
"CIFAR10_DTP_linear_DTP","0.4189","0.4189","finished","1137","","false","DTP","256","CIFAR10","100","linear","4","DTP","1","-1","0.01","0.002","3","2.144923686981201","0.78514"
"CIFAR100_BP","0.2095","0.2095","finished","165","tanh","false","BP","256","CIFAR100","100","linear","0.05","DTP","5","-1","0.01","0.01","","5.325576305389404","0.99832"
"CIFAR100_FWDTP-BN_linear-BN","0.2154","0.2154","finished","816","","false","FWDTP-BN","256","CIFAR100","100","linear-BN","0.2","DTP","4","-1","0.01","0.01","3","3.7173047065734863","0.68626"
"CIFAR10_DTP_linear_DTP","0.4222","0.4222","finished","1123","","false","DTP","256","CIFAR10","100","linear","4","DTP","5","-1","0.01","0.002","3","2.1478209495544434","0.7803"
"CIFAR10_BP","0.1099","0.1099","finished","219","tanh","false","BP","256","CIFAR10","100","linear","0.2","DTP","3","-1","0.01","0.01","","12592768949944320","0.11014"
"MNIST_BP","0.9828","0.9828","finished","267","tanh","false","BP","256","MNIST","100","linear","0.1","DTP","5","-1","0.01","0.04","","0.07058364152908325","1"
"CIFAR10_BP","0.5018","0.5018","finished","183","tanh","false","BP","256","CIFAR10","100","linear","0.1","DTP","4","-1","0.01","0.01","","2.436267375946045","1"
"FashionMNIST_BP","0.8905","0.8905","finished","201","tanh","false","BP","256","FashionMNIST","100","linear","0.05","DTP","5","-1","0.01","0.04","","0.46996116638183594","0.99725"
"MNIST_DTP_linear_DRL","0.9312","0.9312","finished","1395","","false","DTP","256","MNIST","100","linear","4","DRL","4","-1","0.01","0.04","3","0.23251837491989136","0.9378666666666666"
"MNIST_FWDTP-BN_linear-BN","0.974","0.974","finished","564","","false","FWDTP-BN","256","MNIST","100","linear-BN","0.1","DTP","5","-1","0.01","0.04","3","0.38394054770469666","0.9954833333333334"
"FashionMNIST_BP","0.8879","0.8879","finished","190","tanh","false","BP","256","FashionMNIST","100","linear","0.01","DTP","5","-1","0.01","0.01","","0.3284474015235901","0.9574"
"CIFAR10_DTP_linear_DTP","0.4243","0.4243","finished","1139","","false","DTP","256","CIFAR10","100","linear","4","DTP","4","-1","0.01","0.002","3","2.1330816745758057","0.77796"
"CIFAR100_BP","0.2046","0.2046","finished","175","tanh","false","BP","256","CIFAR100","100","linear","0.02","DTP","2","-1","0.01","0.01","","4.4664459228515625","0.93954"
"MNIST_BP","0.9806","0.9806","finished","266","tanh","false","BP","256","MNIST","100","linear","0.1","DTP","3","-1","0.01","0.04","","0.0784967839717865","1"
"FashionMNIST_DTP_linear_DTP","0.8818","0.8818","finished","801","","false","DTP","256","FashionMNIST","100","linear","1","DTP","2","-1","0.01","0.04","3","0.4014679193496704","0.95825"
"FashionMNIST_FWDTP-BN_linear-BN","0.8848","0.8848","finished","623","","false","FWDTP-BN","256","FashionMNIST","100","linear-BN","1","DTP","3","-1","0.01","0.004","3","0.5812885761260986","0.9638"
"CIFAR10_DTP_linear_L-DRL","","0.3999","crashed","1831","","false","DTP","256","CIFAR10","100","linear","0.2","L-DRL","2","-1","0.01","0.04","","","0.41322"
"CIFAR100_FWDTP-BN_linear-BN","","0.1914","crashed","7170","","false","FWDTP-BN","256","CIFAR100","100","linear-BN","0.2","DTP","3","-1","0.01","0.01","","","0.3904"
"MNIST_FWDTP-BN_linear-BN","","0.9731","crashed","4170","","false","FWDTP-BN","256","MNIST","100","linear-BN","0.1","DTP","5","-1","0.01","0.04","","","0.9915833333333334"
"CIFAR100_DTP_linear_DRL","","0.183","crashed","4741","","false","DTP","256","CIFAR100","100","linear","0.8","DRL","3","-1","0.01","0.02","","","0.2274"
"CIFAR10_FWDTP-BN_linear-BN","","0.4536","crashed","13981","","false","FWDTP-BN","256","CIFAR10","100","linear-BN","0.02","DTP","2","-1","0.01","0.01","","","0.59326"
"CIFAR10_DTP_linear_L-DRL","","0.4177","crashed","5611","","false","DTP","256","CIFAR10","100","linear","0.2","L-DRL","1","-1","0.01","0.04","","","0.43912"