"Name","5_epoch_time2","5_epoch_time","State","Notes","User","Tags","Created","Runtime","Sweep","activation_function","agent","algorithm","backward_function_1","backward_function_1_activation","backward_function_1_init","backward_function_2","backward_function_2_activation","backward_function_2_init","batch_size","dataset","depth","direct_depth","epochs","epochs_backward","forward_function_1","forward_function_1_activation","forward_function_1_init","forward_function_2","forward_function_2_activation","forward_function_2_init","forward_last_activation","hid_dim","in_dim","label_augmentation","learning_rate","learning_rate_backward","log","loss_feedback","out_dim","seed","sparse_ratio","std_backward","stepsize","test","last_activation","GradC","act_B","act_F","architecture","batchsize","bias_init","bn_affine","bw_bn","eta_min","filter_target","fw_bn","grad_clip_B","grad_clip_F","loss_scale_C","lr_B","lr_F","method","mmt_B","mmt_F","mode","num_chn","optimizer","task","task_transform","tmax","warmup","wd_B","wd_F","yaml","train accuracy","train loss","valid accuracy","valid loss","eigenvalue ratio 1","eigenvalue ratio 2","eigenvalue ratio 3","eigenvalue ratio 4","eigenvalue ratio 5","eigenvalue trace 1","eigenvalue trace 2","eigenvalue trace 3","eigenvalue trace 4","eigenvalue trace 5","val_acc","val_loss"
"MNIST_BP","","10.094726085662842","finished","-","","","2024-05-04T01:21:49.000Z","36","","tanh","false","BP","identity","tanh","uniform","identity","linear","orthogonal","256","MNIST","6","1","5","5","identity","linear","orthogonal","identity","tanh","orthogonal","linear","256","784","false","0.1","0.001","true","DTP","10","1","-1","0.01","0.04","true","","","","","","","","","","","","","","","","","","","","","","","","","","","","","","","0.9739333333333332","0.0842122882604599","0.9616","0.12086121737957","","","","","","","","","","","",""
"MNIST_FWDTP-BN_linear-BN","","32.92917275428772","finished","-","","","2024-05-04T01:22:34.000Z","56","","","false","FWDTP-BN","random","tanh-BN","uniform","difference","linear-BN","","256","MNIST","6","1","5","5","identity","linear","","parameterized","tanh-BN","orthogonal","linear-BN","256","784","false","0.1","0.001","true","DTP","10","1","-1","0.01","0.04","true","linear-BN","","","","","","","","","","","","","","","","","","","","","","","","","","","","","","","","","","","","","","","","","","","","",""
"MNIST_BP","","10.5177583694458","finished","-","","","2024-05-04T01:22:40.000Z","40","","tanh","false","BP","identity","tanh","uniform","identity","linear","orthogonal","256","MNIST","6","1","5","5","identity","linear","orthogonal","identity","tanh","orthogonal","linear","256","784","false","0.1","0.001","true","DTP","10","2","-1","0.01","0.04","true","","","","","","","","","","","","","","","","","","","","","","","","","","","","","","","0.97865","0.07162036001682281","0.9662","0.10137267410755156","","","","","","","","","","","",""
"MNIST_FWDTP-BN_linear-BN","","53.119120359420776","finished","-","","","2024-05-04T01:23:30.000Z","83","","","false","FWDTP-BN","random","tanh-BN","uniform","difference","linear-BN","","256","MNIST","6","1","5","5","identity","linear","","parameterized","tanh-BN","orthogonal","linear-BN","256","784","false","0.1","0.001","true","DTP","10","2","-1","0.01","0.04","true","linear-BN","","","","","","","","","","","","","","","","","","","","","","","","","","","","","","","","","","","","","","","","","","","","",""
"MNIST_DTP_linear_DTP","","60.291118144989014","finished","-","","","2024-05-04T01:23:40.000Z","79","","","false","DTP","parameterized","tanh","uniform","difference","linear","","256","MNIST","6","1","5","5","identity","linear","","parameterized","tanh","orthogonal","linear","256","784","false","4","0.002","true","DTP","10","1","-1","0.01","0.04","true","linear","","","","","","","","","","","","","","","","","","","","","","","","","","","","","","","","","","","","","","","","","","","","",""
"MNIST_DTP_linear_DTP","","85.89835000038147","finished","-","","","2024-05-04T01:25:04.000Z","116","","","false","DTP","parameterized","tanh","uniform","difference","linear","","256","MNIST","6","1","5","5","identity","linear","","parameterized","tanh","orthogonal","linear","256","784","false","4","0.002","true","DTP","10","2","-1","0.01","0.04","true","linear","","","","","","","","","","","","","","","","","","","","","","","","","","","","","","","","","","","","","","","","","","","","",""
"MNIST_DTP_linear_DRL","","110.50252938270567","finished","-","","","2024-05-04T01:25:07.000Z","129","","","false","DTP","parameterized","tanh","uniform","difference","linear","","256","MNIST","6","1","5","5","identity","linear","","parameterized","tanh","orthogonal","linear","256","784","false","4","0.0002","true","DRL","10","1","-1","0.01","0.04","true","linear","","","","","","","","","","","","","","","","","","","","","","","","","","","","","","","","","","","","","","","","","","","","",""
"MNIST_DTP_linear_DRL","","191.09354186058044","finished","-","","","2024-05-04T01:27:10.000Z","219","","","false","DTP","parameterized","tanh","uniform","difference","linear","","256","MNIST","6","1","5","5","identity","linear","","parameterized","tanh","orthogonal","linear","256","784","false","4","0.0002","true","DRL","10","2","-1","0.01","0.04","true","linear","","","","","","","","","","","","","","","","","","","","","","","","","","","","","","","","","","","","","","","","","","","","",""
"MNIST_DTP_linear_L-DRL","","93.76195335388184","finished","-","","","2024-05-04T01:27:27.000Z","114","","","false","DTP","parameterized","tanh","uniform","difference","linear","","256","MNIST","6","1","5","5","identity","linear","","parameterized","tanh","orthogonal","linear","256","784","false","4","0.0002","true","L-DRL","10","1","-1","0.01","0.04","true","linear","","","","","","","","","","","","","","","","","","","","","","","","","","","","","","","","","","","","","","","","","","","","",""
"MNIST_BP","","9.581051349639893","finished","-","","","2024-05-04T01:28:18.000Z","33","","tanh","false","BP","identity","tanh","uniform","identity","linear","orthogonal","256","MNIST","6","1","5","5","identity","linear","orthogonal","identity","tanh","orthogonal","linear","256","784","false","0.1","0.001","true","DTP","10","3","-1","0.01","0.04","true","","","","","","","","","","","","","","","","","","","","","","","","","","","","","","","0.9724166666666668","0.08844992518424988","0.9619","0.12287587672472","","","","","","","","","","","",""
"MNIST_FWDTP-BN_linear-BN","","39.80130219459534","finished","-","","","2024-05-04T01:29:00.000Z","60","","","false","FWDTP-BN","random","tanh-BN","uniform","difference","linear-BN","","256","MNIST","6","1","5","5","identity","linear","","parameterized","tanh-BN","orthogonal","linear-BN","256","784","false","0.1","0.001","true","DTP","10","3","-1","0.01","0.04","true","linear-BN","","","","","","","","","","","","","","","","","","","","","","","","","","","","","","","","","","","","","","","","","","","","",""
"CIFAR10_BP","","8.01028561592102","finished","-","","","2024-05-04T01:29:32.000Z","31","","tanh","false","BP","identity","tanh","uniform","identity","linear","orthogonal","256","CIFAR10","4","1","5","5","identity","linear","orthogonal","identity","tanh","orthogonal","linear","1024","3072","false","0.001","0.001","true","DTP","10","1","-1","0.01","0.01","true","","","","","","","","","","","","","","","","","","","","","","","","","","","","","","","0.36904","1.813114643096924","0.3712","1.817976713180542","","","","","","","","","","","",""
"MNIST_DTP_linear_DTP","","58.49359154701233","finished","-","","","2024-05-04T01:30:11.000Z","78","","","false","DTP","parameterized","tanh","uniform","difference","linear","","256","MNIST","6","1","5","5","identity","linear","","parameterized","tanh","orthogonal","linear","256","784","false","4","0.002","true","DTP","10","3","-1","0.01","0.04","true","linear","","","","","","","","","","","","","","","","","","","","","","","","","","","","","","","","","","","","","","","","","","","","",""
"CIFAR10_FWDTP-BN_linear-BN","","15.809428930282593","finished","-","","","2024-05-04T01:30:12.000Z","37","","","false","FWDTP-BN","random","tanh-BN","uniform","difference","linear-BN","","256","CIFAR10","4","1","5","5","identity","linear","","parameterized","tanh-BN","orthogonal","linear-BN","1024","3072","false","0.02","0.001","true","DTP","10","1","-1","0.01","0.01","true","linear-BN","","","","","","","","","","","","","","","","","","","","","","","","","","","","","","","","","","","","","","","","","","","","",""
"MNIST_BP","","10.416366338729858","finished","-","","","2024-05-04T01:30:54.000Z","42","","tanh","false","BP","identity","tanh","uniform","identity","linear","orthogonal","256","MNIST","6","1","5","5","identity","linear","orthogonal","identity","tanh","orthogonal","linear","256","784","false","0.1","0.001","true","DTP","10","4","-1","0.01","0.04","true","","","","","","","","","","","","","","","","","","","","","","","","","","","","","","","0.96215","0.11312974244356155","0.9518","0.1461458057165146","","","","","","","","","","","",""
"CIFAR10_DTP_linear_DTP","","23.656473636627197","finished","-","","","2024-05-04T01:30:57.000Z","48","","","false","DTP","parameterized","tanh","uniform","difference","linear","","256","CIFAR10","4","1","5","5","identity","linear","","parameterized","tanh","orthogonal","linear","1024","3072","false","4","0.004","true","DTP","10","1","-1","0.01","0.002","true","linear","","","","","","","","","","","","","","","","","","","","","","","","","","","","","","","","","","","","","","","","","","","","",""
"MNIST_DTP_linear_L-DRL","","154.51914381980896","finished","-","","","2024-05-04T01:31:00.000Z","181","","","false","DTP","parameterized","tanh","uniform","difference","linear","","256","MNIST","6","1","5","5","identity","linear","","parameterized","tanh","orthogonal","linear","256","784","false","4","0.0002","true","L-DRL","10","2","-1","0.01","0.04","true","linear","","","","","","","","","","","","","","","","","","","","","","","","","","","","","","","","","","","","","","","","","","","","",""
"MNIST_DTP_linear_DRL","","129.828054189682","finished","-","","","2024-05-04T01:31:38.000Z","150","","","false","DTP","parameterized","tanh","uniform","difference","linear","","256","MNIST","6","1","5","5","identity","linear","","parameterized","tanh","orthogonal","linear","256","784","false","4","0.0002","true","DRL","10","3","-1","0.01","0.04","true","linear","","","","","","","","","","","","","","","","","","","","","","","","","","","","","","","","","","","","","","","","","","","","",""
"MNIST_FWDTP-BN_linear-BN","","47.56014966964722","finished","-","","","2024-05-04T01:31:45.000Z","70","","","false","FWDTP-BN","random","tanh-BN","uniform","difference","linear-BN","","256","MNIST","6","1","5","5","identity","linear","","parameterized","tanh-BN","orthogonal","linear-BN","256","784","false","0.1","0.001","true","DTP","10","4","-1","0.01","0.04","true","linear-BN","","","","","","","","","","","","","","","","","","","","","","","","","","","","","","","","","","","","","","","","","","","","",""
"CIFAR10_DTP_linear_DRL","","36.02611827850342","finished","-","","","2024-05-04T01:31:52.000Z","57","","","false","DTP","parameterized","tanh","uniform","difference","linear","","256","CIFAR10","4","1","5","5","identity","linear","","parameterized","tanh","orthogonal","linear","1024","3072","false","2","0.004","true","DRL","10","1","-1","0.01","0.008","true","linear","","","","","","","","","","","","","","","","","","","","","","","","","","","","","","","","","","","","","","","","","","","","",""
"CIFAR10_DTP_linear_L-DRL","","37.26418876647949","finished","-","","","2024-05-04T01:32:57.000Z","57","","","false","DTP","parameterized","tanh","uniform","difference","linear","","256","CIFAR10","4","1","5","5","identity","linear","","parameterized","tanh","orthogonal","linear","1024","3072","false","0.2","0.0004","true","L-DRL","10","1","-1","0.01","0.04","true","linear","","","","","","","","","","","","","","","","","","","","","","","","","","","","","","","","","","","","","","","","","","","","",""
"MNIST_DTP_linear_DTP","","84.10269117355347","finished","-","","","2024-05-04T01:33:04.000Z","106","","","false","DTP","parameterized","tanh","uniform","difference","linear","","256","MNIST","6","1","5","5","identity","linear","","parameterized","tanh","orthogonal","linear","256","784","false","4","0.002","true","DTP","10","4","-1","0.01","0.04","true","linear","","","","","","","","","","","","","","","","","","","","","","","","","","","","","","","","","","","","","","","","","","","","",""
"MNIST_BP","","8.364843845367432","finished","-","","","2024-05-04T01:34:05.000Z","26","","tanh","false","BP","identity","tanh","uniform","identity","linear","orthogonal","256","MNIST","6","1","5","5","identity","linear","orthogonal","identity","tanh","orthogonal","linear","256","784","false","0.1","0.001","true","DTP","10","5","-1","0.01","0.04","true","","","","","","","","","","","","","","","","","","","","","","","","","","","","","","","0.98275","0.061406128108501434","0.9718","0.0900483950972557","","","","","","","","","","","",""
"CIFAR10_BP","","10.535539388656616","finished","-","","","2024-05-04T01:34:11.000Z","40","","tanh","false","BP","identity","tanh","uniform","identity","linear","orthogonal","256","CIFAR10","4","1","5","5","identity","linear","orthogonal","identity","tanh","orthogonal","linear","1024","3072","false","0.001","0.001","true","DTP","10","2","-1","0.01","0.01","true","","","","","","","","","","","","","","","","","","","","","","","","","","","","","","","0.37152","1.814624905586243","0.3753","1.8178647756576536","","","","","","","","","","","",""
"MNIST_DTP_linear_L-DRL","","104.51027512550354","finished","-","","","2024-05-04T01:34:17.000Z","126","","","false","DTP","parameterized","tanh","uniform","difference","linear","","256","MNIST","6","1","5","5","identity","linear","","parameterized","tanh","orthogonal","linear","256","784","false","4","0.0002","true","L-DRL","10","3","-1","0.01","0.04","true","linear","","","","","","","","","","","","","","","","","","","","","","","","","","","","","","","","","","","","","","","","","","","","",""
"MNIST_FWDTP-BN_linear-BN","","28.20007705688477","finished","-","","","2024-05-04T01:34:37.000Z","45","","","false","FWDTP-BN","random","tanh-BN","uniform","difference","linear-BN","","256","MNIST","6","1","5","5","identity","linear","","parameterized","tanh-BN","orthogonal","linear-BN","256","784","false","0.1","0.001","true","DTP","10","5","-1","0.01","0.04","true","linear-BN","","","","","","","","","","","","","","","","","","","","","","","","","","","","","","","","","","","","","","","","","","","","",""
"CIFAR10_FWDTP-BN_linear-BN","","33.99140787124634","finished","-","","","2024-05-04T01:35:01.000Z","63","","","false","FWDTP-BN","random","tanh-BN","uniform","difference","linear-BN","","256","CIFAR10","4","1","5","5","identity","linear","","parameterized","tanh-BN","orthogonal","linear-BN","1024","3072","false","0.02","0.001","true","DTP","10","2","-1","0.01","0.01","true","linear-BN","","","","","","","","","","","","","","","","","","","","","","","","","","","","","","","","","","","","","","","","","","","","",""
"MNIST_DTP_linear_DRL","","173.36516761779785","finished","-","","","2024-05-04T01:35:05.000Z","198","","","false","DTP","parameterized","tanh","uniform","difference","linear","","256","MNIST","6","1","5","5","identity","linear","","parameterized","tanh","orthogonal","linear","256","784","false","4","0.0002","true","DRL","10","4","-1","0.01","0.04","true","linear","","","","","","","","","","","","","","","","","","","","","","","","","","","","","","","","","","","","","","","","","","","","",""
"MNIST_DTP_linear_DTP","","48.40949606895447","finished","-","","","2024-05-04T01:35:32.000Z","67","","","false","DTP","parameterized","tanh","uniform","difference","linear","","256","MNIST","6","1","5","5","identity","linear","","parameterized","tanh","orthogonal","linear","256","784","false","4","0.002","true","DTP","10","5","-1","0.01","0.04","true","linear","","","","","","","","","","","","","","","","","","","","","","","","","","","","","","","","","","","","","","","","","","","","",""
"CIFAR10_DTP_linear_DTP","","43.473448276519775","finished","-","","","2024-05-04T01:36:14.000Z","73","","","false","DTP","parameterized","tanh","uniform","difference","linear","","256","CIFAR10","4","1","5","5","identity","linear","","parameterized","tanh","orthogonal","linear","1024","3072","false","4","0.004","true","DTP","10","2","-1","0.01","0.002","true","linear","","","","","","","","","","","","","","","","","","","","","","","","","","","","","","","","","","","","","","","","","","","","",""
"CIFAR10_BP","","9.519716262817385","finished","-","","","2024-05-04T01:36:33.000Z","34","","tanh","false","BP","identity","tanh","uniform","identity","linear","orthogonal","256","CIFAR10","4","1","5","5","identity","linear","orthogonal","identity","tanh","orthogonal","linear","1024","3072","false","0.001","0.001","true","DTP","10","3","-1","0.01","0.01","true","","","","","","","","","","","","","","","","","","","","","","","","","","","","","","","0.36674","1.8188691139221191","0.3682","1.821052312850952","","","","","","","","","","","",""
"MNIST_DTP_linear_DRL","","89.06884002685547","finished","-","","","2024-05-04T01:36:48.000Z","108","","","false","DTP","parameterized","tanh","uniform","difference","linear","","256","MNIST","6","1","5","5","identity","linear","","parameterized","tanh","orthogonal","linear","256","784","false","4","0.0002","true","DRL","10","5","-1","0.01","0.04","true","linear","","","","","","","","","","","","","","","","","","","","","","","","","","","","","","","","","","","","","","","","","","","","",""
"CIFAR10_FWDTP-BN_linear-BN","","23.3837673664093","finished","-","","","2024-05-04T01:37:14.000Z","47","","","false","FWDTP-BN","random","tanh-BN","uniform","difference","linear-BN","","256","CIFAR10","4","1","5","5","identity","linear","","parameterized","tanh-BN","orthogonal","linear-BN","1024","3072","false","0.02","0.001","true","DTP","10","3","-1","0.01","0.01","true","linear-BN","","","","","","","","","","","","","","","","","","","","","","","","","","","","","","","","","","","","","","","","","","","","",""
"CIFAR10_DTP_linear_DRL","","79.67274069786072","finished","-","","","2024-05-04T01:37:37.000Z","113","","","false","DTP","parameterized","tanh","uniform","difference","linear","","256","CIFAR10","4","1","5","5","identity","linear","","parameterized","tanh","orthogonal","linear","1024","3072","false","2","0.004","true","DRL","10","2","-1","0.01","0.008","true","linear","","","","","","","","","","","","","","","","","","","","","","","","","","","","","","","","","","","","","","","","","","","","",""
"CIFAR10_DTP_linear_DTP","","31.41172194480896","finished","-","","","2024-05-04T01:38:09.000Z","54","","","false","DTP","parameterized","tanh","uniform","difference","linear","","256","CIFAR10","4","1","5","5","identity","linear","","parameterized","tanh","orthogonal","linear","1024","3072","false","4","0.004","true","DTP","10","3","-1","0.01","0.002","true","linear","","","","","","","","","","","","","","","","","","","","","","","","","","","","","","","","","","","","","","","","","","","","",""
"MNIST_DTP_linear_L-DRL","","145.0908203125","finished","-","","","2024-05-04T01:38:33.000Z","167","","","false","DTP","parameterized","tanh","uniform","difference","linear","","256","MNIST","6","1","5","5","identity","linear","","parameterized","tanh","orthogonal","linear","256","784","false","4","0.0002","true","L-DRL","10","4","-1","0.01","0.04","true","linear","","","","","","","","","","","","","","","","","","","","","","","","","","","","","","","","","","","","","","","","","","","","",""
"MNIST_DTP_linear_L-DRL","","69.97471237182617","finished","-","","","2024-05-04T01:38:44.000Z","89","","","false","DTP","parameterized","tanh","uniform","difference","linear","","256","MNIST","6","1","5","5","identity","linear","","parameterized","tanh","orthogonal","linear","256","784","false","4","0.0002","true","L-DRL","10","5","-1","0.01","0.04","true","linear","","","","","","","","","","","","","","","","","","","","","","","","","","","","","","","","","","","","","","","","","","","","",""
"CIFAR10_DTP_linear_DRL","","48.76219391822815","finished","-","","","2024-05-04T01:39:11.000Z","70","","","false","DTP","parameterized","tanh","uniform","difference","linear","","256","CIFAR10","4","1","5","5","identity","linear","","parameterized","tanh","orthogonal","linear","1024","3072","false","2","0.004","true","DRL","10","3","-1","0.01","0.008","true","linear","","","","","","","","","","","","","","","","","","","","","","","","","","","","","","","","","","","","","","","","","","","","",""
"CIFAR10_DTP_linear_L-DRL","","78.3848626613617","finished","-","","","2024-05-04T01:39:41.000Z","109","","","false","DTP","parameterized","tanh","uniform","difference","linear","","256","CIFAR10","4","1","5","5","identity","linear","","parameterized","tanh","orthogonal","linear","1024","3072","false","0.2","0.0004","true","L-DRL","10","2","-1","0.01","0.04","true","linear","","","","","","","","","","","","","","","","","","","","","","","","","","","","","","","","","","","","","","","","","","","","",""
"CIFAR10_BP","","7.816078186035156","finished","-","","","2024-05-04T01:40:22.000Z","26","","tanh","false","BP","identity","tanh","uniform","identity","linear","orthogonal","256","CIFAR10","4","1","5","5","identity","linear","orthogonal","identity","tanh","orthogonal","linear","1024","3072","false","0.001","0.001","true","DTP","10","5","-1","0.01","0.01","true","","","","","","","","","","","","","","","","","","","","","","","","","","","","","","","0.36776","1.818709135055542","0.3717","1.819905400276184","","","","","","","","","","","",""
"MNIST_BP","","8.424359798431396","finished","-","","","2024-05-04T01:40:23.000Z","35","","tanh","false","BP","identity","tanh","uniform","identity","linear","orthogonal","256","MNIST","6","1","5","5","identity","linear","orthogonal","identity","tanh","orthogonal","linear","256","784","false","0.1","0.001","true","DTP","10","6","-1","0.01","0.04","true","","","","","","","","","","","","","","","","","","","","","","","","","","","","","","","0.97275","0.08920342475175858","0.9585","0.12460600584745408","","","","","","","","","","","",""
"CIFAR10_DTP_linear_L-DRL","","53.92013001441955","finished","-","","","2024-05-04T01:40:29.000Z","79","","","false","DTP","parameterized","tanh","uniform","difference","linear","","256","CIFAR10","4","1","5","5","identity","linear","","parameterized","tanh","orthogonal","linear","1024","3072","false","0.2","0.0004","true","L-DRL","10","3","-1","0.01","0.04","true","linear","","","","","","","","","","","","","","","","","","","","","","","","","","","","","","","","","","","","","","","","","","","","",""
"CIFAR10_FWDTP-BN_linear-BN","","16.025285005569458","finished","-","","","2024-05-04T01:40:55.000Z","36","","","false","FWDTP-BN","random","tanh-BN","uniform","difference","linear-BN","","256","CIFAR10","4","1","5","5","identity","linear","","parameterized","tanh-BN","orthogonal","linear-BN","1024","3072","false","0.02","0.001","true","DTP","10","5","-1","0.01","0.01","true","linear-BN","","","","","","","","","","","","","","","","","","","","","","","","","","","","","","","","","","","","","","","","","","","","",""
"MNIST_FWDTP-BN_linear-BN","","21.476305723190308","finished","-","","","2024-05-04T01:41:06.000Z","39","","","false","FWDTP-BN","random","tanh-BN","uniform","difference","linear-BN","","256","MNIST","6","1","5","5","identity","linear","","parameterized","tanh-BN","orthogonal","linear-BN","256","784","false","0.1","0.001","true","DTP","10","6","-1","0.01","0.04","true","linear-BN","","","","","","","","","","","","","","","","","","","","","","","","","","","","","","","","","","","","","","","","","","","","",""
"CIFAR10_BP","","9.378659725189207","finished","-","","","2024-05-04T01:41:32.000Z","33","","tanh","false","BP","identity","tanh","uniform","identity","linear","orthogonal","256","CIFAR10","4","1","5","5","identity","linear","orthogonal","identity","tanh","orthogonal","linear","1024","3072","false","0.001","0.001","true","DTP","10","4","-1","0.01","0.01","true","","","","","","","","","","","","","","","","","","","","","","","","","","","","","","","0.37302","1.8162473440170288","0.368","1.8186802864074707","","","","","","","","","","","",""
"CIFAR10_DTP_linear_DTP","","25.851298332214355","finished","-","","","2024-05-04T01:41:38.000Z","44","","","false","DTP","parameterized","tanh","uniform","difference","linear","","256","CIFAR10","4","1","5","5","identity","linear","","parameterized","tanh","orthogonal","linear","1024","3072","false","4","0.004","true","DTP","10","5","-1","0.01","0.002","true","linear","","","","","","","","","","","","","","","","","","","","","","","","","","","","","","","","","","","","","","","","","","","","",""
"MNIST_DTP_linear_DTP","","35.66806435585022","finished","-","","","2024-05-04T01:41:52.000Z","52","","","false","DTP","parameterized","tanh","uniform","difference","linear","","256","MNIST","6","1","5","5","identity","linear","","parameterized","tanh","orthogonal","linear","256","784","false","4","0.002","true","DTP","10","6","-1","0.01","0.04","true","linear","","","","","","","","","","","","","","","","","","","","","","","","","","","","","","","","","","","","","","","","","","","","",""
"MNIST_BP","","8.789214611053467","finished","-","","","2024-05-04T01:42:12.000Z","27","","tanh","false","BP","identity","tanh","uniform","identity","linear","orthogonal","256","MNIST","6","1","5","5","identity","linear","orthogonal","identity","tanh","orthogonal","linear","256","784","false","0.1","0.001","true","DTP","10","7","-1","0.01","0.04","true","","","","","","","","","","","","","","","","","","","","","","","","","","","","","","","0.9836","0.05823846906423569","0.9729","0.08858662098646164","","","","","","","","","","","",""
"MNIST_BP","","10.07900333404541","finished","-","","","2024-05-04T01:42:12.000Z","29","","tanh","false","BP","identity","tanh","uniform","identity","linear","orthogonal","256","MNIST","6","1","5","5","identity","linear","orthogonal","identity","tanh","orthogonal","linear","256","784","false","0.1","0.001","true","DTP","10","9","-1","0.01","0.04","true","","","","","","","","","","","","","","","","","","","","","","","","","","","","","","","0.9828","0.06268228590488434","0.9721","0.09332819283008575","","","","","","","","","","","",""
"MNIST_BP","","10.630454778671265","finished","-","","","2024-05-04T01:42:13.000Z","36","","tanh","false","BP","identity","tanh","uniform","identity","linear","orthogonal","256","MNIST","6","1","5","5","identity","linear","orthogonal","identity","tanh","orthogonal","linear","256","784","false","0.1","0.001","true","DTP","10","8","-1","0.01","0.04","true","","","","","","","","","","","","","","","","","","","","","","","","","","","","","","","0.9774333333333334","0.07588806003332138","0.9664","0.10584957897663116","","","","","","","","","","","",""
"CIFAR10_FWDTP-BN_linear-BN","","28.522274494171143","finished","-","","","2024-05-04T01:42:13.000Z","52","","","false","FWDTP-BN","random","tanh-BN","uniform","difference","linear-BN","","256","CIFAR10","4","1","5","5","identity","linear","","parameterized","tanh-BN","orthogonal","linear-BN","1024","3072","false","0.02","0.001","true","DTP","10","4","-1","0.01","0.01","true","linear-BN","","","","","","","","","","","","","","","","","","","","","","","","","","","","","","","","","","","","","","","","","","","","",""
"CIFAR10_DTP_linear_DRL","","48.06275796890259","finished","-","","","2024-05-04T01:42:29.000Z","67","","","false","DTP","parameterized","tanh","uniform","difference","linear","","256","CIFAR10","4","1","5","5","identity","linear","","parameterized","tanh","orthogonal","linear","1024","3072","false","2","0.004","true","DRL","10","5","-1","0.01","0.008","true","linear","","","","","","","","","","","","","","","","","","","","","","","","","","","","","","","","","","","","","","","","","","","","",""
"MNIST_FWDTP-BN_linear-BN","","39.651068687438965","finished","-","","","2024-05-04T01:42:47.000Z","60","","","false","FWDTP-BN","random","tanh-BN","uniform","difference","linear-BN","","256","MNIST","6","1","5","5","identity","linear","","parameterized","tanh-BN","orthogonal","linear-BN","256","784","false","0.1","0.001","true","DTP","10","7","-1","0.01","0.04","true","linear-BN","","","","","","","","","","","","","","","","","","","","","","","","","","","","","","","","","","","","","","","","","","","","",""
"MNIST_FWDTP-BN_linear-BN","","38.09460091590881","finished","-","","","2024-05-04T01:42:50.000Z","57","","","false","FWDTP-BN","random","tanh-BN","uniform","difference","linear-BN","","256","MNIST","6","1","5","5","identity","linear","","parameterized","tanh-BN","orthogonal","linear-BN","256","784","false","0.1","0.001","true","DTP","10","9","-1","0.01","0.04","true","linear-BN","","","","","","","","","","","","","","","","","","","","","","","","","","","","","","","","","","","","","","","","","","","","",""
"MNIST_DTP_linear_DRL","","64.8609368801117","finished","-","","","2024-05-04T01:42:51.000Z","83","","","false","DTP","parameterized","tanh","uniform","difference","linear","","256","MNIST","6","1","5","5","identity","linear","","parameterized","tanh","orthogonal","linear","256","784","false","4","0.0002","true","DRL","10","6","-1","0.01","0.04","true","linear","","","","","","","","","","","","","","","","","","","","","","","","","","","","","","","","","","","","","","","","","","","","",""
"MNIST_FWDTP-BN_linear-BN","","53.31219100952149","finished","-","","","2024-05-04T01:42:58.000Z","82","","","false","FWDTP-BN","random","tanh-BN","uniform","difference","linear-BN","","256","MNIST","6","1","5","5","identity","linear","","parameterized","tanh-BN","orthogonal","linear-BN","256","784","false","0.1","0.001","true","DTP","10","8","-1","0.01","0.04","true","linear-BN","","","","","","","","","","","","","","","","","","","","","","","","","","","","","","","","","","","","","","","","","","","","",""
"CIFAR10_DTP_linear_DTP","","44.00088953971863","finished","-","","","2024-05-04T01:43:14.000Z","68","","","false","DTP","parameterized","tanh","uniform","difference","linear","","256","CIFAR10","4","1","5","5","identity","linear","","parameterized","tanh","orthogonal","linear","1024","3072","false","4","0.004","true","DTP","10","4","-1","0.01","0.002","true","linear","","","","","","","","","","","","","","","","","","","","","","","","","","","","","","","","","","","","","","","","","","","","",""
"CIFAR10_DTP_linear_L-DRL","","49.57314157485962","finished","-","","","2024-05-04T01:43:51.000Z","72","","","false","DTP","parameterized","tanh","uniform","difference","linear","","256","CIFAR10","4","1","5","5","identity","linear","","parameterized","tanh","orthogonal","linear","1024","3072","false","0.2","0.0004","true","L-DRL","10","5","-1","0.01","0.04","true","linear","","","","","","","","","","","","","","","","","","","","","","","","","","","","","","","","","","","","","","","","","","","","",""
"MNIST_DTP_linear_DTP","","57.9989116191864","finished","-","","","2024-05-04T01:44:01.000Z","80","","","false","DTP","parameterized","tanh","uniform","difference","linear","","256","MNIST","6","1","5","5","identity","linear","","parameterized","tanh","orthogonal","linear","256","784","false","4","0.002","true","DTP","10","7","-1","0.01","0.04","true","linear","","","","","","","","","","","","","","","","","","","","","","","","","","","","","","","","","","","","","","","","","","","","",""
"MNIST_DTP_linear_DTP","","59.740952014923096","finished","-","","","2024-05-04T01:44:01.000Z","80","","","false","DTP","parameterized","tanh","uniform","difference","linear","","256","MNIST","6","1","5","5","identity","linear","","parameterized","tanh","orthogonal","linear","256","784","false","4","0.002","true","DTP","10","9","-1","0.01","0.04","true","linear","","","","","","","","","","","","","","","","","","","","","","","","","","","","","","","","","","","","","","","","","","","","",""
"MNIST_DTP_linear_L-DRL","","60.64594030380249","finished","-","","","2024-05-04T01:44:23.000Z","80","","","false","DTP","parameterized","tanh","uniform","difference","linear","","256","MNIST","6","1","5","5","identity","linear","","parameterized","tanh","orthogonal","linear","256","784","false","4","0.0002","true","L-DRL","10","6","-1","0.01","0.04","true","linear","","","","","","","","","","","","","","","","","","","","","","","","","","","","","","","","","","","","","","","","","","","","",""
"MNIST_DTP_linear_DTP","","83.6575677394867","finished","-","","","2024-05-04T01:44:31.000Z","110","","","false","DTP","parameterized","tanh","uniform","difference","linear","","256","MNIST","6","1","5","5","identity","linear","","parameterized","tanh","orthogonal","linear","256","784","false","4","0.002","true","DTP","10","8","-1","0.01","0.04","true","linear","","","","","","","","","","","","","","","","","","","","","","","","","","","","","","","","","","","","","","","","","","","","",""
"CIFAR10_DTP_linear_DRL","","72.44806623458862","finished","-","","","2024-05-04T01:44:34.000Z","97","","","false","DTP","parameterized","tanh","uniform","difference","linear","","256","CIFAR10","4","1","5","5","identity","linear","","parameterized","tanh","orthogonal","linear","1024","3072","false","2","0.004","true","DRL","10","4","-1","0.01","0.008","true","linear","","","","","","","","","","","","","","","","","","","","","","","","","","","","","","","","","","","","","","","","","","","","",""
"MNIST_DTP_linear_DRL","","130.15139937400818","finished","-","","","2024-05-04T01:45:28.000Z","149","","","false","DTP","parameterized","tanh","uniform","difference","linear","","256","MNIST","6","1","5","5","identity","linear","","parameterized","tanh","orthogonal","linear","256","784","false","4","0.0002","true","DRL","10","7","-1","0.01","0.04","true","linear","","","","","","","","","","","","","","","","","","","","","","","","","","","","","","","","","","","","","","","","","","","","",""
"MNIST_DTP_linear_DRL","","133.70940279960632","finished","-","","","2024-05-04T01:45:28.000Z","153","","","false","DTP","parameterized","tanh","uniform","difference","linear","","256","MNIST","6","1","5","5","identity","linear","","parameterized","tanh","orthogonal","linear","256","784","false","4","0.0002","true","DRL","10","9","-1","0.01","0.04","true","linear","","","","","","","","","","","","","","","","","","","","","","","","","","","","","","","","","","","","","","","","","","","","",""
"MNIST_BP","","9.185470581054688","finished","-","","","2024-05-04T01:45:38.000Z","30","","tanh","false","BP","identity","tanh","uniform","identity","linear","orthogonal","256","MNIST","6","1","5","5","identity","linear","orthogonal","identity","tanh","orthogonal","linear","256","784","false","0.1","0.001","true","DTP","10","10","-1","0.01","0.04","true","","","","","","","","","","","","","","","","","","","","","","","","","","","","","","","0.97975","0.07066503167152405","0.9667","0.1052892804145813","","","","","","","","","","","",""
"CIFAR10_BP","","7.0086352825164795","finished","-","","","2024-05-04T01:45:50.000Z","28","","tanh","false","BP","identity","tanh","uniform","identity","linear","orthogonal","256","CIFAR10","4","1","5","5","identity","linear","orthogonal","identity","tanh","orthogonal","linear","1024","3072","false","0.001","0.001","true","DTP","10","6","-1","0.01","0.01","true","","","","","","","","","","","","","","","","","","","","","","","","","","","","","","","0.36828","1.8178220987319944","0.3742","1.8184757232666016","","","","","","","","","","","",""
"MNIST_FWDTP-BN_linear-BN","","32.75558567047119","finished","-","","","2024-05-04T01:46:16.000Z","50","","","false","FWDTP-BN","random","tanh-BN","uniform","difference","linear-BN","","256","MNIST","6","1","5","5","identity","linear","","parameterized","tanh-BN","orthogonal","linear-BN","256","784","false","0.1","0.001","true","DTP","10","10","-1","0.01","0.04","true","linear-BN","","","","","","","","","","","","","","","","","","","","","","","","","","","","","","","","","","","","","","","","","","","","",""
"CIFAR10_DTP_linear_L-DRL","","77.55256414413452","finished","-","","","2024-05-04T01:46:22.000Z","102","","","false","DTP","parameterized","tanh","uniform","difference","linear","","256","CIFAR10","4","1","5","5","identity","linear","","parameterized","tanh","orthogonal","linear","1024","3072","false","0.2","0.0004","true","L-DRL","10","4","-1","0.01","0.04","true","linear","","","","","","","","","","","","","","","","","","","","","","","","","","","","","","","","","","","","","","","","","","","","",""
"CIFAR10_FWDTP-BN_linear-BN","","13.562877416610718","finished","-","","","2024-05-04T01:46:26.000Z","31","","","false","FWDTP-BN","random","tanh-BN","uniform","difference","linear-BN","","256","CIFAR10","4","1","5","5","identity","linear","","parameterized","tanh-BN","orthogonal","linear-BN","1024","3072","false","0.02","0.001","true","DTP","10","6","-1","0.01","0.01","true","linear-BN","","","","","","","","","","","","","","","","","","","","","","","","","","","","","","","","","","","","","","","","","","","","",""
"MNIST_DTP_linear_DRL","","190.18529272079468","finished","-","","","2024-05-04T01:46:32.000Z","220","","","false","DTP","parameterized","tanh","uniform","difference","linear","","256","MNIST","6","1","5","5","identity","linear","","parameterized","tanh","orthogonal","linear","256","784","false","4","0.0002","true","DRL","10","8","-1","0.01","0.04","true","linear","","","","","","","","","","","","","","","","","","","","","","","","","","","","","","","","","","","","","","","","","","","","",""
"CIFAR10_DTP_linear_DTP","","19.990741968154907","finished","-","","","2024-05-04T01:47:03.000Z","39","","","false","DTP","parameterized","tanh","uniform","difference","linear","","256","CIFAR10","4","1","5","5","identity","linear","","parameterized","tanh","orthogonal","linear","1024","3072","false","4","0.004","true","DTP","10","6","-1","0.01","0.002","true","linear","","","","","","","","","","","","","","","","","","","","","","","","","","","","","","","","","","","","","","","","","","","","",""
"MNIST_DTP_linear_DTP","","60.719332456588745","finished","-","","","2024-05-04T01:47:16.000Z","81","","","false","DTP","parameterized","tanh","uniform","difference","linear","","256","MNIST","6","1","5","5","identity","linear","","parameterized","tanh","orthogonal","linear","256","784","false","4","0.002","true","DTP","10","10","-1","0.01","0.04","true","linear","","","","","","","","","","","","","","","","","","","","","","","","","","","","","","","","","","","","","","","","","","","","",""
"CIFAR10_DTP_linear_DRL","","31.55042815208435","finished","-","","","2024-05-04T01:47:48.000Z","49","","","false","DTP","parameterized","tanh","uniform","difference","linear","","256","CIFAR10","4","1","5","5","identity","linear","","parameterized","tanh","orthogonal","linear","1024","3072","false","2","0.004","true","DRL","10","6","-1","0.01","0.008","true","linear","","","","","","","","","","","","","","","","","","","","","","","","","","","","","","","","","","","","","","","","","","","","",""
"MNIST_DTP_linear_L-DRL","","105.9920208454132","finished","-","","","2024-05-04T01:48:10.000Z","130","","","false","DTP","parameterized","tanh","uniform","difference","linear","","256","MNIST","6","1","5","5","identity","linear","","parameterized","tanh","orthogonal","linear","256","784","false","4","0.0002","true","L-DRL","10","9","-1","0.01","0.04","true","linear","","","","","","","","","","","","","","","","","","","","","","","","","","","","","","","","","","","","","","","","","","","","",""
"MNIST_DTP_linear_L-DRL","","104.10249781608582","finished","-","","","2024-05-04T01:48:10.000Z","126","","","false","DTP","parameterized","tanh","uniform","difference","linear","","256","MNIST","6","1","5","5","identity","linear","","parameterized","tanh","orthogonal","linear","256","784","false","4","0.0002","true","L-DRL","10","7","-1","0.01","0.04","true","linear","","","","","","","","","","","","","","","","","","","","","","","","","","","","","","","","","","","","","","","","","","","","",""
"CIFAR10_DTP_linear_L-DRL","","29.19658160209656","finished","-","","","2024-05-04T01:48:44.000Z","46","","","false","DTP","parameterized","tanh","uniform","difference","linear","","256","CIFAR10","4","1","5","5","identity","linear","","parameterized","tanh","orthogonal","linear","1024","3072","false","0.2","0.0004","true","L-DRL","10","6","-1","0.01","0.04","true","linear","","","","","","","","","","","","","","","","","","","","","","","","","","","","","","","","","","","","","","","","","","","","",""
"MNIST_DTP_linear_DRL","","110.59306240081789","finished","-","","","2024-05-04T01:48:48.000Z","130","","","false","DTP","parameterized","tanh","uniform","difference","linear","","256","MNIST","6","1","5","5","identity","linear","","parameterized","tanh","orthogonal","linear","256","784","false","4","0.0002","true","DRL","10","10","-1","0.01","0.04","true","linear","","","","","","","","","","","","","","","","","","","","","","","","","","","","","","","","","","","","","","","","","","","","",""
"MNIST_DTP_linear_L-DRL","","150.61544132232666","finished","-","","","2024-05-04T01:50:23.000Z","176","","","false","DTP","parameterized","tanh","uniform","difference","linear","","256","MNIST","6","1","5","5","identity","linear","","parameterized","tanh","orthogonal","linear","256","784","false","4","0.0002","true","L-DRL","10","8","-1","0.01","0.04","true","linear","","","","","","","","","","","","","","","","","","","","","","","","","","","","","","","","","","","","","","","","","","","","",""
"CIFAR10_BP","","9.382448673248293","finished","-","","","2024-05-04T01:50:26.000Z","33","","tanh","false","BP","identity","tanh","uniform","identity","linear","orthogonal","256","CIFAR10","4","1","5","5","identity","linear","orthogonal","identity","tanh","orthogonal","linear","1024","3072","false","0.001","0.001","true","DTP","10","7","-1","0.01","0.01","true","","","","","","","","","","","","","","","","","","","","","","","","","","","","","","","0.37152","1.816752314567566","0.3679","1.821138620376587","","","","","","","","","","","",""
"CIFAR10_BP","","12.23996114730835","finished","-","","","2024-05-04T01:50:27.000Z","34","","tanh","false","BP","identity","tanh","uniform","identity","linear","orthogonal","256","CIFAR10","4","1","5","5","identity","linear","orthogonal","identity","tanh","orthogonal","linear","1024","3072","false","0.001","0.001","true","DTP","10","9","-1","0.01","0.01","true","","","","","","","","","","","","","","","","","","","","","","","","","","","","","","","0.3664","1.8205783367156985","0.3671","1.8223061561584473","","","","","","","","","","","",""
"CIFAR10_FWDTP-BN_linear-BN","","23.96043372154236","finished","-","","","2024-05-04T01:51:07.000Z","46","","","false","FWDTP-BN","random","tanh-BN","uniform","difference","linear-BN","","256","CIFAR10","4","1","5","5","identity","linear","","parameterized","tanh-BN","orthogonal","linear-BN","1024","3072","false","0.02","0.001","true","DTP","10","7","-1","0.01","0.01","true","linear-BN","","","","","","","","","","","","","","","","","","","","","","","","","","","","","","","","","","","","","","","","","","","","",""
"CIFAR10_FWDTP-BN_linear-BN","","23.503706455230713","finished","-","","","2024-05-04T01:51:09.000Z","46","","","false","FWDTP-BN","random","tanh-BN","uniform","difference","linear-BN","","256","CIFAR10","4","1","5","5","identity","linear","","parameterized","tanh-BN","orthogonal","linear-BN","1024","3072","false","0.02","0.001","true","DTP","10","9","-1","0.01","0.01","true","linear-BN","","","","","","","","","","","","","","","","","","","","","","","","","","","","","","","","","","","","","","","","","","","","",""
"MNIST_DTP_linear_L-DRL","","93.35396599769592","finished","-","","","2024-05-04T01:51:12.000Z","116","","","false","DTP","parameterized","tanh","uniform","difference","linear","","256","MNIST","6","1","5","5","identity","linear","","parameterized","tanh","orthogonal","linear","256","784","false","4","0.0002","true","L-DRL","10","10","-1","0.01","0.04","true","linear","","","","","","","","","","","","","","","","","","","","","","","","","","","","","","","","","","","","","","","","","","","","",""
"CIFAR10_DTP_linear_DTP","","30.579185247421265","finished","-","","","2024-05-04T01:52:04.000Z","52","","","false","DTP","parameterized","tanh","uniform","difference","linear","","256","CIFAR10","4","1","5","5","identity","linear","","parameterized","tanh","orthogonal","linear","1024","3072","false","4","0.004","true","DTP","10","7","-1","0.01","0.002","true","linear","","","","","","","","","","","","","","","","","","","","","","","","","","","","","","","","","","","","","","","","","","","","",""
"CIFAR10_DTP_linear_DTP","","38.96238327026367","finished","-","","","2024-05-04T01:52:04.000Z","60","","","false","DTP","parameterized","tanh","uniform","difference","linear","","256","CIFAR10","4","1","5","5","identity","linear","","parameterized","tanh","orthogonal","linear","1024","3072","false","4","0.004","true","DTP","10","9","-1","0.01","0.002","true","linear","","","","","","","","","","","","","","","","","","","","","","","","","","","","","","","","","","","","","","","","","","","","",""
"CIFAR10_DTP_linear_DRL","","48.99365162849426","finished","-","","","2024-05-04T01:53:03.000Z","72","","","false","DTP","parameterized","tanh","uniform","difference","linear","","256","CIFAR10","4","1","5","5","identity","linear","","parameterized","tanh","orthogonal","linear","1024","3072","false","2","0.004","true","DRL","10","7","-1","0.01","0.008","true","linear","","","","","","","","","","","","","","","","","","","","","","","","","","","","","","","","","","","","","","","","","","","","",""
"CIFAR10_DTP_linear_DRL","","53.31234574317932","finished","-","","","2024-05-04T01:53:11.000Z","76","","","false","DTP","parameterized","tanh","uniform","difference","linear","","256","CIFAR10","4","1","5","5","identity","linear","","parameterized","tanh","orthogonal","linear","1024","3072","false","2","0.004","true","DRL","10","9","-1","0.01","0.008","true","linear","","","","","","","","","","","","","","","","","","","","","","","","","","","","","","","","","","","","","","","","","","","","",""
"CIFAR10_BP","","9.127321720123293","finished","-","","","2024-05-04T01:53:21.000Z","32","","tanh","false","BP","identity","tanh","uniform","identity","linear","orthogonal","256","CIFAR10","4","1","5","5","identity","linear","orthogonal","identity","tanh","orthogonal","linear","1024","3072","false","0.001","0.001","true","DTP","10","10","-1","0.01","0.01","true","","","","","","","","","","","","","","","","","","","","","","","","","","","","","","","0.37042","1.8140647411346436","0.3737","1.8174091577529907","","","","","","","","","","","",""
"CIFAR10_BP","","12.152580976486206","finished","-","","","2024-05-04T01:53:30.000Z","43","","tanh","false","BP","identity","tanh","uniform","identity","linear","orthogonal","256","CIFAR10","4","1","5","5","identity","linear","orthogonal","identity","tanh","orthogonal","linear","1024","3072","false","0.001","0.001","true","DTP","10","8","-1","0.01","0.01","true","","","","","","","","","","","","","","","","","","","","","","","","","","","","","","","0.369","1.82212495803833","0.367","1.824105978012085","","","","","","","","","","","",""
"CIFAR10_FWDTP-BN_linear-BN","","19.713130474090576","finished","-","","","2024-05-04T01:54:00.000Z","39","","","false","FWDTP-BN","random","tanh-BN","uniform","difference","linear-BN","","256","CIFAR10","4","1","5","5","identity","linear","","parameterized","tanh-BN","orthogonal","linear-BN","1024","3072","false","0.02","0.001","true","DTP","10","10","-1","0.01","0.01","true","linear-BN","","","","","","","","","","","","","","","","","","","","","","","","","","","","","","","","","","","","","","","","","","","","",""
"CIFAR10_FWDTP-BN_linear-BN","","34.50067067146301","finished","-","","","2024-05-04T01:54:22.000Z","63","","","false","FWDTP-BN","random","tanh-BN","uniform","difference","linear-BN","","256","CIFAR10","4","1","5","5","identity","linear","","parameterized","tanh-BN","orthogonal","linear-BN","1024","3072","false","0.02","0.001","true","DTP","10","8","-1","0.01","0.01","true","linear-BN","","","","","","","","","","","","","","","","","","","","","","","","","","","","","","","","","","","","","","","","","","","","",""
"CIFAR10_DTP_linear_L-DRL","","55.04187870025635","finished","-","","","2024-05-04T01:54:23.000Z","76","","","false","DTP","parameterized","tanh","uniform","difference","linear","","256","CIFAR10","4","1","5","5","identity","linear","","parameterized","tanh","orthogonal","linear","1024","3072","false","0.2","0.0004","true","L-DRL","10","7","-1","0.01","0.04","true","linear","","","","","","","","","","","","","","","","","","","","","","","","","","","","","","","","","","","","","","","","","","","","",""
"CIFAR10_DTP_linear_L-DRL","","58.75541543960571","finished","-","","","2024-05-04T01:54:34.000Z","82","","","false","DTP","parameterized","tanh","uniform","difference","linear","","256","CIFAR10","4","1","5","5","identity","linear","","parameterized","tanh","orthogonal","linear","1024","3072","false","0.2","0.0004","true","L-DRL","10","9","-1","0.01","0.04","true","linear","","","","","","","","","","","","","","","","","","","","","","","","","","","","","","","","","","","","","","","","","","","","",""
"CIFAR10_DTP_linear_DTP","","33.17068648338318","finished","-","","","2024-05-04T01:54:50.000Z","53","","","false","DTP","parameterized","tanh","uniform","difference","linear","","256","CIFAR10","4","1","5","5","identity","linear","","parameterized","tanh","orthogonal","linear","1024","3072","false","4","0.004","true","DTP","10","10","-1","0.01","0.002","true","linear","","","","","","","","","","","","","","","","","","","","","","","","","","","","","","","","","","","","","","","","","","","","",""
"CIFAR10_DTP_linear_DTP","","42.171244859695435","finished","-","","","2024-05-04T01:55:36.000Z","71","","","false","DTP","parameterized","tanh","uniform","difference","linear","","256","CIFAR10","4","1","5","5","identity","linear","","parameterized","tanh","orthogonal","linear","1024","3072","false","4","0.004","true","DTP","10","8","-1","0.01","0.002","true","linear","","","","","","","","","","","","","","","","","","","","","","","","","","","","","","","","","","","","","","","","","","","","",""
"CIFAR10_DTP_linear_DRL","","47.992469787597656","finished","-","","","2024-05-04T01:55:51.000Z","70","","","false","DTP","parameterized","tanh","uniform","difference","linear","","256","CIFAR10","4","1","5","5","identity","linear","","parameterized","tanh","orthogonal","linear","1024","3072","false","2","0.004","true","DRL","10","10","-1","0.01","0.008","true","linear","","","","","","","","","","","","","","","","","","","","","","","","","","","","","","","","","","","","","","","","","","","","",""
"CIFAR10_DTP_linear_DRL","","74.7826795578003","finished","-","","","2024-05-04T01:56:56.000Z","105","","","false","DTP","parameterized","tanh","uniform","difference","linear","","256","CIFAR10","4","1","5","5","identity","linear","","parameterized","tanh","orthogonal","linear","1024","3072","false","2","0.004","true","DRL","10","8","-1","0.01","0.008","true","linear","","","","","","","","","","","","","","","","","","","","","","","","","","","","","","","","","","","","","","","","","","","","",""
"CIFAR10_DTP_linear_L-DRL","","49.75737738609314","finished","-","","","2024-05-04T01:57:12.000Z","72","","","false","DTP","parameterized","tanh","uniform","difference","linear","","256","CIFAR10","4","1","5","5","identity","linear","","parameterized","tanh","orthogonal","linear","1024","3072","false","0.2","0.0004","true","L-DRL","10","10","-1","0.01","0.04","true","linear","","","","","","","","","","","","","","","","","","","","","","","","","","","","","","","","","","","","","","","","","","","","",""
"CIFAR10_DTP_linear_L-DRL","","83.01436352729797","finished","-","","","2024-05-04T01:58:52.000Z","114","","","false","DTP","parameterized","tanh","uniform","difference","linear","","256","CIFAR10","4","1","5","5","identity","linear","","parameterized","tanh","orthogonal","linear","1024","3072","false","0.2","0.0004","true","L-DRL","10","8","-1","0.01","0.04","true","linear","","","","","","","","","","","","","","","","","","","","","","","","","","","","","","","","","","","","","","","","","","","","",""
"MNIST_classification_CCL","48.49108409881592","","finished","-","","","2024-05-04T02:08:21.000Z","71","","","","","","","","","","","","MNIST","","","5","","","","","","","","","","","","","","","","","5","","","","","","0","elu","elu","simple_linear","256","zero","1","0","0.001","0","0","1","1","0.5","0.5","0.5","CCL","0","0","train","1","SGD","classification","none","0","100","0","0","./yaml/linear_mnist_ccl.yaml","","","","","","","","","","","","","","","",""
"MNIST_classification_CCL","46.73896408081055","","finished","-","","","2024-05-04T02:08:21.000Z","66","","","","","","","","","","","","MNIST","","","5","","","","","","","","","","","","","","","","","1","","","","","","0","elu","elu","simple_linear","256","zero","1","0","0.001","0","0","1","1","0.5","0.5","0.5","CCL","0","0","train","1","SGD","classification","none","0","100","0","0","./yaml/linear_mnist_ccl.yaml","","","","","","","","","","","","","","","",""
"MNIST_classification_CCL","44.51250910758972","","finished","-","","","2024-05-04T02:08:22.000Z","64","","","","","","","","","","","","MNIST","","","5","","","","","","","","","","","","","","","","","2","","","","","","0","elu","elu","simple_linear","256","zero","1","0","0.001","0","0","1","1","0.5","0.5","0.5","CCL","0","0","train","1","SGD","classification","none","0","100","0","0","./yaml/linear_mnist_ccl.yaml","","","","","","","","","","","","","","","",""
"MNIST_classification_CCL","","","crashed","-","","","2024-05-04T02:08:24.000Z","2","","","","","","","","","","","","MNIST","","","5","","","","","","","","","","","","","","","","","3","","","","","","0","elu","elu","simple_linear","256","zero","1","0","0.001","0","0","1","1","0.5","0.5","0.5","CCL","0","0","train","1","SGD","classification","none","0","100","0","0","./yaml/linear_mnist_ccl.yaml","","","","","","","","","","","","","","","",""
"MNIST_classification_CCL","70.01218891143799","","finished","-","","","2024-05-04T02:08:24.000Z","91","","","","","","","","","","","","MNIST","","","5","","","","","","","","","","","","","","","","","0","","","","","","0","elu","elu","simple_linear","256","zero","1","0","0.001","0","0","1","1","0.5","0.5","0.5","CCL","0","0","train","1","SGD","classification","none","0","100","0","0","./yaml/linear_mnist_ccl.yaml","","","","","","","","","","","","","","","",""
"MNIST_classification_CCL","","","crashed","-","","","2024-05-04T02:08:25.000Z","2","","","","","","","","","","","","MNIST","","","5","","","","","","","","","","","","","","","","","4","","","","","","0","elu","elu","simple_linear","256","zero","1","0","0.001","0","0","1","1","0.5","0.5","0.5","CCL","0","0","train","1","SGD","classification","none","0","100","0","0","./yaml/linear_mnist_ccl.yaml","","","","","","","","","","","","","","","",""
"MNIST_classification_CCL","35.67994689941406","","finished","-","","","2024-05-04T02:08:52.000Z","49","","","","","","","","","","","","MNIST","","","5","","","","","","","","","","","","","","","","","6","","","","","","0","elu","elu","simple_linear","256","zero","1","0","0.001","0","0","1","1","0.5","0.5","0.5","CCL","0","0","train","1","SGD","classification","none","0","100","0","0","./yaml/linear_mnist_ccl.yaml","","","","","","","","","","","","","","","",""
"MNIST_classification_CCL","43.824334144592285","","finished","-","","","2024-05-04T02:08:52.000Z","71","","","","","","","","","","","","MNIST","","","5","","","","","","","","","","","","","","","","","8","","","","","","0","elu","elu","simple_linear","256","zero","1","0","0.001","0","0","1","1","0.5","0.5","0.5","CCL","0","0","train","1","SGD","classification","none","0","100","0","0","./yaml/linear_mnist_ccl.yaml","","","","","","","","","","","","","","","",""
"MNIST_classification_CCL","47.23957538604736","","finished","-","","","2024-05-04T02:09:01.000Z","67","","","","","","","","","","","","MNIST","","","5","","","","","","","","","","","","","","","","","7","","","","","","0","elu","elu","simple_linear","256","zero","1","0","0.001","0","0","1","1","0.5","0.5","0.5","CCL","0","0","train","1","SGD","classification","none","0","100","0","0","./yaml/linear_mnist_ccl.yaml","","","","","","","","","","","","","","","",""
"MNIST_classification_BP","39.870800256729126","","finished","-","","","2024-05-04T02:09:34.000Z","58","","","","","","","","","","","","MNIST","","","5","","","","","","","","","","","","","","","","","2","","","","","","0","tanh","tanh","simple_linear","256","none","1","2","0.001","0","0","0","0","0.5","0.1","0.05","BP","0","0","train","1","SGD","classification","none","0","0","0","0","./yaml/linear_mnist_bp.yaml","","","","","","","","","","","","","","","",""
"MNIST_classification_BP","40.725435972213745","","finished","-","","","2024-05-04T02:09:35.000Z","59","","","","","","","","","","","","MNIST","","","5","","","","","","","","","","","","","","","","","1","","","","","","0","tanh","tanh","simple_linear","256","none","1","2","0.001","0","0","0","0","0.5","0.1","0.05","BP","0","0","train","1","SGD","classification","none","0","0","0","0","./yaml/linear_mnist_bp.yaml","","","","","","","","","","","","","","","",""
"MNIST_classification_BP","42.65687704086304","","finished","-","","","2024-05-04T02:09:40.000Z","61","","","","","","","","","","","","MNIST","","","5","","","","","","","","","","","","","","","","","5","","","","","","0","tanh","tanh","simple_linear","256","none","1","2","0.001","0","0","0","0","0.5","0.1","0.05","BP","0","0","train","1","SGD","classification","none","0","0","0","0","./yaml/linear_mnist_bp.yaml","","","","","","","","","","","","","","","",""
"MNIST_classification_BP","32.13283610343933","","finished","-","","","2024-05-04T02:09:46.000Z","44","","","","","","","","","","","","MNIST","","","5","","","","","","","","","","","","","","","","","6","","","","","","0","tanh","tanh","simple_linear","256","none","1","2","0.001","0","0","0","0","0.5","0.1","0.05","BP","0","0","train","1","SGD","classification","none","0","0","0","0","./yaml/linear_mnist_bp.yaml","","","","","","","","","","","","","","","",""
"MNIST_classification_BP","64.21832728385925","","finished","-","","","2024-05-04T02:10:04.000Z","85","","","","","","","","","","","","MNIST","","","5","","","","","","","","","","","","","","","","","0","","","","","","0","tanh","tanh","simple_linear","256","none","1","2","0.001","0","0","0","0","0.5","0.1","0.05","BP","0","0","train","1","SGD","classification","none","0","0","0","0","./yaml/linear_mnist_bp.yaml","","","","","","","","","","","","","","","",""
"MNIST_classification_BP","39.3550341129303","","finished","-","","","2024-05-04T02:10:11.000Z","67","","","","","","","","","","","","MNIST","","","5","","","","","","","","","","","","","","","","","8","","","","","","0","tanh","tanh","simple_linear","256","none","1","2","0.001","0","0","0","0","0.5","0.1","0.05","BP","0","0","train","1","SGD","classification","none","0","0","0","0","./yaml/linear_mnist_bp.yaml","","","","","","","","","","","","","","","",""
"MNIST_classification_BP","41.25896406173706","","finished","-","","","2024-05-04T02:10:22.000Z","63","","","","","","","","","","","","MNIST","","","5","","","","","","","","","","","","","","","","","7","","","","","","0","tanh","tanh","simple_linear","256","none","1","2","0.001","0","0","0","0","0.5","0.1","0.05","BP","0","0","train","1","SGD","classification","none","0","0","0","0","./yaml/linear_mnist_bp.yaml","","","","","","","","","","","","","","","",""
"CIFAR10_classification_CCL","51.8179132938385","","finished","-","","","2024-05-04T02:10:37.000Z","66","","","","","","","","","","","","CIFAR10","","","5","","","","","","","","","","","","","","","","","6","","","","","","0","elu","elu","simple_linear","256","zero","1","0","0.001","0","0","1","1","0.5","0.5","0.5","CCL","0","0","train","3","SGD","classification","none","0","100","0","0","./yaml/linear_cifar10_ccl.yaml","","","","","","","","","","","","","","","",""
"CIFAR10_classification_CCL","70.97995042800903","","finished","-","","","2024-05-04T02:10:40.000Z","92","","","","","","","","","","","","CIFAR10","","","5","","","","","","","","","","","","","","","","","2","","","","","","0","elu","elu","simple_linear","256","zero","1","0","0.001","0","0","1","1","0.5","0.5","0.5","CCL","0","0","train","3","SGD","classification","none","0","100","0","0","./yaml/linear_cifar10_ccl.yaml","","","","","","","","","","","","","","","",""
"CIFAR10_classification_CCL","71.63563108444214","","finished","-","","","2024-05-04T02:10:46.000Z","93","","","","","","","","","","","","CIFAR10","","","5","","","","","","","","","","","","","","","","","1","","","","","","0","elu","elu","simple_linear","256","zero","1","0","0.001","0","0","1","1","0.5","0.5","0.5","CCL","0","0","train","3","SGD","classification","none","0","100","0","0","./yaml/linear_cifar10_ccl.yaml","","","","","","","","","","","","","","","",""
"CIFAR10_classification_CCL","77.31341576576233","","finished","-","","","2024-05-04T02:10:49.000Z","97","","","","","","","","","","","","CIFAR10","","","5","","","","","","","","","","","","","","","","","5","","","","","","0","elu","elu","simple_linear","256","zero","1","0","0.001","0","0","1","1","0.5","0.5","0.5","CCL","0","0","train","3","SGD","classification","none","0","100","0","0","./yaml/linear_cifar10_ccl.yaml","","","","","","","","","","","","","","","",""
"CIFAR10_classification_CCL","381.43427062034607","","finished","-","","","2024-05-04T02:11:26.000Z","400","","","","","","","","","","","","CIFAR10","","","5","","","","","","","","","","","","","","","","","8","","","","","","0","elu","elu","simple_linear","256","zero","1","0","0.001","0","0","1","1","0.5","0.5","0.5","CCL","0","0","train","3","SGD","classification","none","0","100","0","0","./yaml/linear_cifar10_ccl.yaml","","","","","","","","","","","","","","","",""
"CIFAR10_classification_CCL","52.34317970275879","","finished","-","","","2024-05-04T02:11:37.000Z","74","","","","","","","","","","","","CIFAR10","","","5","","","","","","","","","","","","","","","","","7","","","","","","0","elu","elu","simple_linear","256","zero","1","0","0.001","0","0","1","1","0.5","0.5","0.5","CCL","0","0","train","3","SGD","classification","none","0","100","0","0","./yaml/linear_cifar10_ccl.yaml","","","","","","","","","","","","","","","",""
"CIFAR10_classification_CCL","108.76210236549376","","finished","-","","","2024-05-04T02:11:39.000Z","132","","","","","","","","","","","","CIFAR10","","","5","","","","","","","","","","","","","","","","","0","","","","","","0","elu","elu","simple_linear","256","zero","1","0","0.001","0","0","1","1","0.5","0.5","0.5","CCL","0","0","train","3","SGD","classification","none","0","100","0","0","./yaml/linear_cifar10_ccl.yaml","","","","","","","","","","","","","","","",""
"CIFAR10_classification_BP","50.319764375686646","","finished","-","","","2024-05-04T02:11:49.000Z","65","","","","","","","","","","","","CIFAR10","","","5","","","","","","","","","","","","","","","","","6","","","","","","0","tanh","tanh","simple_linear","256","none","1","2","0.001","0","0","0","0","0.5","0.2","0.05","BP","0","0","train","3","SGD","classification","none","0","0","0","0","./yaml/linear_cifar10_bp.yaml","","","","","","","","","","","","","","","",""
"CIFAR10_classification_BP","67.57238841056824","","finished","-","","","2024-05-04T02:12:20.000Z","87","","","","","","","","","","","","CIFAR10","","","5","","","","","","","","","","","","","","","","","2","","","","","","0","tanh","tanh","simple_linear","256","none","1","2","0.001","0","0","0","0","0.5","0.2","0.05","BP","0","0","train","3","SGD","classification","none","0","0","0","0","./yaml/linear_cifar10_bp.yaml","","","","","","","","","","","","","","","",""
"CIFAR10_classification_BP","70.38235974311829","","finished","-","","","2024-05-04T02:12:28.000Z","90","","","","","","","","","","","","CIFAR10","","","5","","","","","","","","","","","","","","","","","1","","","","","","0","tanh","tanh","simple_linear","256","none","1","2","0.001","0","0","0","0","0.5","0.2","0.05","BP","0","0","train","3","SGD","classification","none","0","0","0","0","./yaml/linear_cifar10_bp.yaml","","","","","","","","","","","","","","","",""
"CIFAR10_classification_BP","73.34319233894348","","finished","-","","","2024-05-04T02:12:33.000Z","94","","","","","","","","","","","","CIFAR10","","","5","","","","","","","","","","","","","","","","","5","","","","","","0","tanh","tanh","simple_linear","256","none","1","2","0.001","0","0","0","0","0.5","0.2","0.05","BP","0","0","train","3","SGD","classification","none","0","0","0","0","./yaml/linear_cifar10_bp.yaml","","","","","","","","","","","","","","","",""
"CIFAR10_classification_BP","51.83987998962402","","finished","-","","","2024-05-04T02:13:03.000Z","74","","","","","","","","","","","","CIFAR10","","","5","","","","","","","","","","","","","","","","","7","","","","","","0","tanh","tanh","simple_linear","256","none","1","2","0.001","0","0","0","0","0.5","0.2","0.05","BP","0","0","train","3","SGD","classification","none","0","0","0","0","./yaml/linear_cifar10_bp.yaml","","","","","","","","","","","","","","","",""
"MNIST_classification_CCL","35.957157135009766","","finished","-","","","2024-05-04T02:13:28.000Z","49","","","","","","","","","","","","MNIST","","","5","","","","","","","","","","","","","","","","","9","","","","","","0","elu","elu","simple_linear","256","zero","1","0","0.001","0","0","1","1","0.5","0.5","0.5","CCL","0","0","train","1","SGD","classification","none","0","100","0","0","./yaml/linear_mnist_ccl.yaml","","","","","","","","","","","","","","","",""
"MNIST_classification_CCL","44.48584270477295","","finished","-","","","2024-05-04T02:14:00.000Z","63","","","","","","","","","","","","MNIST","","","5","","","","","","","","","","","","","","","","","3","","","","","","0","elu","elu","simple_linear","256","zero","1","0","0.001","0","0","1","1","0.5","0.5","0.5","CCL","0","0","train","1","SGD","classification","none","0","100","0","0","./yaml/linear_mnist_ccl.yaml","","","","","","","","","","","","","","","",""
"CIFAR10_classification_BP","103.71710443496704","","finished","-","","","2024-05-04T02:14:00.000Z","128","","","","","","","","","","","","CIFAR10","","","5","","","","","","","","","","","","","","","","","0","","","","","","0","tanh","tanh","simple_linear","256","none","1","2","0.001","0","0","0","0","0.5","0.2","0.05","BP","0","0","train","3","SGD","classification","none","0","0","0","0","./yaml/linear_cifar10_bp.yaml","","","","","","","","","","","","","","","",""
"MNIST_classification_BP","32.259247064590454","","finished","-","","","2024-05-04T02:14:22.000Z","46","","","","","","","","","","","","MNIST","","","5","","","","","","","","","","","","","","","","","9","","","","","","0","tanh","tanh","simple_linear","256","none","1","2","0.001","0","0","0","0","0.5","0.1","0.05","BP","0","0","train","1","SGD","classification","none","0","0","0","0","./yaml/linear_mnist_bp.yaml","","","","","","","","","","","","","","","",""
"MNIST_classification_CCL","46.67929029464722","","finished","-","","","2024-05-04T02:14:35.000Z","68","","","","","","","","","","","","MNIST","","","5","","","","","","","","","","","","","","","","","4","","","","","","0","elu","elu","simple_linear","256","zero","1","0","0.001","0","0","1","1","0.5","0.5","0.5","CCL","0","0","train","1","SGD","classification","none","0","100","0","0","./yaml/linear_mnist_ccl.yaml","","","","","","","","","","","","","","","",""
"MNIST_classification_BP","39.655362129211426","","finished","-","","","2024-05-04T02:15:11.000Z","60","","","","","","","","","","","","MNIST","","","5","","","","","","","","","","","","","","","","","3","","","","","","0","tanh","tanh","simple_linear","256","none","1","2","0.001","0","0","0","0","0.5","0.1","0.05","BP","0","0","train","1","SGD","classification","none","0","0","0","0","./yaml/linear_mnist_bp.yaml","","","","","","","","","","","","","","","",""
"CIFAR10_classification_CCL","52.64129042625427","","finished","-","","","2024-05-04T02:15:14.000Z","68","","","","","","","","","","","","CIFAR10","","","5","","","","","","","","","","","","","","","","","9","","","","","","0","elu","elu","simple_linear","256","zero","1","0","0.001","0","0","1","1","0.5","0.5","0.5","CCL","0","0","train","3","SGD","classification","none","0","100","0","0","./yaml/linear_cifar10_ccl.yaml","","","","","","","","","","","","","","","",""
"MNIST_classification_BP","40.86054825782776","","finished","-","","","2024-05-04T02:15:52.000Z","59","","","","","","","","","","","","MNIST","","","5","","","","","","","","","","","","","","","","","4","","","","","","0","tanh","tanh","simple_linear","256","none","1","2","0.001","0","0","0","0","0.5","0.1","0.05","BP","0","0","train","1","SGD","classification","none","0","0","0","0","./yaml/linear_mnist_bp.yaml","","","","","","","","","","","","","","","",""
"CIFAR10_classification_CCL","69.508535861969","","finished","-","","","2024-05-04T02:16:21.000Z","91","","","","","","","","","","","","CIFAR10","","","5","","","","","","","","","","","","","","","","","3","","","","","","0","elu","elu","simple_linear","256","zero","1","0","0.001","0","0","1","1","0.5","0.5","0.5","CCL","0","0","train","3","SGD","classification","none","0","100","0","0","./yaml/linear_cifar10_ccl.yaml","","","","","","","","","","","","","","","",""
"CIFAR10_classification_BP","79.07438921928406","","finished","-","","","2024-05-04T02:16:29.000Z","95","","","","","","","","","","","","CIFAR10","","","5","","","","","","","","","","","","","","","","","9","","","","","","0","tanh","tanh","simple_linear","256","none","1","2","0.001","0","0","0","0","0.5","0.2","0.05","BP","0","0","train","3","SGD","classification","none","0","0","0","0","./yaml/linear_cifar10_bp.yaml","","","","","","","","","","","","","","","",""
"CIFAR10_classification_CCL","70.07078576087952","","finished","-","","","2024-05-04T02:16:58.000Z","92","","","","","","","","","","","","CIFAR10","","","5","","","","","","","","","","","","","","","","","4","","","","","","0","elu","elu","simple_linear","256","zero","1","0","0.001","0","0","1","1","0.5","0.5","0.5","CCL","0","0","train","3","SGD","classification","none","0","100","0","0","./yaml/linear_cifar10_ccl.yaml","","","","","","","","","","","","","","","",""
"CIFAR10_classification_BP","68.64997959136963","","finished","-","","","2024-05-04T02:18:02.000Z","90","","","","","","","","","","","","CIFAR10","","","5","","","","","","","","","","","","","","","","","3","","","","","","0","tanh","tanh","simple_linear","256","none","1","2","0.001","0","0","0","0","0.5","0.2","0.05","BP","0","0","train","3","SGD","classification","none","0","0","0","0","./yaml/linear_cifar10_bp.yaml","","","","","","","","","","","","","","","",""
"CIFAR10_classification_BP","358.5890853404999","","finished","-","","","2024-05-04T02:18:14.000Z","379","","","","","","","","","","","","CIFAR10","","","5","","","","","","","","","","","","","","","","","8","","","","","","0","tanh","tanh","simple_linear","256","none","1","2","0.001","0","0","0","0","0.5","0.2","0.05","BP","0","0","train","3","SGD","classification","none","0","0","0","0","./yaml/linear_cifar10_bp.yaml","","","","","","","","","","","","","","","",""
"CIFAR10_classification_BP","68.81895971298218","","finished","-","","","2024-05-04T02:18:39.000Z","93","","","","","","","","","","","","CIFAR10","","","5","","","","","","","","","","","","","","","","","4","","","","","","0","tanh","tanh","simple_linear","256","none","1","2","0.001","0","0","0","0","0.5","0.2","0.05","BP","0","0","train","3","SGD","classification","none","0","0","0","0","./yaml/linear_cifar10_bp.yaml","","","","","","","","","","","","","","","",""